date,city,service_id,service_name,actual_booking_count,predicted_booking_count
2026-07-31,Ahmedabad,srv-ac-01,AC Deep Foam Jet Servicing,11,11.33
2026-07-31,Ahmedabad,srv-carp-01,Carpentry & Furniture Assembly,9,6.45
2026-07-31,Ahmedabad,srv-clean-01,Full Home Deep Cleaning,8,8.63
2026-07-31,Ahmedabad,srv-cook-01,Home Chef & Meal Preparation,6,6.74
2026-07-31,Ahmedabad,srv-elder-01,Elder Assistance & Companionship,5,5.4
2026-07-31,Ahmedabad,srv-elec-01,Electrical Repair & Wiring,10,9.95
2026-07-31,Ahmedabad,srv-garden-01,Gardening & Balcony Greenery,4,4.93
2026-07-31,Ahmedabad,srv-move-01,Moving & Heavy Lifting Assistance,5,4.44
2026-07-31,Ahmedabad,srv-paint-01,Wall Painting & Waterproofing,2,2.54
2026-07-31,Ahmedabad,srv-pest-01,Organic Pest Control,5,5.89
2026-07-31,Ahmedabad,srv-plumb-01,Plumbing Repair & Leakage Fix,6,7.34
2026-07-31,Ahmedabad,srv-soc-clean-01,Society Common Area Sanitization,3,2.35
2026-07-31,Ahmedabad,srv-soc-event-01,Community Event Sound & Electrical Setup,2,1.94
2026-07-31,Ahmedabad,srv-soc-tank-01,Water Sump & Overhead Tank Cleaning,2,2.05
2026-07-31,Bengaluru,srv-ac-01,AC Deep Foam Jet Servicing,14,13.31
2026-07-31,Bengaluru,srv-carp-01,Carpentry & Furniture Assembly,9,8.67
2026-07-31,Bengaluru,srv-clean-01,Full Home Deep Cleaning,12,11.82
2026-07-31,Bengaluru,srv-cook-01,Home Chef & Meal Preparation,10,9.66
2026-07-31,Bengaluru,srv-elder-01,Elder Assistance & Companionship,7,8.82
2026-07-31,Bengaluru,srv-elec-01,Electrical Repair & Wiring,13,14.75
2026-07-31,Bengaluru,srv-garden-01,Gardening & Balcony Greenery,7,6.3
2026-07-31,Bengaluru,srv-move-01,Moving & Heavy Lifting Assistance,6,5.32
2026-07-31,Bengaluru,srv-paint-01,Wall Painting & Waterproofing,4,3.76
2026-07-31,Bengaluru,srv-pest-01,Organic Pest Control,9,8.05
2026-07-31,Bengaluru,srv-plumb-01,Plumbing Repair & Leakage Fix,19,10.41
2026-07-31,Bengaluru,srv-soc-clean-01,Society Common Area Sanitization,3,3.32
2026-07-31,Bengaluru,srv-soc-event-01,Community Event Sound & Electrical Setup,2,2.51
2026-07-31,Bengaluru,srv-soc-tank-01,Water Sump & Overhead Tank Cleaning,3,2.7
2026-07-31,Bhopal,srv-ac-01,AC Deep Foam Jet Servicing,8,8.52
2026-07-31,Bhopal,srv-carp-01,Carpentry & Furniture Assembly,5,4.78
2026-07-31,Bhopal,srv-clean-01,Full Home Deep Cleaning,7,7.33
2026-07-31,Bhopal,srv-cook-01,Home Chef & Meal Preparation,5,5.69
2026-07-31,Bhopal,srv-elder-01,Elder Assistance & Companionship,5,4.45
2026-07-31,Bhopal,srv-elec-01,Electrical Repair & Wiring,7,7.7
2026-07-31,Bhopal,srv-garden-01,Gardening & Balcony Greenery,4,3.54
2026-07-31,Bhopal,srv-move-01,Moving & Heavy Lifting Assistance,4,3.89
2026-07-31,Bhopal,srv-paint-01,Wall Painting & Waterproofing,2,2.06
2026-07-31,Bhopal,srv-pest-01,Organic Pest Control,4,5.01
2026-07-31,Bhopal,srv-plumb-01,Plumbing Repair & Leakage Fix,5,6.2
2026-07-31,Bhopal,srv-soc-clean-01,Society Common Area Sanitization,2,2.1
2026-07-31,Bhopal,srv-soc-event-01,Community Event Sound & Electrical Setup,1,1.24
2026-07-31,Bhopal,srv-soc-tank-01,Water Sump & Overhead Tank Cleaning,2,1.53
2026-07-31,Chennai,srv-ac-01,AC Deep Foam Jet Servicing,12,11.19
2026-07-31,Chennai,srv-carp-01,Carpentry & Furniture Assembly,8,7.02
2026-07-31,Chennai,srv-clean-01,Full Home Deep Cleaning,8,10.06
2026-07-31,Chennai,srv-cook-01,Home Chef & Meal Preparation,8,7.78
2026-07-31,Chennai,srv-elder-01,Elder Assistance & Companionship,7,5.74
2026-07-31,Chennai,srv-elec-01,Electrical Repair & Wiring,10,10.32
2026-07-31,Chennai,srv-garden-01,Gardening & Balcony Greenery,5,4.87
2026-07-31,Chennai,srv-move-01,Moving & Heavy Lifting Assistance,5,4.99
2026-07-31,Chennai,srv-paint-01,Wall Painting & Waterproofing,3,2.71
2026-07-31,Chennai,srv-pest-01,Organic Pest Control,6,6.35
2026-07-31,Chennai,srv-plumb-01,Plumbing Repair & Leakage Fix,9,8.48
2026-07-31,Chennai,srv-soc-clean-01,Society Common Area Sanitization,3,2.9
2026-07-31,Chennai,srv-soc-event-01,Community Event Sound & Electrical Setup,2,2.0
2026-07-31,Chennai,srv-soc-tank-01,Water Sump & Overhead Tank Cleaning,2,2.07
2026-07-31,Coimbatore,srv-ac-01,AC Deep Foam Jet Servicing,8,8.48
2026-07-31,Coimbatore,srv-carp-01,Carpentry & Furniture Assembly,5,5.01
2026-07-31,Coimbatore,srv-clean-01,Full Home Deep Cleaning,8,6.41
2026-07-31,Coimbatore,srv-cook-01,Home Chef & Meal Preparation,6,5.84
2026-07-31,Coimbatore,srv-elder-01,Elder Assistance & Companionship,4,4.4
2026-07-31,Coimbatore,srv-elec-01,Electrical Repair & Wiring,7,7.76
2026-07-31,Coimbatore,srv-garden-01,Gardening & Balcony Greenery,4,3.63
2026-07-31,Coimbatore,srv-move-01,Moving & Heavy Lifting Assistance,3,3.3
2026-07-31,Coimbatore,srv-paint-01,Wall Painting & Waterproofing,2,2.03
2026-07-31,Coimbatore,srv-pest-01,Organic Pest Control,4,4.82
2026-07-31,Coimbatore,srv-plumb-01,Plumbing Repair & Leakage Fix,5,6.45
2026-07-31,Coimbatore,srv-soc-clean-01,Society Common Area Sanitization,2,2.0
2026-07-31,Coimbatore,srv-soc-event-01,Community Event Sound & Electrical Setup,1,1.15
2026-07-31,Coimbatore,srv-soc-tank-01,Water Sump & Overhead Tank Cleaning,1,1.39
2026-07-31,Delhi NCR,srv-ac-01,AC Deep Foam Jet Servicing,14,13.55
2026-07-31,Delhi NCR,srv-carp-01,Carpentry & Furniture Assembly,10,9.07
2026-07-31,Delhi NCR,srv-clean-01,Full Home Deep Cleaning,12,11.89
2026-07-31,Delhi NCR,srv-cook-01,Home Chef & Meal Preparation,11,9.94
2026-07-31,Delhi NCR,srv-elder-01,Elder Assistance & Companionship,7,8.29
2026-07-31,Delhi NCR,srv-elec-01,Electrical Repair & Wiring,15,13.37
2026-07-31,Delhi NCR,srv-garden-01,Gardening & Balcony Greenery,7,6.81
2026-07-31,Delhi NCR,srv-move-01,Moving & Heavy Lifting Assistance,5,6.18
2026-07-31,Delhi NCR,srv-paint-01,Wall Painting & Waterproofing,4,4.19
2026-07-31,Delhi NCR,srv-pest-01,Organic Pest Control,9,8.69
2026-07-31,Delhi NCR,srv-plumb-01,Plumbing Repair & Leakage Fix,9,9.85
2026-07-31,Delhi NCR,srv-soc-clean-01,Society Common Area Sanitization,4,3.68
2026-07-31,Delhi NCR,srv-soc-event-01,Community Event Sound & Electrical Setup,4,2.37
2026-07-31,Delhi NCR,srv-soc-tank-01,Water Sump & Overhead Tank Cleaning,3,2.64
2026-07-31,Gurugram,srv-ac-01,AC Deep Foam Jet Servicing,9,10.97
2026-07-31,Gurugram,srv-carp-01,Carpentry & Furniture Assembly,5,6.75
2026-07-31,Gurugram,srv-clean-01,Full Home Deep Cleaning,8,8.82
2026-07-31,Gurugram,srv-cook-01,Home Chef & Meal Preparation,7,6.91
2026-07-31,Gurugram,srv-elder-01,Elder Assistance & Companionship,5,5.37
2026-07-31,Gurugram,srv-elec-01,Electrical Repair & Wiring,10,9.08
2026-07-31,Gurugram,srv-garden-01,Gardening & Balcony Greenery,5,4.45
2026-07-31,Gurugram,srv-move-01,Moving & Heavy Lifting Assistance,3,4.1
2026-07-31,Gurugram,srv-paint-01,Wall Painting & Waterproofing,3,2.57
2026-07-31,Gurugram,srv-pest-01,Organic Pest Control,6,6.24
2026-07-31,Gurugram,srv-plumb-01,Plumbing Repair & Leakage Fix,7,7.29
2026-07-31,Gurugram,srv-soc-clean-01,Society Common Area Sanitization,2,2.37
2026-07-31,Gurugram,srv-soc-event-01,Community Event Sound & Electrical Setup,2,2.05
2026-07-31,Gurugram,srv-soc-tank-01,Water Sump & Overhead Tank Cleaning,2,2.02
2026-07-31,Hyderabad,srv-ac-01,AC Deep Foam Jet Servicing,10,11.54
2026-07-31,Hyderabad,srv-carp-01,Carpentry & Furniture Assembly,8,7.72
2026-07-31,Hyderabad,srv-clean-01,Full Home Deep Cleaning,10,9.8
2026-07-31,Hyderabad,srv-cook-01,Home Chef & Meal Preparation,9,8.07
2026-07-31,Hyderabad,srv-elder-01,Elder Assistance & Companionship,7,6.16
2026-07-31,Hyderabad,srv-elec-01,Electrical Repair & Wiring,10,9.8
2026-07-31,Hyderabad,srv-garden-01,Gardening & Balcony Greenery,5,5.56
2026-07-31,Hyderabad,srv-move-01,Moving & Heavy Lifting Assistance,5,5.03
2026-07-31,Hyderabad,srv-paint-01,Wall Painting & Waterproofing,3,2.61
2026-07-31,Hyderabad,srv-pest-01,Organic Pest Control,10,6.7
2026-07-31,Hyderabad,srv-plumb-01,Plumbing Repair & Leakage Fix,9,8.95
2026-07-31,Hyderabad,srv-soc-clean-01,Society Common Area Sanitization,3,2.81
2026-07-31,Hyderabad,srv-soc-event-01,Community Event Sound & Electrical Setup,2,2.07
2026-07-31,Hyderabad,srv-soc-tank-01,Water Sump & Overhead Tank Cleaning,2,2.08
2026-07-31,Indore,srv-ac-01,AC Deep Foam Jet Servicing,10,10.22
2026-07-31,Indore,srv-carp-01,Carpentry & Furniture Assembly,5,5.49
2026-07-31,Indore,srv-clean-01,Full Home Deep Cleaning,7,6.71
2026-07-31,Indore,srv-cook-01,Home Chef & Meal Preparation,6,6.09
2026-07-31,Indore,srv-elder-01,Elder Assistance & Companionship,5,5.03
2026-07-31,Indore,srv-elec-01,Electrical Repair & Wiring,8,8.14
2026-07-31,Indore,srv-garden-01,Gardening & Balcony Greenery,4,3.81
2026-07-31,Indore,srv-move-01,Moving & Heavy Lifting Assistance,4,3.79
2026-07-31,Indore,srv-paint-01,Wall Painting & Waterproofing,2,2.18
2026-07-31,Indore,srv-pest-01,Organic Pest Control,5,5.22
2026-07-31,Indore,srv-plumb-01,Plumbing Repair & Leakage Fix,7,6.97
2026-07-31,Indore,srv-soc-clean-01,Society Common Area Sanitization,2,2.07
2026-07-31,Indore,srv-soc-event-01,Community Event Sound & Electrical Setup,2,1.4
2026-07-31,Indore,srv-soc-tank-01,Water Sump & Overhead Tank Cleaning,1,1.73
2026-07-31,Jaipur,srv-ac-01,AC Deep Foam Jet Servicing,8,9.62
2026-07-31,Jaipur,srv-carp-01,Carpentry & Furniture Assembly,6,5.45
2026-07-31,Jaipur,srv-clean-01,Full Home Deep Cleaning,8,7.91
2026-07-31,Jaipur,srv-cook-01,Home Chef & Meal Preparation,5,6.12
2026-07-31,Jaipur,srv-elder-01,Elder Assistance & Companionship,5,4.84
2026-07-31,Jaipur,srv-elec-01,Electrical Repair & Wiring,8,8.09
2026-07-31,Jaipur,srv-garden-01,Gardening & Balcony Greenery,4,4.19
2026-07-31,Jaipur,srv-move-01,Moving & Heavy Lifting Assistance,3,3.78
2026-07-31,Jaipur,srv-paint-01,Wall Painting & Waterproofing,2,2.35
2026-07-31,Jaipur,srv-pest-01,Organic Pest Control,5,5.2
2026-07-31,Jaipur,srv-plumb-01,Plumbing Repair & Leakage Fix,6,7.03
2026-07-31,Jaipur,srv-soc-clean-01,Society Common Area Sanitization,2,2.11
2026-07-31,Jaipur,srv-soc-event-01,Community Event Sound & Electrical Setup,2,1.71
2026-07-31,Jaipur,srv-soc-tank-01,Water Sump & Overhead Tank Cleaning,2,2.0
2026-07-31,Kochi,srv-ac-01,AC Deep Foam Jet Servicing,8,9.06
2026-07-31,Kochi,srv-carp-01,Carpentry & Furniture Assembly,6,5.53
2026-07-31,Kochi,srv-clean-01,Full Home Deep Cleaning,6,7.18
2026-07-31,Kochi,srv-cook-01,Home Chef & Meal Preparation,5,5.87
2026-07-31,Kochi,srv-elder-01,Elder Assistance & Companionship,4,4.5
2026-07-31,Kochi,srv-elec-01,Electrical Repair & Wiring,8,7.87
2026-07-31,Kochi,srv-garden-01,Gardening & Balcony Greenery,3,3.39
2026-07-31,Kochi,srv-move-01,Moving & Heavy Lifting Assistance,5,3.83
2026-07-31,Kochi,srv-paint-01,Wall Painting & Waterproofing,2,2.26
2026-07-31,Kochi,srv-pest-01,Organic Pest Control,5,4.7
2026-07-31,Kochi,srv-plumb-01,Plumbing Repair & Leakage Fix,6,6.61
2026-07-31,Kochi,srv-soc-clean-01,Society Common Area Sanitization,2,2.11
2026-07-31,Kochi,srv-soc-event-01,Community Event Sound & Electrical Setup,1,1.32
2026-07-31,Kochi,srv-soc-tank-01,Water Sump & Overhead Tank Cleaning,1,1.62
2026-07-31,Kolkata,srv-ac-01,AC Deep Foam Jet Servicing,11,12.55
2026-07-31,Kolkata,srv-carp-01,Carpentry & Furniture Assembly,7,7.5
2026-07-31,Kolkata,srv-clean-01,Full Home Deep Cleaning,9,11.95
2026-07-31,Kolkata,srv-cook-01,Home Chef & Meal Preparation,8,8.35
2026-07-31,Kolkata,srv-elder-01,Elder Assistance & Companionship,7,6.48
2026-07-31,Kolkata,srv-elec-01,Electrical Repair & Wiring,11,11.37
2026-07-31,Kolkata,srv-garden-01,Gardening & Balcony Greenery,5,5.9
2026-07-31,Kolkata,srv-move-01,Moving & Heavy Lifting Assistance,5,4.62
2026-07-31,Kolkata,srv-paint-01,Wall Painting & Waterproofing,3,3.09
2026-07-31,Kolkata,srv-pest-01,Organic Pest Control,8,7.06
2026-07-31,Kolkata,srv-plumb-01,Plumbing Repair & Leakage Fix,10,8.98
2026-07-31,Kolkata,srv-soc-clean-01,Society Common Area Sanitization,3,3.21
2026-07-31,Kolkata,srv-soc-event-01,Community Event Sound & Electrical Setup,2,2.09
2026-07-31,Kolkata,srv-soc-tank-01,Water Sump & Overhead Tank Cleaning,2,2.11
2026-07-31,Lucknow,srv-ac-01,AC Deep Foam Jet Servicing,9,9.51
2026-07-31,Lucknow,srv-carp-01,Carpentry & Furniture Assembly,6,5.8
2026-07-31,Lucknow,srv-clean-01,Full Home Deep Cleaning,7,8.34
2026-07-31,Lucknow,srv-cook-01,Home Chef & Meal Preparation,6,7.35
2026-07-31,Lucknow,srv-elder-01,Elder Assistance & Companionship,5,4.95
2026-07-31,Lucknow,srv-elec-01,Electrical Repair & Wiring,8,9.35
2026-07-31,Lucknow,srv-garden-01,Gardening & Balcony Greenery,4,4.3
2026-07-31,Lucknow,srv-move-01,Moving & Heavy Lifting Assistance,4,3.82
2026-07-31,Lucknow,srv-paint-01,Wall Painting & Waterproofing,2,2.51
2026-07-31,Lucknow,srv-pest-01,Organic Pest Control,6,5.91
2026-07-31,Lucknow,srv-plumb-01,Plumbing Repair & Leakage Fix,6,7.06
2026-07-31,Lucknow,srv-soc-clean-01,Society Common Area Sanitization,2,2.24
2026-07-31,Lucknow,srv-soc-event-01,Community Event Sound & Electrical Setup,2,1.84
2026-07-31,Lucknow,srv-soc-tank-01,Water Sump & Overhead Tank Cleaning,2,1.82
2026-07-31,Mumbai,srv-ac-01,AC Deep Foam Jet Servicing,13,13.98
2026-07-31,Mumbai,srv-carp-01,Carpentry & Furniture Assembly,8,9.14
2026-07-31,Mumbai,srv-clean-01,Full Home Deep Cleaning,10,12.86
2026-07-31,Mumbai,srv-cook-01,Home Chef & Meal Preparation,9,10.09
2026-07-31,Mumbai,srv-elder-01,Elder Assistance & Companionship,8,7.94
2026-07-31,Mumbai,srv-elec-01,Electrical Repair & Wiring,20,12.76
2026-07-31,Mumbai,srv-garden-01,Gardening & Balcony Greenery,7,6.65
2026-07-31,Mumbai,srv-move-01,Moving & Heavy Lifting Assistance,6,6.17
2026-07-31,Mumbai,srv-paint-01,Wall Painting & Waterproofing,3,3.96
2026-07-31,Mumbai,srv-pest-01,Organic Pest Control,8,8.67
2026-07-31,Mumbai,srv-plumb-01,Plumbing Repair & Leakage Fix,11,10.72
2026-07-31,Mumbai,srv-soc-clean-01,Society Common Area Sanitization,3,3.93
2026-07-31,Mumbai,srv-soc-event-01,Community Event Sound & Electrical Setup,2,2.14
2026-07-31,Mumbai,srv-soc-tank-01,Water Sump & Overhead Tank Cleaning,2,2.54
2026-07-31,Nagpur,srv-ac-01,AC Deep Foam Jet Servicing,9,8.71
2026-07-31,Nagpur,srv-carp-01,Carpentry & Furniture Assembly,7,5.36
2026-07-31,Nagpur,srv-clean-01,Full Home Deep Cleaning,7,7.35
2026-07-31,Nagpur,srv-cook-01,Home Chef & Meal Preparation,5,5.58
2026-07-31,Nagpur,srv-elder-01,Elder Assistance & Companionship,4,4.7
2026-07-31,Nagpur,srv-elec-01,Electrical Repair & Wiring,7,7.51
2026-07-31,Nagpur,srv-garden-01,Gardening & Balcony Greenery,3,3.74
2026-07-31,Nagpur,srv-move-01,Moving & Heavy Lifting Assistance,3,3.79
2026-07-31,Nagpur,srv-paint-01,Wall Painting & Waterproofing,2,2.19
2026-07-31,Nagpur,srv-pest-01,Organic Pest Control,6,5.07
2026-07-31,Nagpur,srv-plumb-01,Plumbing Repair & Leakage Fix,6,6.26
2026-07-31,Nagpur,srv-soc-clean-01,Society Common Area Sanitization,2,2.1
2026-07-31,Nagpur,srv-soc-event-01,Community Event Sound & Electrical Setup,2,1.5
2026-07-31,Nagpur,srv-soc-tank-01,Water Sump & Overhead Tank Cleaning,2,1.68
2026-07-31,Patna,srv-ac-01,AC Deep Foam Jet Servicing,8,8.13
2026-07-31,Patna,srv-carp-01,Carpentry & Furniture Assembly,5,5.27
2026-07-31,Patna,srv-clean-01,Full Home Deep Cleaning,7,7.31
2026-07-31,Patna,srv-cook-01,Home Chef & Meal Preparation,5,5.84
2026-07-31,Patna,srv-elder-01,Elder Assistance & Companionship,4,4.77
2026-07-31,Patna,srv-elec-01,Electrical Repair & Wiring,9,8.1
2026-07-31,Patna,srv-garden-01,Gardening & Balcony Greenery,3,3.4
2026-07-31,Patna,srv-move-01,Moving & Heavy Lifting Assistance,4,3.95
2026-07-31,Patna,srv-paint-01,Wall Painting & Waterproofing,2,2.1
2026-07-31,Patna,srv-pest-01,Organic Pest Control,5,5.56
2026-07-31,Patna,srv-plumb-01,Plumbing Repair & Leakage Fix,5,6.55
2026-07-31,Patna,srv-soc-clean-01,Society Common Area Sanitization,2,2.05
2026-07-31,Patna,srv-soc-event-01,Community Event Sound & Electrical Setup,1,1.23
2026-07-31,Patna,srv-soc-tank-01,Water Sump & Overhead Tank Cleaning,3,1.5
2026-07-31,Pune,srv-ac-01,AC Deep Foam Jet Servicing,11,10.02
2026-07-31,Pune,srv-carp-01,Carpentry & Furniture Assembly,12,6.31
2026-07-31,Pune,srv-clean-01,Full Home Deep Cleaning,8,8.76
2026-07-31,Pune,srv-cook-01,Home Chef & Meal Preparation,8,7.09
2026-07-31,Pune,srv-elder-01,Elder Assistance & Companionship,6,5.54
2026-07-31,Pune,srv-elec-01,Electrical Repair & Wiring,9,9.88
2026-07-31,Pune,srv-garden-01,Gardening & Balcony Greenery,4,4.7
2026-07-31,Pune,srv-move-01,Moving & Heavy Lifting Assistance,4,4.21
2026-07-31,Pune,srv-paint-01,Wall Painting & Waterproofing,3,2.78
2026-07-31,Pune,srv-pest-01,Organic Pest Control,7,6.19
2026-07-31,Pune,srv-plumb-01,Plumbing Repair & Leakage Fix,7,7.57
2026-07-31,Pune,srv-soc-clean-01,Society Common Area Sanitization,3,2.53
2026-07-31,Pune,srv-soc-event-01,Community Event Sound & Electrical Setup,2,1.85
2026-07-31,Pune,srv-soc-tank-01,Water Sump & Overhead Tank Cleaning,2,2.02
2026-07-31,Surat,srv-ac-01,AC Deep Foam Jet Servicing,9,9.02
2026-07-31,Surat,srv-carp-01,Carpentry & Furniture Assembly,5,5.34
2026-07-31,Surat,srv-clean-01,Full Home Deep Cleaning,7,7.57
2026-07-31,Surat,srv-cook-01,Home Chef & Meal Preparation,6,5.87
2026-07-31,Surat,srv-elder-01,Elder Assistance & Companionship,4,4.52
2026-07-31,Surat,srv-elec-01,Electrical Repair & Wiring,17,8.71
2026-07-31,Surat,srv-garden-01,Gardening & Balcony Greenery,4,3.61
2026-07-31,Surat,srv-move-01,Moving & Heavy Lifting Assistance,4,3.87
2026-07-31,Surat,srv-paint-01,Wall Painting & Waterproofing,2,2.2
2026-07-31,Surat,srv-pest-01,Organic Pest Control,6,5.16
2026-07-31,Surat,srv-plumb-01,Plumbing Repair & Leakage Fix,7,6.37
2026-07-31,Surat,srv-soc-clean-01,Society Common Area Sanitization,2,2.25
2026-07-31,Surat,srv-soc-event-01,Community Event Sound & Electrical Setup,1,1.6
2026-07-31,Surat,srv-soc-tank-01,Water Sump & Overhead Tank Cleaning,1,1.93
2026-07-31,Vadodara,srv-ac-01,AC Deep Foam Jet Servicing,7,8.44
2026-07-31,Vadodara,srv-carp-01,Carpentry & Furniture Assembly,5,4.81
2026-07-31,Vadodara,srv-clean-01,Full Home Deep Cleaning,6,6.89
2026-07-31,Vadodara,srv-cook-01,Home Chef & Meal Preparation,5,5.56
2026-07-31,Vadodara,srv-elder-01,Elder Assistance & Companionship,5,4.86
2026-07-31,Vadodara,srv-elec-01,Electrical Repair & Wiring,8,7.52
2026-07-31,Vadodara,srv-garden-01,Gardening & Balcony Greenery,3,3.35
2026-07-31,Vadodara,srv-move-01,Moving & Heavy Lifting Assistance,3,3.24
2026-07-31,Vadodara,srv-paint-01,Wall Painting & Waterproofing,2,2.19
2026-07-31,Vadodara,srv-pest-01,Organic Pest Control,5,4.88
2026-07-31,Vadodara,srv-plumb-01,Plumbing Repair & Leakage Fix,9,5.92
2026-07-31,Vadodara,srv-soc-clean-01,Society Common Area Sanitization,2,2.03
2026-07-31,Vadodara,srv-soc-event-01,Community Event Sound & Electrical Setup,1,1.23
2026-07-31,Vadodara,srv-soc-tank-01,Water Sump & Overhead Tank Cleaning,2,1.55
2026-07-31,Visakhapatnam,srv-ac-01,AC Deep Foam Jet Servicing,8,8.21
2026-07-31,Visakhapatnam,srv-carp-01,Carpentry & Furniture Assembly,4,4.86
2026-07-31,Visakhapatnam,srv-clean-01,Full Home Deep Cleaning,11,6.75
2026-07-31,Visakhapatnam,srv-cook-01,Home Chef & Meal Preparation,5,5.59
2026-07-31,Visakhapatnam,srv-elder-01,Elder Assistance & Companionship,5,4.65
2026-07-31,Visakhapatnam,srv-elec-01,Electrical Repair & Wiring,8,7.44
2026-07-31,Visakhapatnam,srv-garden-01,Gardening & Balcony Greenery,4,4.18
2026-07-31,Visakhapatnam,srv-move-01,Moving & Heavy Lifting Assistance,3,3.63
2026-07-31,Visakhapatnam,srv-paint-01,Wall Painting & Waterproofing,3,2.1
2026-07-31,Visakhapatnam,srv-pest-01,Organic Pest Control,4,5.16
2026-07-31,Visakhapatnam,srv-plumb-01,Plumbing Repair & Leakage Fix,6,6.51
2026-07-31,Visakhapatnam,srv-soc-clean-01,Society Common Area Sanitization,2,2.12
2026-07-31,Visakhapatnam,srv-soc-event-01,Community Event Sound & Electrical Setup,1,1.31
2026-07-31,Visakhapatnam,srv-soc-tank-01,Water Sump & Overhead Tank Cleaning,3,1.51
2026-08-01,Ahmedabad,srv-ac-01,AC Deep Foam Jet Servicing,10,11.29
2026-08-01,Ahmedabad,srv-carp-01,Carpentry & Furniture Assembly,7,6.8
2026-08-01,Ahmedabad,srv-clean-01,Full Home Deep Cleaning,16,15.39
2026-08-01,Ahmedabad,srv-cook-01,Home Chef & Meal Preparation,6,6.66
2026-08-01,Ahmedabad,srv-elder-01,Elder Assistance & Companionship,5,4.84
2026-08-01,Ahmedabad,srv-elec-01,Electrical Repair & Wiring,9,8.47
2026-08-01,Ahmedabad,srv-garden-01,Gardening & Balcony Greenery,7,6.68
2026-08-01,Ahmedabad,srv-move-01,Moving & Heavy Lifting Assistance,8,7.83
2026-08-01,Ahmedabad,srv-paint-01,Wall Painting & Waterproofing,5,3.39
2026-08-01,Ahmedabad,srv-pest-01,Organic Pest Control,6,6.98
2026-08-01,Ahmedabad,srv-plumb-01,Plumbing Repair & Leakage Fix,9,7.94
2026-08-01,Ahmedabad,srv-soc-clean-01,Society Common Area Sanitization,3,3.11
2026-08-01,Ahmedabad,srv-soc-event-01,Community Event Sound & Electrical Setup,4,4.15
2026-08-01,Ahmedabad,srv-soc-tank-01,Water Sump & Overhead Tank Cleaning,3,2.54
2026-08-01,Bengaluru,srv-ac-01,AC Deep Foam Jet Servicing,15,15.95
2026-08-01,Bengaluru,srv-carp-01,Carpentry & Furniture Assembly,9,10.02
2026-08-01,Bengaluru,srv-clean-01,Full Home Deep Cleaning,20,21.63
2026-08-01,Bengaluru,srv-cook-01,Home Chef & Meal Preparation,10,10.75
2026-08-01,Bengaluru,srv-elder-01,Elder Assistance & Companionship,7,6.92
2026-08-01,Bengaluru,srv-elec-01,Electrical Repair & Wiring,11,10.69
2026-08-01,Bengaluru,srv-garden-01,Gardening & Balcony Greenery,15,8.74
2026-08-01,Bengaluru,srv-move-01,Moving & Heavy Lifting Assistance,13,9.92
2026-08-01,Bengaluru,srv-paint-01,Wall Painting & Waterproofing,5,4.89
2026-08-01,Bengaluru,srv-pest-01,Organic Pest Control,11,9.77
2026-08-01,Bengaluru,srv-plumb-01,Plumbing Repair & Leakage Fix,12,14.04
2026-08-01,Bengaluru,srv-soc-clean-01,Society Common Area Sanitization,5,4.25
2026-08-01,Bengaluru,srv-soc-event-01,Community Event Sound & Electrical Setup,6,5.28
2026-08-01,Bengaluru,srv-soc-tank-01,Water Sump & Overhead Tank Cleaning,3,3.89
2026-08-01,Bhopal,srv-ac-01,AC Deep Foam Jet Servicing,8,9.52
2026-08-01,Bhopal,srv-carp-01,Carpentry & Furniture Assembly,6,5.57
2026-08-01,Bhopal,srv-clean-01,Full Home Deep Cleaning,12,12.9
2026-08-01,Bhopal,srv-cook-01,Home Chef & Meal Preparation,6,5.9
2026-08-01,Bhopal,srv-elder-01,Elder Assistance & Companionship,4,3.82
2026-08-01,Bhopal,srv-elec-01,Electrical Repair & Wiring,7,5.92
2026-08-01,Bhopal,srv-garden-01,Gardening & Balcony Greenery,7,5.12
2026-08-01,Bhopal,srv-move-01,Moving & Heavy Lifting Assistance,7,7.2
2026-08-01,Bhopal,srv-paint-01,Wall Painting & Waterproofing,3,2.9
2026-08-01,Bhopal,srv-pest-01,Organic Pest Control,5,5.41
2026-08-01,Bhopal,srv-plumb-01,Plumbing Repair & Leakage Fix,7,6.63
2026-08-01,Bhopal,srv-soc-clean-01,Society Common Area Sanitization,3,2.74
2026-08-01,Bhopal,srv-soc-event-01,Community Event Sound & Electrical Setup,3,3.16
2026-08-01,Bhopal,srv-soc-tank-01,Water Sump & Overhead Tank Cleaning,2,2.09
2026-08-01,Chennai,srv-ac-01,AC Deep Foam Jet Servicing,10,13.87
2026-08-01,Chennai,srv-carp-01,Carpentry & Furniture Assembly,8,7.3
2026-08-01,Chennai,srv-clean-01,Full Home Deep Cleaning,16,17.51
2026-08-01,Chennai,srv-cook-01,Home Chef & Meal Preparation,8,7.73
2026-08-01,Chennai,srv-elder-01,Elder Assistance & Companionship,6,5.77
2026-08-01,Chennai,srv-elec-01,Electrical Repair & Wiring,10,8.07
2026-08-01,Chennai,srv-garden-01,Gardening & Balcony Greenery,11,7.17
2026-08-01,Chennai,srv-move-01,Moving & Heavy Lifting Assistance,9,9.4
2026-08-01,Chennai,srv-paint-01,Wall Painting & Waterproofing,4,3.81
2026-08-01,Chennai,srv-pest-01,Organic Pest Control,8,7.22
2026-08-01,Chennai,srv-plumb-01,Plumbing Repair & Leakage Fix,10,8.99
2026-08-01,Chennai,srv-soc-clean-01,Society Common Area Sanitization,4,3.69
2026-08-01,Chennai,srv-soc-event-01,Community Event Sound & Electrical Setup,4,4.43
2026-08-01,Chennai,srv-soc-tank-01,Water Sump & Overhead Tank Cleaning,3,2.83
2026-08-01,Coimbatore,srv-ac-01,AC Deep Foam Jet Servicing,8,10.12
2026-08-01,Coimbatore,srv-carp-01,Carpentry & Furniture Assembly,11,5.56
2026-08-01,Coimbatore,srv-clean-01,Full Home Deep Cleaning,12,13.48
2026-08-01,Coimbatore,srv-cook-01,Home Chef & Meal Preparation,5,5.68
2026-08-01,Coimbatore,srv-elder-01,Elder Assistance & Companionship,4,3.99
2026-08-01,Coimbatore,srv-elec-01,Electrical Repair & Wiring,7,7.02
2026-08-01,Coimbatore,srv-garden-01,Gardening & Balcony Greenery,6,5.53
2026-08-01,Coimbatore,srv-move-01,Moving & Heavy Lifting Assistance,6,6.77
2026-08-01,Coimbatore,srv-paint-01,Wall Painting & Waterproofing,3,2.81
2026-08-01,Coimbatore,srv-pest-01,Organic Pest Control,7,5.66
2026-08-01,Coimbatore,srv-plumb-01,Plumbing Repair & Leakage Fix,7,6.85
2026-08-01,Coimbatore,srv-soc-clean-01,Society Common Area Sanitization,3,2.39
2026-08-01,Coimbatore,srv-soc-event-01,Community Event Sound & Electrical Setup,3,3.59
2026-08-01,Coimbatore,srv-soc-tank-01,Water Sump & Overhead Tank Cleaning,2,1.99
2026-08-01,Delhi NCR,srv-ac-01,AC Deep Foam Jet Servicing,14,17.14
2026-08-01,Delhi NCR,srv-carp-01,Carpentry & Furniture Assembly,10,10.45
2026-08-01,Delhi NCR,srv-clean-01,Full Home Deep Cleaning,31,21.58
2026-08-01,Delhi NCR,srv-cook-01,Home Chef & Meal Preparation,8,10.05
2026-08-01,Delhi NCR,srv-elder-01,Elder Assistance & Companionship,7,6.88
2026-08-01,Delhi NCR,srv-elec-01,Electrical Repair & Wiring,13,10.67
2026-08-01,Delhi NCR,srv-garden-01,Gardening & Balcony Greenery,13,8.87
2026-08-01,Delhi NCR,srv-move-01,Moving & Heavy Lifting Assistance,12,9.51
2026-08-01,Delhi NCR,srv-paint-01,Wall Painting & Waterproofing,6,5.33
2026-08-01,Delhi NCR,srv-pest-01,Organic Pest Control,11,10.96
2026-08-01,Delhi NCR,srv-plumb-01,Plumbing Repair & Leakage Fix,13,12.12
2026-08-01,Delhi NCR,srv-soc-clean-01,Society Common Area Sanitization,7,4.88
2026-08-01,Delhi NCR,srv-soc-event-01,Community Event Sound & Electrical Setup,6,5.05
2026-08-01,Delhi NCR,srv-soc-tank-01,Water Sump & Overhead Tank Cleaning,3,3.97
2026-08-01,Gurugram,srv-ac-01,AC Deep Foam Jet Servicing,9,12.58
2026-08-01,Gurugram,srv-carp-01,Carpentry & Furniture Assembly,7,6.84
2026-08-01,Gurugram,srv-clean-01,Full Home Deep Cleaning,15,14.43
2026-08-01,Gurugram,srv-cook-01,Home Chef & Meal Preparation,8,6.62
2026-08-01,Gurugram,srv-elder-01,Elder Assistance & Companionship,6,4.93
2026-08-01,Gurugram,srv-elec-01,Electrical Repair & Wiring,7,8.58
2026-08-01,Gurugram,srv-garden-01,Gardening & Balcony Greenery,8,6.05
2026-08-01,Gurugram,srv-move-01,Moving & Heavy Lifting Assistance,9,7.37
2026-08-01,Gurugram,srv-paint-01,Wall Painting & Waterproofing,4,3.68
2026-08-01,Gurugram,srv-pest-01,Organic Pest Control,7,7.37
2026-08-01,Gurugram,srv-plumb-01,Plumbing Repair & Leakage Fix,9,7.58
2026-08-01,Gurugram,srv-soc-clean-01,Society Common Area Sanitization,3,2.92
2026-08-01,Gurugram,srv-soc-event-01,Community Event Sound & Electrical Setup,4,4.28
2026-08-01,Gurugram,srv-soc-tank-01,Water Sump & Overhead Tank Cleaning,3,2.41
2026-08-01,Hyderabad,srv-ac-01,AC Deep Foam Jet Servicing,22,13.03
2026-08-01,Hyderabad,srv-carp-01,Carpentry & Furniture Assembly,7,9.89
2026-08-01,Hyderabad,srv-clean-01,Full Home Deep Cleaning,19,20.04
2026-08-01,Hyderabad,srv-cook-01,Home Chef & Meal Preparation,7,8.46
2026-08-01,Hyderabad,srv-elder-01,Elder Assistance & Companionship,5,5.81
2026-08-01,Hyderabad,srv-elec-01,Electrical Repair & Wiring,8,8.28
2026-08-01,Hyderabad,srv-garden-01,Gardening & Balcony Greenery,11,6.82
2026-08-01,Hyderabad,srv-move-01,Moving & Heavy Lifting Assistance,9,9.55
2026-08-01,Hyderabad,srv-paint-01,Wall Painting & Waterproofing,5,4.21
2026-08-01,Hyderabad,srv-pest-01,Organic Pest Control,7,8.34
2026-08-01,Hyderabad,srv-plumb-01,Plumbing Repair & Leakage Fix,9,11.2
2026-08-01,Hyderabad,srv-soc-clean-01,Society Common Area Sanitization,4,3.68
2026-08-01,Hyderabad,srv-soc-event-01,Community Event Sound & Electrical Setup,5,4.96
2026-08-01,Hyderabad,srv-soc-tank-01,Water Sump & Overhead Tank Cleaning,3,3.12
2026-08-01,Indore,srv-ac-01,AC Deep Foam Jet Servicing,10,10.49
2026-08-01,Indore,srv-carp-01,Carpentry & Furniture Assembly,7,6.34
2026-08-01,Indore,srv-clean-01,Full Home Deep Cleaning,13,13.66
2026-08-01,Indore,srv-cook-01,Home Chef & Meal Preparation,6,6.14
2026-08-01,Indore,srv-elder-01,Elder Assistance & Companionship,4,4.63
2026-08-01,Indore,srv-elec-01,Electrical Repair & Wiring,6,6.34
2026-08-01,Indore,srv-garden-01,Gardening & Balcony Greenery,6,5.58
2026-08-01,Indore,srv-move-01,Moving & Heavy Lifting Assistance,8,7.63
2026-08-01,Indore,srv-paint-01,Wall Painting & Waterproofing,3,3.07
2026-08-01,Indore,srv-pest-01,Organic Pest Control,7,5.82
2026-08-01,Indore,srv-plumb-01,Plumbing Repair & Leakage Fix,8,7.32
2026-08-01,Indore,srv-soc-clean-01,Society Common Area Sanitization,3,2.44
2026-08-01,Indore,srv-soc-event-01,Community Event Sound & Electrical Setup,5,3.39
2026-08-01,Indore,srv-soc-tank-01,Water Sump & Overhead Tank Cleaning,3,2.14
2026-08-01,Jaipur,srv-ac-01,AC Deep Foam Jet Servicing,8,10.02
2026-08-01,Jaipur,srv-carp-01,Carpentry & Furniture Assembly,7,6.21
2026-08-01,Jaipur,srv-clean-01,Full Home Deep Cleaning,14,13.54
2026-08-01,Jaipur,srv-cook-01,Home Chef & Meal Preparation,7,5.99
2026-08-01,Jaipur,srv-elder-01,Elder Assistance & Companionship,4,5.26
2026-08-01,Jaipur,srv-elec-01,Electrical Repair & Wiring,8,6.68
2026-08-01,Jaipur,srv-garden-01,Gardening & Balcony Greenery,7,5.5
2026-08-01,Jaipur,srv-move-01,Moving & Heavy Lifting Assistance,8,7.6
2026-08-01,Jaipur,srv-paint-01,Wall Painting & Waterproofing,3,3.38
2026-08-01,Jaipur,srv-pest-01,Organic Pest Control,7,5.85
2026-08-01,Jaipur,srv-plumb-01,Plumbing Repair & Leakage Fix,7,7.3
2026-08-01,Jaipur,srv-soc-clean-01,Society Common Area Sanitization,3,2.75
2026-08-01,Jaipur,srv-soc-event-01,Community Event Sound & Electrical Setup,3,3.74
2026-08-01,Jaipur,srv-soc-tank-01,Water Sump & Overhead Tank Cleaning,2,2.35
2026-08-01,Kochi,srv-ac-01,AC Deep Foam Jet Servicing,8,9.89
2026-08-01,Kochi,srv-carp-01,Carpentry & Furniture Assembly,5,6.2
2026-08-01,Kochi,srv-clean-01,Full Home Deep Cleaning,12,13.52
2026-08-01,Kochi,srv-cook-01,Home Chef & Meal Preparation,7,5.82
2026-08-01,Kochi,srv-elder-01,Elder Assistance & Companionship,4,4.3
2026-08-01,Kochi,srv-elec-01,Electrical Repair & Wiring,7,6.02
2026-08-01,Kochi,srv-garden-01,Gardening & Balcony Greenery,7,5.4
2026-08-01,Kochi,srv-move-01,Moving & Heavy Lifting Assistance,8,7.8
2026-08-01,Kochi,srv-paint-01,Wall Painting & Waterproofing,3,3.66
2026-08-01,Kochi,srv-pest-01,Organic Pest Control,7,5.63
2026-08-01,Kochi,srv-plumb-01,Plumbing Repair & Leakage Fix,7,7.07
2026-08-01,Kochi,srv-soc-clean-01,Society Common Area Sanitization,3,2.83
2026-08-01,Kochi,srv-soc-event-01,Community Event Sound & Electrical Setup,3,3.48
2026-08-01,Kochi,srv-soc-tank-01,Water Sump & Overhead Tank Cleaning,2,2.14
2026-08-01,Kolkata,srv-ac-01,AC Deep Foam Jet Servicing,11,15.43
2026-08-01,Kolkata,srv-carp-01,Carpentry & Furniture Assembly,8,9.82
2026-08-01,Kolkata,srv-clean-01,Full Home Deep Cleaning,19,21.6
2026-08-01,Kolkata,srv-cook-01,Home Chef & Meal Preparation,8,8.51
2026-08-01,Kolkata,srv-elder-01,Elder Assistance & Companionship,7,6.45
2026-08-01,Kolkata,srv-elec-01,Electrical Repair & Wiring,9,8.77
2026-08-01,Kolkata,srv-garden-01,Gardening & Balcony Greenery,10,8.35
2026-08-01,Kolkata,srv-move-01,Moving & Heavy Lifting Assistance,12,8.65
2026-08-01,Kolkata,srv-paint-01,Wall Painting & Waterproofing,5,4.15
2026-08-01,Kolkata,srv-pest-01,Organic Pest Control,8,8.57
2026-08-01,Kolkata,srv-plumb-01,Plumbing Repair & Leakage Fix,10,9.46
2026-08-01,Kolkata,srv-soc-clean-01,Society Common Area Sanitization,8,3.89
2026-08-01,Kolkata,srv-soc-event-01,Community Event Sound & Electrical Setup,5,4.43
2026-08-01,Kolkata,srv-soc-tank-01,Water Sump & Overhead Tank Cleaning,3,3.02
2026-08-01,Lucknow,srv-ac-01,AC Deep Foam Jet Servicing,9,11.35
2026-08-01,Lucknow,srv-carp-01,Carpentry & Furniture Assembly,6,6.47
2026-08-01,Lucknow,srv-clean-01,Full Home Deep Cleaning,13,14.23
2026-08-01,Lucknow,srv-cook-01,Home Chef & Meal Preparation,7,6.9
2026-08-01,Lucknow,srv-elder-01,Elder Assistance & Companionship,5,4.66
2026-08-01,Lucknow,srv-elec-01,Electrical Repair & Wiring,7,7.84
2026-08-01,Lucknow,srv-garden-01,Gardening & Balcony Greenery,9,6.21
2026-08-01,Lucknow,srv-move-01,Moving & Heavy Lifting Assistance,8,7.83
2026-08-01,Lucknow,srv-paint-01,Wall Painting & Waterproofing,3,3.81
2026-08-01,Lucknow,srv-pest-01,Organic Pest Control,7,6.93
2026-08-01,Lucknow,srv-plumb-01,Plumbing Repair & Leakage Fix,8,7.24
2026-08-01,Lucknow,srv-soc-clean-01,Society Common Area Sanitization,3,2.98
2026-08-01,Lucknow,srv-soc-event-01,Community Event Sound & Electrical Setup,4,4.09
2026-08-01,Lucknow,srv-soc-tank-01,Water Sump & Overhead Tank Cleaning,3,2.38
2026-08-01,Mumbai,srv-ac-01,AC Deep Foam Jet Servicing,12,16.83
2026-08-01,Mumbai,srv-carp-01,Carpentry & Furniture Assembly,12,11.34
2026-08-01,Mumbai,srv-clean-01,Full Home Deep Cleaning,26,24.99
2026-08-01,Mumbai,srv-cook-01,Home Chef & Meal Preparation,9,9.77
2026-08-01,Mumbai,srv-elder-01,Elder Assistance & Companionship,7,7.6
2026-08-01,Mumbai,srv-elec-01,Electrical Repair & Wiring,10,11.56
2026-08-01,Mumbai,srv-garden-01,Gardening & Balcony Greenery,13,10.08
2026-08-01,Mumbai,srv-move-01,Moving & Heavy Lifting Assistance,23,8.69
2026-08-01,Mumbai,srv-paint-01,Wall Painting & Waterproofing,5,6.74
2026-08-01,Mumbai,srv-pest-01,Organic Pest Control,10,9.49
2026-08-01,Mumbai,srv-plumb-01,Plumbing Repair & Leakage Fix,10,12.44
2026-08-01,Mumbai,srv-soc-clean-01,Society Common Area Sanitization,6,4.48
2026-08-01,Mumbai,srv-soc-event-01,Community Event Sound & Electrical Setup,5,5.11
2026-08-01,Mumbai,srv-soc-tank-01,Water Sump & Overhead Tank Cleaning,4,4.14
2026-08-01,Nagpur,srv-ac-01,AC Deep Foam Jet Servicing,7,10.09
2026-08-01,Nagpur,srv-carp-01,Carpentry & Furniture Assembly,6,5.99
2026-08-01,Nagpur,srv-clean-01,Full Home Deep Cleaning,15,14.39
2026-08-01,Nagpur,srv-cook-01,Home Chef & Meal Preparation,6,5.36
2026-08-01,Nagpur,srv-elder-01,Elder Assistance & Companionship,4,4.31
2026-08-01,Nagpur,srv-elec-01,Electrical Repair & Wiring,7,6.18
2026-08-01,Nagpur,srv-garden-01,Gardening & Balcony Greenery,7,5.47
2026-08-01,Nagpur,srv-move-01,Moving & Heavy Lifting Assistance,12,7.07
2026-08-01,Nagpur,srv-paint-01,Wall Painting & Waterproofing,3,3.07
2026-08-01,Nagpur,srv-pest-01,Organic Pest Control,6,5.83
2026-08-01,Nagpur,srv-plumb-01,Plumbing Repair & Leakage Fix,7,7.01
2026-08-01,Nagpur,srv-soc-clean-01,Society Common Area Sanitization,3,2.71
2026-08-01,Nagpur,srv-soc-event-01,Community Event Sound & Electrical Setup,3,3.32
2026-08-01,Nagpur,srv-soc-tank-01,Water Sump & Overhead Tank Cleaning,2,2.2
2026-08-01,Patna,srv-ac-01,AC Deep Foam Jet Servicing,8,9.68
2026-08-01,Patna,srv-carp-01,Carpentry & Furniture Assembly,5,5.97
2026-08-01,Patna,srv-clean-01,Full Home Deep Cleaning,14,12.65
2026-08-01,Patna,srv-cook-01,Home Chef & Meal Preparation,5,5.86
2026-08-01,Patna,srv-elder-01,Elder Assistance & Companionship,4,4.41
2026-08-01,Patna,srv-elec-01,Electrical Repair & Wiring,8,6.12
2026-08-01,Patna,srv-garden-01,Gardening & Balcony Greenery,7,5.13
2026-08-01,Patna,srv-move-01,Moving & Heavy Lifting Assistance,8,7.64
2026-08-01,Patna,srv-paint-01,Wall Painting & Waterproofing,3,3.09
2026-08-01,Patna,srv-pest-01,Organic Pest Control,6,6.26
2026-08-01,Patna,srv-plumb-01,Plumbing Repair & Leakage Fix,7,6.7
2026-08-01,Patna,srv-soc-clean-01,Society Common Area Sanitization,3,2.5
2026-08-01,Patna,srv-soc-event-01,Community Event Sound & Electrical Setup,3,3.3
2026-08-01,Patna,srv-soc-tank-01,Water Sump & Overhead Tank Cleaning,2,2.29
2026-08-01,Pune,srv-ac-01,AC Deep Foam Jet Servicing,11,12.25
2026-08-01,Pune,srv-carp-01,Carpentry & Furniture Assembly,8,7.1
2026-08-01,Pune,srv-clean-01,Full Home Deep Cleaning,17,16.2
2026-08-01,Pune,srv-cook-01,Home Chef & Meal Preparation,8,6.8
2026-08-01,Pune,srv-elder-01,Elder Assistance & Companionship,6,5.57
2026-08-01,Pune,srv-elec-01,Electrical Repair & Wiring,9,8.76
2026-08-01,Pune,srv-garden-01,Gardening & Balcony Greenery,8,6.41
2026-08-01,Pune,srv-move-01,Moving & Heavy Lifting Assistance,10,8.72
2026-08-01,Pune,srv-paint-01,Wall Painting & Waterproofing,3,3.94
2026-08-01,Pune,srv-pest-01,Organic Pest Control,7,6.87
2026-08-01,Pune,srv-plumb-01,Plumbing Repair & Leakage Fix,9,7.89
2026-08-01,Pune,srv-soc-clean-01,Society Common Area Sanitization,3,3.27
2026-08-01,Pune,srv-soc-event-01,Community Event Sound & Electrical Setup,5,4.23
2026-08-01,Pune,srv-soc-tank-01,Water Sump & Overhead Tank Cleaning,2,2.55
2026-08-01,Surat,srv-ac-01,AC Deep Foam Jet Servicing,9,10.01
2026-08-01,Surat,srv-carp-01,Carpentry & Furniture Assembly,7,5.67
2026-08-01,Surat,srv-clean-01,Full Home Deep Cleaning,13,13.89
2026-08-01,Surat,srv-cook-01,Home Chef & Meal Preparation,7,5.75
2026-08-01,Surat,srv-elder-01,Elder Assistance & Companionship,4,4.37
2026-08-01,Surat,srv-elec-01,Electrical Repair & Wiring,8,7.87
2026-08-01,Surat,srv-garden-01,Gardening & Balcony Greenery,7,5.45
2026-08-01,Surat,srv-move-01,Moving & Heavy Lifting Assistance,8,7.49
2026-08-01,Surat,srv-paint-01,Wall Painting & Waterproofing,3,3.01
2026-08-01,Surat,srv-pest-01,Organic Pest Control,5,6.08
2026-08-01,Surat,srv-plumb-01,Plumbing Repair & Leakage Fix,8,7.19
2026-08-01,Surat,srv-soc-clean-01,Society Common Area Sanitization,2,2.94
2026-08-01,Surat,srv-soc-event-01,Community Event Sound & Electrical Setup,4,3.43
2026-08-01,Surat,srv-soc-tank-01,Water Sump & Overhead Tank Cleaning,2,2.24
2026-08-01,Vadodara,srv-ac-01,AC Deep Foam Jet Servicing,8,8.69
2026-08-01,Vadodara,srv-carp-01,Carpentry & Furniture Assembly,6,5.47
2026-08-01,Vadodara,srv-clean-01,Full Home Deep Cleaning,18,11.98
2026-08-01,Vadodara,srv-cook-01,Home Chef & Meal Preparation,6,5.33
2026-08-01,Vadodara,srv-elder-01,Elder Assistance & Companionship,4,4.09
2026-08-01,Vadodara,srv-elec-01,Electrical Repair & Wiring,6,6.03
2026-08-01,Vadodara,srv-garden-01,Gardening & Balcony Greenery,6,5.54
2026-08-01,Vadodara,srv-move-01,Moving & Heavy Lifting Assistance,7,6.78
2026-08-01,Vadodara,srv-paint-01,Wall Painting & Waterproofing,3,3.58
2026-08-01,Vadodara,srv-pest-01,Organic Pest Control,5,5.61
2026-08-01,Vadodara,srv-plumb-01,Plumbing Repair & Leakage Fix,6,6.75
2026-08-01,Vadodara,srv-soc-clean-01,Society Common Area Sanitization,3,2.58
2026-08-01,Vadodara,srv-soc-event-01,Community Event Sound & Electrical Setup,3,3.49
2026-08-01,Vadodara,srv-soc-tank-01,Water Sump & Overhead Tank Cleaning,4,2.28
2026-08-01,Visakhapatnam,srv-ac-01,AC Deep Foam Jet Servicing,9,11.18
2026-08-01,Visakhapatnam,srv-carp-01,Carpentry & Furniture Assembly,5,5.61
2026-08-01,Visakhapatnam,srv-clean-01,Full Home Deep Cleaning,11,14.14
2026-08-01,Visakhapatnam,srv-cook-01,Home Chef & Meal Preparation,6,5.62
2026-08-01,Visakhapatnam,srv-elder-01,Elder Assistance & Companionship,5,4.16
2026-08-01,Visakhapatnam,srv-elec-01,Electrical Repair & Wiring,7,5.94
2026-08-01,Visakhapatnam,srv-garden-01,Gardening & Balcony Greenery,6,5.52
2026-08-01,Visakhapatnam,srv-move-01,Moving & Heavy Lifting Assistance,8,6.84
2026-08-01,Visakhapatnam,srv-paint-01,Wall Painting & Waterproofing,3,3.3
2026-08-01,Visakhapatnam,srv-pest-01,Organic Pest Control,6,5.52
2026-08-01,Visakhapatnam,srv-plumb-01,Plumbing Repair & Leakage Fix,6,6.68
2026-08-01,Visakhapatnam,srv-soc-clean-01,Society Common Area Sanitization,4,2.86
2026-08-01,Visakhapatnam,srv-soc-event-01,Community Event Sound & Electrical Setup,4,3.27
2026-08-01,Visakhapatnam,srv-soc-tank-01,Water Sump & Overhead Tank Cleaning,2,2.19
2026-08-02,Ahmedabad,srv-ac-01,AC Deep Foam Jet Servicing,10,10.48
2026-08-02,Ahmedabad,srv-carp-01,Carpentry & Furniture Assembly,7,6.72
2026-08-02,Ahmedabad,srv-clean-01,Full Home Deep Cleaning,16,16.3
2026-08-02,Ahmedabad,srv-cook-01,Home Chef & Meal Preparation,6,6.63
2026-08-02,Ahmedabad,srv-elder-01,Elder Assistance & Companionship,5,4.95
2026-08-02,Ahmedabad,srv-elec-01,Electrical Repair & Wiring,9,8.32
2026-08-02,Ahmedabad,srv-garden-01,Gardening & Balcony Greenery,8,6.57
2026-08-02,Ahmedabad,srv-move-01,Moving & Heavy Lifting Assistance,9,8.45
2026-08-02,Ahmedabad,srv-paint-01,Wall Painting & Waterproofing,4,4.23
2026-08-02,Ahmedabad,srv-pest-01,Organic Pest Control,7,6.99
2026-08-02,Ahmedabad,srv-plumb-01,Plumbing Repair & Leakage Fix,9,8.02
2026-08-02,Ahmedabad,srv-soc-clean-01,Society Common Area Sanitization,2,2.29
2026-08-02,Ahmedabad,srv-soc-event-01,Community Event Sound & Electrical Setup,4,3.93
2026-08-02,Ahmedabad,srv-soc-tank-01,Water Sump & Overhead Tank Cleaning,2,2.6
2026-08-02,Bengaluru,srv-ac-01,AC Deep Foam Jet Servicing,14,14.31
2026-08-02,Bengaluru,srv-carp-01,Carpentry & Furniture Assembly,10,9.48
2026-08-02,Bengaluru,srv-clean-01,Full Home Deep Cleaning,19,19.93
2026-08-02,Bengaluru,srv-cook-01,Home Chef & Meal Preparation,11,10.52
2026-08-02,Bengaluru,srv-elder-01,Elder Assistance & Companionship,7,7.34
2026-08-02,Bengaluru,srv-elec-01,Electrical Repair & Wiring,14,10.19
2026-08-02,Bengaluru,srv-garden-01,Gardening & Balcony Greenery,10,8.29
2026-08-02,Bengaluru,srv-move-01,Moving & Heavy Lifting Assistance,13,10.26
2026-08-02,Bengaluru,srv-paint-01,Wall Painting & Waterproofing,4,6.06
2026-08-02,Bengaluru,srv-pest-01,Organic Pest Control,10,9.87
2026-08-02,Bengaluru,srv-plumb-01,Plumbing Repair & Leakage Fix,14,12.38
2026-08-02,Bengaluru,srv-soc-clean-01,Society Common Area Sanitization,3,3.34
2026-08-02,Bengaluru,srv-soc-event-01,Community Event Sound & Electrical Setup,5,5.73
2026-08-02,Bengaluru,srv-soc-tank-01,Water Sump & Overhead Tank Cleaning,3,3.94
2026-08-02,Bhopal,srv-ac-01,AC Deep Foam Jet Servicing,7,8.99
2026-08-02,Bhopal,srv-carp-01,Carpentry & Furniture Assembly,6,5.58
2026-08-02,Bhopal,srv-clean-01,Full Home Deep Cleaning,12,11.83
2026-08-02,Bhopal,srv-cook-01,Home Chef & Meal Preparation,6,5.7
2026-08-02,Bhopal,srv-elder-01,Elder Assistance & Companionship,4,3.9
2026-08-02,Bhopal,srv-elec-01,Electrical Repair & Wiring,7,5.86
2026-08-02,Bhopal,srv-garden-01,Gardening & Balcony Greenery,7,5.33
2026-08-02,Bhopal,srv-move-01,Moving & Heavy Lifting Assistance,6,7.06
2026-08-02,Bhopal,srv-paint-01,Wall Painting & Waterproofing,3,3.16
2026-08-02,Bhopal,srv-pest-01,Organic Pest Control,6,5.36
2026-08-02,Bhopal,srv-plumb-01,Plumbing Repair & Leakage Fix,7,6.4
2026-08-02,Bhopal,srv-soc-clean-01,Society Common Area Sanitization,2,2.09
2026-08-02,Bhopal,srv-soc-event-01,Community Event Sound & Electrical Setup,3,3.21
2026-08-02,Bhopal,srv-soc-tank-01,Water Sump & Overhead Tank Cleaning,2,2.07
2026-08-02,Chennai,srv-ac-01,AC Deep Foam Jet Servicing,12,12.25
2026-08-02,Chennai,srv-carp-01,Carpentry & Furniture Assembly,7,7.1
2026-08-02,Chennai,srv-clean-01,Full Home Deep Cleaning,15,19.26
2026-08-02,Chennai,srv-cook-01,Home Chef & Meal Preparation,8,7.5
2026-08-02,Chennai,srv-elder-01,Elder Assistance & Companionship,6,5.76
2026-08-02,Chennai,srv-elec-01,Electrical Repair & Wiring,9,8.89
2026-08-02,Chennai,srv-garden-01,Gardening & Balcony Greenery,10,6.9
2026-08-02,Chennai,srv-move-01,Moving & Heavy Lifting Assistance,17,9.97
2026-08-02,Chennai,srv-paint-01,Wall Painting & Waterproofing,3,4.13
2026-08-02,Chennai,srv-pest-01,Organic Pest Control,9,7.31
2026-08-02,Chennai,srv-plumb-01,Plumbing Repair & Leakage Fix,13,8.54
2026-08-02,Chennai,srv-soc-clean-01,Society Common Area Sanitization,3,2.82
2026-08-02,Chennai,srv-soc-event-01,Community Event Sound & Electrical Setup,4,4.6
2026-08-02,Chennai,srv-soc-tank-01,Water Sump & Overhead Tank Cleaning,3,2.72
2026-08-02,Coimbatore,srv-ac-01,AC Deep Foam Jet Servicing,8,9.52
2026-08-02,Coimbatore,srv-carp-01,Carpentry & Furniture Assembly,5,5.38
2026-08-02,Coimbatore,srv-clean-01,Full Home Deep Cleaning,14,13.12
2026-08-02,Coimbatore,srv-cook-01,Home Chef & Meal Preparation,5,5.48
2026-08-02,Coimbatore,srv-elder-01,Elder Assistance & Companionship,4,4.21
2026-08-02,Coimbatore,srv-elec-01,Electrical Repair & Wiring,7,6.36
2026-08-02,Coimbatore,srv-garden-01,Gardening & Balcony Greenery,7,5.46
2026-08-02,Coimbatore,srv-move-01,Moving & Heavy Lifting Assistance,8,6.71
2026-08-02,Coimbatore,srv-paint-01,Wall Painting & Waterproofing,3,3.06
2026-08-02,Coimbatore,srv-pest-01,Organic Pest Control,5,5.78
2026-08-02,Coimbatore,srv-plumb-01,Plumbing Repair & Leakage Fix,7,6.77
2026-08-02,Coimbatore,srv-soc-clean-01,Society Common Area Sanitization,2,2.11
2026-08-02,Coimbatore,srv-soc-event-01,Community Event Sound & Electrical Setup,3,3.31
2026-08-02,Coimbatore,srv-soc-tank-01,Water Sump & Overhead Tank Cleaning,2,2.07
2026-08-02,Delhi NCR,srv-ac-01,AC Deep Foam Jet Servicing,12,18.54
2026-08-02,Delhi NCR,srv-carp-01,Carpentry & Furniture Assembly,10,9.78
2026-08-02,Delhi NCR,srv-clean-01,Full Home Deep Cleaning,24,22.01
2026-08-02,Delhi NCR,srv-cook-01,Home Chef & Meal Preparation,9,10.0
2026-08-02,Delhi NCR,srv-elder-01,Elder Assistance & Companionship,7,7.58
2026-08-02,Delhi NCR,srv-elec-01,Electrical Repair & Wiring,12,10.68
2026-08-02,Delhi NCR,srv-garden-01,Gardening & Balcony Greenery,12,10.08
2026-08-02,Delhi NCR,srv-move-01,Moving & Heavy Lifting Assistance,11,9.13
2026-08-02,Delhi NCR,srv-paint-01,Wall Painting & Waterproofing,5,5.87
2026-08-02,Delhi NCR,srv-pest-01,Organic Pest Control,9,10.35
2026-08-02,Delhi NCR,srv-plumb-01,Plumbing Repair & Leakage Fix,11,12.65
2026-08-02,Delhi NCR,srv-soc-clean-01,Society Common Area Sanitization,3,4.54
2026-08-02,Delhi NCR,srv-soc-event-01,Community Event Sound & Electrical Setup,6,5.72
2026-08-02,Delhi NCR,srv-soc-tank-01,Water Sump & Overhead Tank Cleaning,3,3.98
2026-08-02,Gurugram,srv-ac-01,AC Deep Foam Jet Servicing,10,11.09
2026-08-02,Gurugram,srv-carp-01,Carpentry & Furniture Assembly,9,7.01
2026-08-02,Gurugram,srv-clean-01,Full Home Deep Cleaning,17,15.35
2026-08-02,Gurugram,srv-cook-01,Home Chef & Meal Preparation,8,6.9
2026-08-02,Gurugram,srv-elder-01,Elder Assistance & Companionship,6,5.09
2026-08-02,Gurugram,srv-elec-01,Electrical Repair & Wiring,7,8.62
2026-08-02,Gurugram,srv-garden-01,Gardening & Balcony Greenery,9,6.48
2026-08-02,Gurugram,srv-move-01,Moving & Heavy Lifting Assistance,8,9.0
2026-08-02,Gurugram,srv-paint-01,Wall Painting & Waterproofing,4,3.39
2026-08-02,Gurugram,srv-pest-01,Organic Pest Control,7,7.25
2026-08-02,Gurugram,srv-plumb-01,Plumbing Repair & Leakage Fix,9,7.79
2026-08-02,Gurugram,srv-soc-clean-01,Society Common Area Sanitization,2,2.28
2026-08-02,Gurugram,srv-soc-event-01,Community Event Sound & Electrical Setup,4,4.52
2026-08-02,Gurugram,srv-soc-tank-01,Water Sump & Overhead Tank Cleaning,3,2.42
2026-08-02,Hyderabad,srv-ac-01,AC Deep Foam Jet Servicing,13,13.26
2026-08-02,Hyderabad,srv-carp-01,Carpentry & Furniture Assembly,9,8.97
2026-08-02,Hyderabad,srv-clean-01,Full Home Deep Cleaning,19,24.69
2026-08-02,Hyderabad,srv-cook-01,Home Chef & Meal Preparation,8,8.41
2026-08-02,Hyderabad,srv-elder-01,Elder Assistance & Companionship,5,5.83
2026-08-02,Hyderabad,srv-elec-01,Electrical Repair & Wiring,9,8.98
2026-08-02,Hyderabad,srv-garden-01,Gardening & Balcony Greenery,10,7.82
2026-08-02,Hyderabad,srv-move-01,Moving & Heavy Lifting Assistance,10,9.58
2026-08-02,Hyderabad,srv-paint-01,Wall Painting & Waterproofing,4,4.85
2026-08-02,Hyderabad,srv-pest-01,Organic Pest Control,8,8.47
2026-08-02,Hyderabad,srv-plumb-01,Plumbing Repair & Leakage Fix,10,9.73
2026-08-02,Hyderabad,srv-soc-clean-01,Society Common Area Sanitization,2,2.53
2026-08-02,Hyderabad,srv-soc-event-01,Community Event Sound & Electrical Setup,4,5.25
2026-08-02,Hyderabad,srv-soc-tank-01,Water Sump & Overhead Tank Cleaning,3,2.63
2026-08-02,Indore,srv-ac-01,AC Deep Foam Jet Servicing,12,10.13
2026-08-02,Indore,srv-carp-01,Carpentry & Furniture Assembly,7,6.2
2026-08-02,Indore,srv-clean-01,Full Home Deep Cleaning,13,13.64
2026-08-02,Indore,srv-cook-01,Home Chef & Meal Preparation,6,5.89
2026-08-02,Indore,srv-elder-01,Elder Assistance & Companionship,5,4.53
2026-08-02,Indore,srv-elec-01,Electrical Repair & Wiring,8,6.54
2026-08-02,Indore,srv-garden-01,Gardening & Balcony Greenery,9,5.77
2026-08-02,Indore,srv-move-01,Moving & Heavy Lifting Assistance,8,6.98
2026-08-02,Indore,srv-paint-01,Wall Painting & Waterproofing,3,3.26
2026-08-02,Indore,srv-pest-01,Organic Pest Control,7,6.02
2026-08-02,Indore,srv-plumb-01,Plumbing Repair & Leakage Fix,7,7.45
2026-08-02,Indore,srv-soc-clean-01,Society Common Area Sanitization,2,2.18
2026-08-02,Indore,srv-soc-event-01,Community Event Sound & Electrical Setup,4,3.32
2026-08-02,Indore,srv-soc-tank-01,Water Sump & Overhead Tank Cleaning,2,2.3
2026-08-02,Jaipur,srv-ac-01,AC Deep Foam Jet Servicing,8,9.05
2026-08-02,Jaipur,srv-carp-01,Carpentry & Furniture Assembly,7,6.24
2026-08-02,Jaipur,srv-clean-01,Full Home Deep Cleaning,14,14.47
2026-08-02,Jaipur,srv-cook-01,Home Chef & Meal Preparation,6,5.98
2026-08-02,Jaipur,srv-elder-01,Elder Assistance & Companionship,8,4.62
2026-08-02,Jaipur,srv-elec-01,Electrical Repair & Wiring,6,7.18
2026-08-02,Jaipur,srv-garden-01,Gardening & Balcony Greenery,9,5.76
2026-08-02,Jaipur,srv-move-01,Moving & Heavy Lifting Assistance,7,7.87
2026-08-02,Jaipur,srv-paint-01,Wall Painting & Waterproofing,3,3.57
2026-08-02,Jaipur,srv-pest-01,Organic Pest Control,7,6.21
2026-08-02,Jaipur,srv-plumb-01,Plumbing Repair & Leakage Fix,11,7.29
2026-08-02,Jaipur,srv-soc-clean-01,Society Common Area Sanitization,2,2.2
2026-08-02,Jaipur,srv-soc-event-01,Community Event Sound & Electrical Setup,4,3.47
2026-08-02,Jaipur,srv-soc-tank-01,Water Sump & Overhead Tank Cleaning,2,2.24
2026-08-02,Kochi,srv-ac-01,AC Deep Foam Jet Servicing,9,9.4
2026-08-02,Kochi,srv-carp-01,Carpentry & Furniture Assembly,5,6.28
2026-08-02,Kochi,srv-clean-01,Full Home Deep Cleaning,15,12.25
2026-08-02,Kochi,srv-cook-01,Home Chef & Meal Preparation,7,5.73
2026-08-02,Kochi,srv-elder-01,Elder Assistance & Companionship,4,4.37
2026-08-02,Kochi,srv-elec-01,Electrical Repair & Wiring,8,6.35
2026-08-02,Kochi,srv-garden-01,Gardening & Balcony Greenery,7,6.13
2026-08-02,Kochi,srv-move-01,Moving & Heavy Lifting Assistance,8,6.94
2026-08-02,Kochi,srv-paint-01,Wall Painting & Waterproofing,3,3.32
2026-08-02,Kochi,srv-pest-01,Organic Pest Control,6,5.69
2026-08-02,Kochi,srv-plumb-01,Plumbing Repair & Leakage Fix,8,6.84
2026-08-02,Kochi,srv-soc-clean-01,Society Common Area Sanitization,2,2.18
2026-08-02,Kochi,srv-soc-event-01,Community Event Sound & Electrical Setup,3,3.39
2026-08-02,Kochi,srv-soc-tank-01,Water Sump & Overhead Tank Cleaning,2,2.19
2026-08-02,Kolkata,srv-ac-01,AC Deep Foam Jet Servicing,11,14.07
2026-08-02,Kolkata,srv-carp-01,Carpentry & Furniture Assembly,9,8.81
2026-08-02,Kolkata,srv-clean-01,Full Home Deep Cleaning,18,27.33
2026-08-02,Kolkata,srv-cook-01,Home Chef & Meal Preparation,9,8.45
2026-08-02,Kolkata,srv-elder-01,Elder Assistance & Companionship,6,6.25
2026-08-02,Kolkata,srv-elec-01,Electrical Repair & Wiring,10,9.23
2026-08-02,Kolkata,srv-garden-01,Gardening & Balcony Greenery,9,8.32
2026-08-02,Kolkata,srv-move-01,Moving & Heavy Lifting Assistance,11,10.56
2026-08-02,Kolkata,srv-paint-01,Wall Painting & Waterproofing,4,4.7
2026-08-02,Kolkata,srv-pest-01,Organic Pest Control,14,8.3
2026-08-02,Kolkata,srv-plumb-01,Plumbing Repair & Leakage Fix,11,9.36
2026-08-02,Kolkata,srv-soc-clean-01,Society Common Area Sanitization,3,3.04
2026-08-02,Kolkata,srv-soc-event-01,Community Event Sound & Electrical Setup,5,4.94
2026-08-02,Kolkata,srv-soc-tank-01,Water Sump & Overhead Tank Cleaning,3,3.2
2026-08-02,Lucknow,srv-ac-01,AC Deep Foam Jet Servicing,14,10.8
2026-08-02,Lucknow,srv-carp-01,Carpentry & Furniture Assembly,7,6.29
2026-08-02,Lucknow,srv-clean-01,Full Home Deep Cleaning,30,13.48
2026-08-02,Lucknow,srv-cook-01,Home Chef & Meal Preparation,7,6.84
2026-08-02,Lucknow,srv-elder-01,Elder Assistance & Companionship,5,4.71
2026-08-02,Lucknow,srv-elec-01,Electrical Repair & Wiring,8,7.81
2026-08-02,Lucknow,srv-garden-01,Gardening & Balcony Greenery,9,6.88
2026-08-02,Lucknow,srv-move-01,Moving & Heavy Lifting Assistance,8,7.2
2026-08-02,Lucknow,srv-paint-01,Wall Painting & Waterproofing,3,3.66
2026-08-02,Lucknow,srv-pest-01,Organic Pest Control,7,6.84
2026-08-02,Lucknow,srv-plumb-01,Plumbing Repair & Leakage Fix,9,7.36
2026-08-02,Lucknow,srv-soc-clean-01,Society Common Area Sanitization,2,2.38
2026-08-02,Lucknow,srv-soc-event-01,Community Event Sound & Electrical Setup,5,3.94
2026-08-02,Lucknow,srv-soc-tank-01,Water Sump & Overhead Tank Cleaning,2,2.44
2026-08-02,Mumbai,srv-ac-01,AC Deep Foam Jet Servicing,13,16.23
2026-08-02,Mumbai,srv-carp-01,Carpentry & Furniture Assembly,11,11.31
2026-08-02,Mumbai,srv-clean-01,Full Home Deep Cleaning,24,20.31
2026-08-02,Mumbai,srv-cook-01,Home Chef & Meal Preparation,10,9.54
2026-08-02,Mumbai,srv-elder-01,Elder Assistance & Companionship,8,7.45
2026-08-02,Mumbai,srv-elec-01,Electrical Repair & Wiring,10,15.18
2026-08-02,Mumbai,srv-garden-01,Gardening & Balcony Greenery,14,9.52
2026-08-02,Mumbai,srv-move-01,Moving & Heavy Lifting Assistance,12,9.48
2026-08-02,Mumbai,srv-paint-01,Wall Painting & Waterproofing,5,6.35
2026-08-02,Mumbai,srv-pest-01,Organic Pest Control,11,11.35
2026-08-02,Mumbai,srv-plumb-01,Plumbing Repair & Leakage Fix,13,12.47
2026-08-02,Mumbai,srv-soc-clean-01,Society Common Area Sanitization,3,4.21
2026-08-02,Mumbai,srv-soc-event-01,Community Event Sound & Electrical Setup,5,5.54
2026-08-02,Mumbai,srv-soc-tank-01,Water Sump & Overhead Tank Cleaning,4,4.59
2026-08-02,Nagpur,srv-ac-01,AC Deep Foam Jet Servicing,9,9.24
2026-08-02,Nagpur,srv-carp-01,Carpentry & Furniture Assembly,7,6.09
2026-08-02,Nagpur,srv-clean-01,Full Home Deep Cleaning,13,13.46
2026-08-02,Nagpur,srv-cook-01,Home Chef & Meal Preparation,8,5.47
2026-08-02,Nagpur,srv-elder-01,Elder Assistance & Companionship,5,4.42
2026-08-02,Nagpur,srv-elec-01,Electrical Repair & Wiring,7,6.35
2026-08-02,Nagpur,srv-garden-01,Gardening & Balcony Greenery,6,5.44
2026-08-02,Nagpur,srv-move-01,Moving & Heavy Lifting Assistance,7,7.82
2026-08-02,Nagpur,srv-paint-01,Wall Painting & Waterproofing,3,3.77
2026-08-02,Nagpur,srv-pest-01,Organic Pest Control,5,5.88
2026-08-02,Nagpur,srv-plumb-01,Plumbing Repair & Leakage Fix,8,7.1
2026-08-02,Nagpur,srv-soc-clean-01,Society Common Area Sanitization,2,2.17
2026-08-02,Nagpur,srv-soc-event-01,Community Event Sound & Electrical Setup,3,3.33
2026-08-02,Nagpur,srv-soc-tank-01,Water Sump & Overhead Tank Cleaning,2,2.18
2026-08-02,Patna,srv-ac-01,AC Deep Foam Jet Servicing,12,8.88
2026-08-02,Patna,srv-carp-01,Carpentry & Furniture Assembly,6,5.66
2026-08-02,Patna,srv-clean-01,Full Home Deep Cleaning,14,12.82
2026-08-02,Patna,srv-cook-01,Home Chef & Meal Preparation,5,5.67
2026-08-02,Patna,srv-elder-01,Elder Assistance & Companionship,4,4.28
2026-08-02,Patna,srv-elec-01,Electrical Repair & Wiring,8,6.64
2026-08-02,Patna,srv-garden-01,Gardening & Balcony Greenery,8,6.34
2026-08-02,Patna,srv-move-01,Moving & Heavy Lifting Assistance,7,7.01
2026-08-02,Patna,srv-paint-01,Wall Painting & Waterproofing,3,3.25
2026-08-02,Patna,srv-pest-01,Organic Pest Control,6,6.21
2026-08-02,Patna,srv-plumb-01,Plumbing Repair & Leakage Fix,8,6.78
2026-08-02,Patna,srv-soc-clean-01,Society Common Area Sanitization,2,2.14
2026-08-02,Patna,srv-soc-event-01,Community Event Sound & Electrical Setup,3,3.22
2026-08-02,Patna,srv-soc-tank-01,Water Sump & Overhead Tank Cleaning,2,2.13
2026-08-02,Pune,srv-ac-01,AC Deep Foam Jet Servicing,10,10.65
2026-08-02,Pune,srv-carp-01,Carpentry & Furniture Assembly,8,6.99
2026-08-02,Pune,srv-clean-01,Full Home Deep Cleaning,16,15.41
2026-08-02,Pune,srv-cook-01,Home Chef & Meal Preparation,8,6.99
2026-08-02,Pune,srv-elder-01,Elder Assistance & Companionship,7,5.64
2026-08-02,Pune,srv-elec-01,Electrical Repair & Wiring,9,8.72
2026-08-02,Pune,srv-garden-01,Gardening & Balcony Greenery,16,6.95
2026-08-02,Pune,srv-move-01,Moving & Heavy Lifting Assistance,9,8.47
2026-08-02,Pune,srv-paint-01,Wall Painting & Waterproofing,3,3.73
2026-08-02,Pune,srv-pest-01,Organic Pest Control,8,6.95
2026-08-02,Pune,srv-plumb-01,Plumbing Repair & Leakage Fix,8,7.8
2026-08-02,Pune,srv-soc-clean-01,Society Common Area Sanitization,2,2.52
2026-08-02,Pune,srv-soc-event-01,Community Event Sound & Electrical Setup,4,4.52
2026-08-02,Pune,srv-soc-tank-01,Water Sump & Overhead Tank Cleaning,3,2.45
2026-08-02,Surat,srv-ac-01,AC Deep Foam Jet Servicing,7,9.71
2026-08-02,Surat,srv-carp-01,Carpentry & Furniture Assembly,5,6.13
2026-08-02,Surat,srv-clean-01,Full Home Deep Cleaning,14,12.95
2026-08-02,Surat,srv-cook-01,Home Chef & Meal Preparation,6,5.73
2026-08-02,Surat,srv-elder-01,Elder Assistance & Companionship,5,4.4
2026-08-02,Surat,srv-elec-01,Electrical Repair & Wiring,6,7.59
2026-08-02,Surat,srv-garden-01,Gardening & Balcony Greenery,10,6.2
2026-08-02,Surat,srv-move-01,Moving & Heavy Lifting Assistance,8,7.84
2026-08-02,Surat,srv-paint-01,Wall Painting & Waterproofing,3,3.14
2026-08-02,Surat,srv-pest-01,Organic Pest Control,6,5.93
2026-08-02,Surat,srv-plumb-01,Plumbing Repair & Leakage Fix,8,7.74
2026-08-02,Surat,srv-soc-clean-01,Society Common Area Sanitization,2,2.13
2026-08-02,Surat,srv-soc-event-01,Community Event Sound & Electrical Setup,3,3.6
2026-08-02,Surat,srv-soc-tank-01,Water Sump & Overhead Tank Cleaning,2,2.28
2026-08-02,Vadodara,srv-ac-01,AC Deep Foam Jet Servicing,8,8.46
2026-08-02,Vadodara,srv-carp-01,Carpentry & Furniture Assembly,5,5.61
2026-08-02,Vadodara,srv-clean-01,Full Home Deep Cleaning,12,12.41
2026-08-02,Vadodara,srv-cook-01,Home Chef & Meal Preparation,6,5.37
2026-08-02,Vadodara,srv-elder-01,Elder Assistance & Companionship,4,4.17
2026-08-02,Vadodara,srv-elec-01,Electrical Repair & Wiring,6,6.56
2026-08-02,Vadodara,srv-garden-01,Gardening & Balcony Greenery,7,5.8
2026-08-02,Vadodara,srv-move-01,Moving & Heavy Lifting Assistance,8,6.66
2026-08-02,Vadodara,srv-paint-01,Wall Painting & Waterproofing,3,3.47
2026-08-02,Vadodara,srv-pest-01,Organic Pest Control,5,5.53
2026-08-02,Vadodara,srv-plumb-01,Plumbing Repair & Leakage Fix,7,6.73
2026-08-02,Vadodara,srv-soc-clean-01,Society Common Area Sanitization,2,2.19
2026-08-02,Vadodara,srv-soc-event-01,Community Event Sound & Electrical Setup,3,3.37
2026-08-02,Vadodara,srv-soc-tank-01,Water Sump & Overhead Tank Cleaning,2,2.32
2026-08-02,Visakhapatnam,srv-ac-01,AC Deep Foam Jet Servicing,7,8.66
2026-08-02,Visakhapatnam,srv-carp-01,Carpentry & Furniture Assembly,6,5.56
2026-08-02,Visakhapatnam,srv-clean-01,Full Home Deep Cleaning,12,12.78
2026-08-02,Visakhapatnam,srv-cook-01,Home Chef & Meal Preparation,5,5.68
2026-08-02,Visakhapatnam,srv-elder-01,Elder Assistance & Companionship,5,4.15
2026-08-02,Visakhapatnam,srv-elec-01,Electrical Repair & Wiring,6,6.12
2026-08-02,Visakhapatnam,srv-garden-01,Gardening & Balcony Greenery,7,5.37
2026-08-02,Visakhapatnam,srv-move-01,Moving & Heavy Lifting Assistance,7,6.98
2026-08-02,Visakhapatnam,srv-paint-01,Wall Painting & Waterproofing,3,3.28
2026-08-02,Visakhapatnam,srv-pest-01,Organic Pest Control,6,5.62
2026-08-02,Visakhapatnam,srv-plumb-01,Plumbing Repair & Leakage Fix,6,6.25
2026-08-02,Visakhapatnam,srv-soc-clean-01,Society Common Area Sanitization,2,2.1
2026-08-02,Visakhapatnam,srv-soc-event-01,Community Event Sound & Electrical Setup,3,3.3
2026-08-02,Visakhapatnam,srv-soc-tank-01,Water Sump & Overhead Tank Cleaning,2,2.06
2026-08-03,Ahmedabad,srv-ac-01,AC Deep Foam Jet Servicing,9,9.55
2026-08-03,Ahmedabad,srv-carp-01,Carpentry & Furniture Assembly,7,6.02
2026-08-03,Ahmedabad,srv-clean-01,Full Home Deep Cleaning,8,8.37
2026-08-03,Ahmedabad,srv-cook-01,Home Chef & Meal Preparation,7,6.37
2026-08-03,Ahmedabad,srv-elder-01,Elder Assistance & Companionship,5,5.17
2026-08-03,Ahmedabad,srv-elec-01,Electrical Repair & Wiring,9,9.3
2026-08-03,Ahmedabad,srv-garden-01,Gardening & Balcony Greenery,5,4.41
2026-08-03,Ahmedabad,srv-move-01,Moving & Heavy Lifting Assistance,5,4.39
2026-08-03,Ahmedabad,srv-paint-01,Wall Painting & Waterproofing,2,2.46
2026-08-03,Ahmedabad,srv-pest-01,Organic Pest Control,7,6.0
2026-08-03,Ahmedabad,srv-plumb-01,Plumbing Repair & Leakage Fix,8,7.17
2026-08-03,Ahmedabad,srv-soc-clean-01,Society Common Area Sanitization,2,2.44
2026-08-03,Ahmedabad,srv-soc-event-01,Community Event Sound & Electrical Setup,2,1.84
2026-08-03,Ahmedabad,srv-soc-tank-01,Water Sump & Overhead Tank Cleaning,3,2.29
2026-08-03,Bengaluru,srv-ac-01,AC Deep Foam Jet Servicing,11,13.31
2026-08-03,Bengaluru,srv-carp-01,Carpentry & Furniture Assembly,8,8.61
2026-08-03,Bengaluru,srv-clean-01,Full Home Deep Cleaning,13,15.54
2026-08-03,Bengaluru,srv-cook-01,Home Chef & Meal Preparation,10,11.04
2026-08-03,Bengaluru,srv-elder-01,Elder Assistance & Companionship,8,7.66
2026-08-03,Bengaluru,srv-elec-01,Electrical Repair & Wiring,12,11.41
2026-08-03,Bengaluru,srv-garden-01,Gardening & Balcony Greenery,8,5.87
2026-08-03,Bengaluru,srv-move-01,Moving & Heavy Lifting Assistance,6,5.39
2026-08-03,Bengaluru,srv-paint-01,Wall Painting & Waterproofing,3,3.73
2026-08-03,Bengaluru,srv-pest-01,Organic Pest Control,9,8.6
2026-08-03,Bengaluru,srv-plumb-01,Plumbing Repair & Leakage Fix,11,9.6
2026-08-03,Bengaluru,srv-soc-clean-01,Society Common Area Sanitization,3,3.29
2026-08-03,Bengaluru,srv-soc-event-01,Community Event Sound & Electrical Setup,2,2.74
2026-08-03,Bengaluru,srv-soc-tank-01,Water Sump & Overhead Tank Cleaning,3,2.94
2026-08-03,Bhopal,srv-ac-01,AC Deep Foam Jet Servicing,6,7.4
2026-08-03,Bhopal,srv-carp-01,Carpentry & Furniture Assembly,9,4.92
2026-08-03,Bhopal,srv-clean-01,Full Home Deep Cleaning,7,6.19
2026-08-03,Bhopal,srv-cook-01,Home Chef & Meal Preparation,5,5.62
2026-08-03,Bhopal,srv-elder-01,Elder Assistance & Companionship,4,4.27
2026-08-03,Bhopal,srv-elec-01,Electrical Repair & Wiring,7,6.96
2026-08-03,Bhopal,srv-garden-01,Gardening & Balcony Greenery,4,3.66
2026-08-03,Bhopal,srv-move-01,Moving & Heavy Lifting Assistance,4,3.17
2026-08-03,Bhopal,srv-paint-01,Wall Painting & Waterproofing,2,2.03
2026-08-03,Bhopal,srv-pest-01,Organic Pest Control,5,4.89
2026-08-03,Bhopal,srv-plumb-01,Plumbing Repair & Leakage Fix,5,5.79
2026-08-03,Bhopal,srv-soc-clean-01,Society Common Area Sanitization,2,2.12
2026-08-03,Bhopal,srv-soc-event-01,Community Event Sound & Electrical Setup,1,1.13
2026-08-03,Bhopal,srv-soc-tank-01,Water Sump & Overhead Tank Cleaning,2,1.9
2026-08-03,Chennai,srv-ac-01,AC Deep Foam Jet Servicing,10,10.71
2026-08-03,Chennai,srv-carp-01,Carpentry & Furniture Assembly,9,6.49
2026-08-03,Chennai,srv-clean-01,Full Home Deep Cleaning,9,9.24
2026-08-03,Chennai,srv-cook-01,Home Chef & Meal Preparation,8,7.22
2026-08-03,Chennai,srv-elder-01,Elder Assistance & Companionship,7,5.68
2026-08-03,Chennai,srv-elec-01,Electrical Repair & Wiring,11,10.19
2026-08-03,Chennai,srv-garden-01,Gardening & Balcony Greenery,6,4.64
2026-08-03,Chennai,srv-move-01,Moving & Heavy Lifting Assistance,5,5.09
2026-08-03,Chennai,srv-paint-01,Wall Painting & Waterproofing,3,2.65
2026-08-03,Chennai,srv-pest-01,Organic Pest Control,7,6.59
2026-08-03,Chennai,srv-plumb-01,Plumbing Repair & Leakage Fix,8,8.23
2026-08-03,Chennai,srv-soc-clean-01,Society Common Area Sanitization,3,3.01
2026-08-03,Chennai,srv-soc-event-01,Community Event Sound & Electrical Setup,2,1.99
2026-08-03,Chennai,srv-soc-tank-01,Water Sump & Overhead Tank Cleaning,3,2.61
2026-08-03,Coimbatore,srv-ac-01,AC Deep Foam Jet Servicing,7,8.83
2026-08-03,Coimbatore,srv-carp-01,Carpentry & Furniture Assembly,5,4.94
2026-08-03,Coimbatore,srv-clean-01,Full Home Deep Cleaning,6,6.53
2026-08-03,Coimbatore,srv-cook-01,Home Chef & Meal Preparation,5,5.5
2026-08-03,Coimbatore,srv-elder-01,Elder Assistance & Companionship,4,4.39
2026-08-03,Coimbatore,srv-elec-01,Electrical Repair & Wiring,8,7.49
2026-08-03,Coimbatore,srv-garden-01,Gardening & Balcony Greenery,7,3.68
2026-08-03,Coimbatore,srv-move-01,Moving & Heavy Lifting Assistance,3,2.84
2026-08-03,Coimbatore,srv-paint-01,Wall Painting & Waterproofing,2,2.0
2026-08-03,Coimbatore,srv-pest-01,Organic Pest Control,5,5.16
2026-08-03,Coimbatore,srv-plumb-01,Plumbing Repair & Leakage Fix,5,6.07
2026-08-03,Coimbatore,srv-soc-clean-01,Society Common Area Sanitization,2,2.02
2026-08-03,Coimbatore,srv-soc-event-01,Community Event Sound & Electrical Setup,1,1.18
2026-08-03,Coimbatore,srv-soc-tank-01,Water Sump & Overhead Tank Cleaning,2,1.94
2026-08-03,Delhi NCR,srv-ac-01,AC Deep Foam Jet Servicing,13,15.75
2026-08-03,Delhi NCR,srv-carp-01,Carpentry & Furniture Assembly,9,8.51
2026-08-03,Delhi NCR,srv-clean-01,Full Home Deep Cleaning,10,12.92
2026-08-03,Delhi NCR,srv-cook-01,Home Chef & Meal Preparation,10,9.99
2026-08-03,Delhi NCR,srv-elder-01,Elder Assistance & Companionship,7,7.53
2026-08-03,Delhi NCR,srv-elec-01,Electrical Repair & Wiring,15,12.37
2026-08-03,Delhi NCR,srv-garden-01,Gardening & Balcony Greenery,7,6.09
2026-08-03,Delhi NCR,srv-move-01,Moving & Heavy Lifting Assistance,5,5.37
2026-08-03,Delhi NCR,srv-paint-01,Wall Painting & Waterproofing,4,3.96
2026-08-03,Delhi NCR,srv-pest-01,Organic Pest Control,7,8.82
2026-08-03,Delhi NCR,srv-plumb-01,Plumbing Repair & Leakage Fix,11,10.14
2026-08-03,Delhi NCR,srv-soc-clean-01,Society Common Area Sanitization,4,3.53
2026-08-03,Delhi NCR,srv-soc-event-01,Community Event Sound & Electrical Setup,2,2.42
2026-08-03,Delhi NCR,srv-soc-tank-01,Water Sump & Overhead Tank Cleaning,3,2.94
2026-08-03,Gurugram,srv-ac-01,AC Deep Foam Jet Servicing,9,8.93
2026-08-03,Gurugram,srv-carp-01,Carpentry & Furniture Assembly,7,6.27
2026-08-03,Gurugram,srv-clean-01,Full Home Deep Cleaning,7,7.64
2026-08-03,Gurugram,srv-cook-01,Home Chef & Meal Preparation,6,6.81
2026-08-03,Gurugram,srv-elder-01,Elder Assistance & Companionship,5,5.28
2026-08-03,Gurugram,srv-elec-01,Electrical Repair & Wiring,10,8.75
2026-08-03,Gurugram,srv-garden-01,Gardening & Balcony Greenery,5,4.14
2026-08-03,Gurugram,srv-move-01,Moving & Heavy Lifting Assistance,4,3.96
2026-08-03,Gurugram,srv-paint-01,Wall Painting & Waterproofing,3,2.39
2026-08-03,Gurugram,srv-pest-01,Organic Pest Control,7,6.02
2026-08-03,Gurugram,srv-plumb-01,Plumbing Repair & Leakage Fix,8,6.8
2026-08-03,Gurugram,srv-soc-clean-01,Society Common Area Sanitization,2,2.32
2026-08-03,Gurugram,srv-soc-event-01,Community Event Sound & Electrical Setup,2,1.91
2026-08-03,Gurugram,srv-soc-tank-01,Water Sump & Overhead Tank Cleaning,2,2.33
2026-08-03,Hyderabad,srv-ac-01,AC Deep Foam Jet Servicing,9,12.67
2026-08-03,Hyderabad,srv-carp-01,Carpentry & Furniture Assembly,8,7.62
2026-08-03,Hyderabad,srv-clean-01,Full Home Deep Cleaning,10,8.89
2026-08-03,Hyderabad,srv-cook-01,Home Chef & Meal Preparation,9,8.11
2026-08-03,Hyderabad,srv-elder-01,Elder Assistance & Companionship,7,5.9
2026-08-03,Hyderabad,srv-elec-01,Electrical Repair & Wiring,10,9.5
2026-08-03,Hyderabad,srv-garden-01,Gardening & Balcony Greenery,6,5.6
2026-08-03,Hyderabad,srv-move-01,Moving & Heavy Lifting Assistance,5,4.46
2026-08-03,Hyderabad,srv-paint-01,Wall Painting & Waterproofing,3,2.89
2026-08-03,Hyderabad,srv-pest-01,Organic Pest Control,7,7.32
2026-08-03,Hyderabad,srv-plumb-01,Plumbing Repair & Leakage Fix,7,8.64
2026-08-03,Hyderabad,srv-soc-clean-01,Society Common Area Sanitization,3,2.79
2026-08-03,Hyderabad,srv-soc-event-01,Community Event Sound & Electrical Setup,2,2.13
2026-08-03,Hyderabad,srv-soc-tank-01,Water Sump & Overhead Tank Cleaning,3,2.73
2026-08-03,Indore,srv-ac-01,AC Deep Foam Jet Servicing,7,7.9
2026-08-03,Indore,srv-carp-01,Carpentry & Furniture Assembly,6,5.39
2026-08-03,Indore,srv-clean-01,Full Home Deep Cleaning,8,6.58
2026-08-03,Indore,srv-cook-01,Home Chef & Meal Preparation,6,5.78
2026-08-03,Indore,srv-elder-01,Elder Assistance & Companionship,4,4.82
2026-08-03,Indore,srv-elec-01,Electrical Repair & Wiring,8,7.65
2026-08-03,Indore,srv-garden-01,Gardening & Balcony Greenery,5,3.72
2026-08-03,Indore,srv-move-01,Moving & Heavy Lifting Assistance,3,3.58
2026-08-03,Indore,srv-paint-01,Wall Painting & Waterproofing,2,2.09
2026-08-03,Indore,srv-pest-01,Organic Pest Control,6,5.35
2026-08-03,Indore,srv-plumb-01,Plumbing Repair & Leakage Fix,10,6.91
2026-08-03,Indore,srv-soc-clean-01,Society Common Area Sanitization,2,2.1
2026-08-03,Indore,srv-soc-event-01,Community Event Sound & Electrical Setup,3,1.64
2026-08-03,Indore,srv-soc-tank-01,Water Sump & Overhead Tank Cleaning,2,2.11
2026-08-03,Jaipur,srv-ac-01,AC Deep Foam Jet Servicing,7,8.42
2026-08-03,Jaipur,srv-carp-01,Carpentry & Furniture Assembly,5,5.7
2026-08-03,Jaipur,srv-clean-01,Full Home Deep Cleaning,8,7.17
2026-08-03,Jaipur,srv-cook-01,Home Chef & Meal Preparation,6,6.16
2026-08-03,Jaipur,srv-elder-01,Elder Assistance & Companionship,5,5.05
2026-08-03,Jaipur,srv-elec-01,Electrical Repair & Wiring,8,8.23
2026-08-03,Jaipur,srv-garden-01,Gardening & Balcony Greenery,4,3.7
2026-08-03,Jaipur,srv-move-01,Moving & Heavy Lifting Assistance,4,3.52
2026-08-03,Jaipur,srv-paint-01,Wall Painting & Waterproofing,2,2.19
2026-08-03,Jaipur,srv-pest-01,Organic Pest Control,6,5.46
2026-08-03,Jaipur,srv-plumb-01,Plumbing Repair & Leakage Fix,7,6.65
2026-08-03,Jaipur,srv-soc-clean-01,Society Common Area Sanitization,2,2.1
2026-08-03,Jaipur,srv-soc-event-01,Community Event Sound & Electrical Setup,2,1.64
2026-08-03,Jaipur,srv-soc-tank-01,Water Sump & Overhead Tank Cleaning,2,2.13
2026-08-03,Kochi,srv-ac-01,AC Deep Foam Jet Servicing,7,8.01
2026-08-03,Kochi,srv-carp-01,Carpentry & Furniture Assembly,7,5.28
2026-08-03,Kochi,srv-clean-01,Full Home Deep Cleaning,7,7.27
2026-08-03,Kochi,srv-cook-01,Home Chef & Meal Preparation,6,5.76
2026-08-03,Kochi,srv-elder-01,Elder Assistance & Companionship,4,4.46
2026-08-03,Kochi,srv-elec-01,Electrical Repair & Wiring,8,7.92
2026-08-03,Kochi,srv-garden-01,Gardening & Balcony Greenery,4,3.64
2026-08-03,Kochi,srv-move-01,Moving & Heavy Lifting Assistance,4,3.68
2026-08-03,Kochi,srv-paint-01,Wall Painting & Waterproofing,2,2.16
2026-08-03,Kochi,srv-pest-01,Organic Pest Control,5,5.02
2026-08-03,Kochi,srv-plumb-01,Plumbing Repair & Leakage Fix,6,6.5
2026-08-03,Kochi,srv-soc-clean-01,Society Common Area Sanitization,2,2.09
2026-08-03,Kochi,srv-soc-event-01,Community Event Sound & Electrical Setup,1,1.27
2026-08-03,Kochi,srv-soc-tank-01,Water Sump & Overhead Tank Cleaning,2,1.99
2026-08-03,Kolkata,srv-ac-01,AC Deep Foam Jet Servicing,10,11.1
2026-08-03,Kolkata,srv-carp-01,Carpentry & Furniture Assembly,7,8.34
2026-08-03,Kolkata,srv-clean-01,Full Home Deep Cleaning,11,10.67
2026-08-03,Kolkata,srv-cook-01,Home Chef & Meal Preparation,15,8.62
2026-08-03,Kolkata,srv-elder-01,Elder Assistance & Companionship,7,6.54
2026-08-03,Kolkata,srv-elec-01,Electrical Repair & Wiring,15,10.67
2026-08-03,Kolkata,srv-garden-01,Gardening & Balcony Greenery,6,5.5
2026-08-03,Kolkata,srv-move-01,Moving & Heavy Lifting Assistance,5,5.02
2026-08-03,Kolkata,srv-paint-01,Wall Painting & Waterproofing,3,2.94
2026-08-03,Kolkata,srv-pest-01,Organic Pest Control,8,8.51
2026-08-03,Kolkata,srv-plumb-01,Plumbing Repair & Leakage Fix,9,10.39
2026-08-03,Kolkata,srv-soc-clean-01,Society Common Area Sanitization,3,3.18
2026-08-03,Kolkata,srv-soc-event-01,Community Event Sound & Electrical Setup,2,2.0
2026-08-03,Kolkata,srv-soc-tank-01,Water Sump & Overhead Tank Cleaning,2,2.75
2026-08-03,Lucknow,srv-ac-01,AC Deep Foam Jet Servicing,9,9.18
2026-08-03,Lucknow,srv-carp-01,Carpentry & Furniture Assembly,6,5.37
2026-08-03,Lucknow,srv-clean-01,Full Home Deep Cleaning,8,8.29
2026-08-03,Lucknow,srv-cook-01,Home Chef & Meal Preparation,7,6.69
2026-08-03,Lucknow,srv-elder-01,Elder Assistance & Companionship,4,4.91
2026-08-03,Lucknow,srv-elec-01,Electrical Repair & Wiring,9,8.95
2026-08-03,Lucknow,srv-garden-01,Gardening & Balcony Greenery,6,3.94
2026-08-03,Lucknow,srv-move-01,Moving & Heavy Lifting Assistance,4,3.48
2026-08-03,Lucknow,srv-paint-01,Wall Painting & Waterproofing,2,2.52
2026-08-03,Lucknow,srv-pest-01,Organic Pest Control,6,5.87
2026-08-03,Lucknow,srv-plumb-01,Plumbing Repair & Leakage Fix,7,6.47
2026-08-03,Lucknow,srv-soc-clean-01,Society Common Area Sanitization,2,2.24
2026-08-03,Lucknow,srv-soc-event-01,Community Event Sound & Electrical Setup,2,1.9
2026-08-03,Lucknow,srv-soc-tank-01,Water Sump & Overhead Tank Cleaning,2,2.29
2026-08-03,Mumbai,srv-ac-01,AC Deep Foam Jet Servicing,13,14.41
2026-08-03,Mumbai,srv-carp-01,Carpentry & Furniture Assembly,9,8.77
2026-08-03,Mumbai,srv-clean-01,Full Home Deep Cleaning,16,11.29
2026-08-03,Mumbai,srv-cook-01,Home Chef & Meal Preparation,17,9.86
2026-08-03,Mumbai,srv-elder-01,Elder Assistance & Companionship,7,10.79
2026-08-03,Mumbai,srv-elec-01,Electrical Repair & Wiring,14,12.5
2026-08-03,Mumbai,srv-garden-01,Gardening & Balcony Greenery,7,5.84
2026-08-03,Mumbai,srv-move-01,Moving & Heavy Lifting Assistance,5,6.19
2026-08-03,Mumbai,srv-paint-01,Wall Painting & Waterproofing,4,3.74
2026-08-03,Mumbai,srv-pest-01,Organic Pest Control,10,8.37
2026-08-03,Mumbai,srv-plumb-01,Plumbing Repair & Leakage Fix,11,10.44
2026-08-03,Mumbai,srv-soc-clean-01,Society Common Area Sanitization,4,3.6
2026-08-03,Mumbai,srv-soc-event-01,Community Event Sound & Electrical Setup,3,2.8
2026-08-03,Mumbai,srv-soc-tank-01,Water Sump & Overhead Tank Cleaning,3,3.32
2026-08-03,Nagpur,srv-ac-01,AC Deep Foam Jet Servicing,8,8.88
2026-08-03,Nagpur,srv-carp-01,Carpentry & Furniture Assembly,5,5.4
2026-08-03,Nagpur,srv-clean-01,Full Home Deep Cleaning,7,7.19
2026-08-03,Nagpur,srv-cook-01,Home Chef & Meal Preparation,5,5.36
2026-08-03,Nagpur,srv-elder-01,Elder Assistance & Companionship,5,4.46
2026-08-03,Nagpur,srv-elec-01,Electrical Repair & Wiring,8,7.59
2026-08-03,Nagpur,srv-garden-01,Gardening & Balcony Greenery,4,3.69
2026-08-03,Nagpur,srv-move-01,Moving & Heavy Lifting Assistance,4,3.63
2026-08-03,Nagpur,srv-paint-01,Wall Painting & Waterproofing,2,2.17
2026-08-03,Nagpur,srv-pest-01,Organic Pest Control,6,5.17
2026-08-03,Nagpur,srv-plumb-01,Plumbing Repair & Leakage Fix,6,6.15
2026-08-03,Nagpur,srv-soc-clean-01,Society Common Area Sanitization,2,2.16
2026-08-03,Nagpur,srv-soc-event-01,Community Event Sound & Electrical Setup,1,1.52
2026-08-03,Nagpur,srv-soc-tank-01,Water Sump & Overhead Tank Cleaning,2,2.1
2026-08-03,Patna,srv-ac-01,AC Deep Foam Jet Servicing,8,8.23
2026-08-03,Patna,srv-carp-01,Carpentry & Furniture Assembly,8,5.1
2026-08-03,Patna,srv-clean-01,Full Home Deep Cleaning,11,6.56
2026-08-03,Patna,srv-cook-01,Home Chef & Meal Preparation,5,5.38
2026-08-03,Patna,srv-elder-01,Elder Assistance & Companionship,4,4.45
2026-08-03,Patna,srv-elec-01,Electrical Repair & Wiring,8,7.18
2026-08-03,Patna,srv-garden-01,Gardening & Balcony Greenery,4,3.85
2026-08-03,Patna,srv-move-01,Moving & Heavy Lifting Assistance,4,3.54
2026-08-03,Patna,srv-paint-01,Wall Painting & Waterproofing,2,2.13
2026-08-03,Patna,srv-pest-01,Organic Pest Control,4,5.5
2026-08-03,Patna,srv-plumb-01,Plumbing Repair & Leakage Fix,6,5.66
2026-08-03,Patna,srv-soc-clean-01,Society Common Area Sanitization,2,2.05
2026-08-03,Patna,srv-soc-event-01,Community Event Sound & Electrical Setup,1,1.14
2026-08-03,Patna,srv-soc-tank-01,Water Sump & Overhead Tank Cleaning,2,1.96
2026-08-03,Pune,srv-ac-01,AC Deep Foam Jet Servicing,8,9.6
2026-08-03,Pune,srv-carp-01,Carpentry & Furniture Assembly,7,6.58
2026-08-03,Pune,srv-clean-01,Full Home Deep Cleaning,8,8.32
2026-08-03,Pune,srv-cook-01,Home Chef & Meal Preparation,6,7.18
2026-08-03,Pune,srv-elder-01,Elder Assistance & Companionship,5,5.86
2026-08-03,Pune,srv-elec-01,Electrical Repair & Wiring,11,9.78
2026-08-03,Pune,srv-garden-01,Gardening & Balcony Greenery,5,5.21
2026-08-03,Pune,srv-move-01,Moving & Heavy Lifting Assistance,4,4.07
2026-08-03,Pune,srv-paint-01,Wall Painting & Waterproofing,3,2.84
2026-08-03,Pune,srv-pest-01,Organic Pest Control,6,6.51
2026-08-03,Pune,srv-plumb-01,Plumbing Repair & Leakage Fix,8,7.54
2026-08-03,Pune,srv-soc-clean-01,Society Common Area Sanitization,3,2.58
2026-08-03,Pune,srv-soc-event-01,Community Event Sound & Electrical Setup,2,1.99
2026-08-03,Pune,srv-soc-tank-01,Water Sump & Overhead Tank Cleaning,2,2.46
2026-08-03,Surat,srv-ac-01,AC Deep Foam Jet Servicing,7,8.17
2026-08-03,Surat,srv-carp-01,Carpentry & Furniture Assembly,7,5.0
2026-08-03,Surat,srv-clean-01,Full Home Deep Cleaning,8,6.98
2026-08-03,Surat,srv-cook-01,Home Chef & Meal Preparation,6,5.58
2026-08-03,Surat,srv-elder-01,Elder Assistance & Companionship,5,4.55
2026-08-03,Surat,srv-elec-01,Electrical Repair & Wiring,8,9.31
2026-08-03,Surat,srv-garden-01,Gardening & Balcony Greenery,4,3.67
2026-08-03,Surat,srv-move-01,Moving & Heavy Lifting Assistance,4,3.19
2026-08-03,Surat,srv-paint-01,Wall Painting & Waterproofing,2,2.04
2026-08-03,Surat,srv-pest-01,Organic Pest Control,5,5.41
2026-08-03,Surat,srv-plumb-01,Plumbing Repair & Leakage Fix,6,6.5
2026-08-03,Surat,srv-soc-clean-01,Society Common Area Sanitization,2,2.17
2026-08-03,Surat,srv-soc-event-01,Community Event Sound & Electrical Setup,1,1.51
2026-08-03,Surat,srv-soc-tank-01,Water Sump & Overhead Tank Cleaning,2,2.19
2026-08-03,Vadodara,srv-ac-01,AC Deep Foam Jet Servicing,7,7.74
2026-08-03,Vadodara,srv-carp-01,Carpentry & Furniture Assembly,4,4.79
2026-08-03,Vadodara,srv-clean-01,Full Home Deep Cleaning,6,5.67
2026-08-03,Vadodara,srv-cook-01,Home Chef & Meal Preparation,6,5.28
2026-08-03,Vadodara,srv-elder-01,Elder Assistance & Companionship,4,4.39
2026-08-03,Vadodara,srv-elec-01,Electrical Repair & Wiring,6,6.67
2026-08-03,Vadodara,srv-garden-01,Gardening & Balcony Greenery,4,3.35
2026-08-03,Vadodara,srv-move-01,Moving & Heavy Lifting Assistance,3,2.92
2026-08-03,Vadodara,srv-paint-01,Wall Painting & Waterproofing,2,2.09
2026-08-03,Vadodara,srv-pest-01,Organic Pest Control,5,4.89
2026-08-03,Vadodara,srv-plumb-01,Plumbing Repair & Leakage Fix,6,6.07
2026-08-03,Vadodara,srv-soc-clean-01,Society Common Area Sanitization,2,2.0
2026-08-03,Vadodara,srv-soc-event-01,Community Event Sound & Electrical Setup,1,1.11
2026-08-03,Vadodara,srv-soc-tank-01,Water Sump & Overhead Tank Cleaning,2,2.0
2026-08-03,Visakhapatnam,srv-ac-01,AC Deep Foam Jet Servicing,7,8.57
2026-08-03,Visakhapatnam,srv-carp-01,Carpentry & Furniture Assembly,5,4.97
2026-08-03,Visakhapatnam,srv-clean-01,Full Home Deep Cleaning,6,6.36
2026-08-03,Visakhapatnam,srv-cook-01,Home Chef & Meal Preparation,5,5.51
2026-08-03,Visakhapatnam,srv-elder-01,Elder Assistance & Companionship,4,4.37
2026-08-03,Visakhapatnam,srv-elec-01,Electrical Repair & Wiring,7,6.86
2026-08-03,Visakhapatnam,srv-garden-01,Gardening & Balcony Greenery,4,3.75
2026-08-03,Visakhapatnam,srv-move-01,Moving & Heavy Lifting Assistance,3,3.36
2026-08-03,Visakhapatnam,srv-paint-01,Wall Painting & Waterproofing,2,2.1
2026-08-03,Visakhapatnam,srv-pest-01,Organic Pest Control,5,4.75
2026-08-03,Visakhapatnam,srv-plumb-01,Plumbing Repair & Leakage Fix,5,5.7
2026-08-03,Visakhapatnam,srv-soc-clean-01,Society Common Area Sanitization,2,2.11
2026-08-03,Visakhapatnam,srv-soc-event-01,Community Event Sound & Electrical Setup,1,1.13
2026-08-03,Visakhapatnam,srv-soc-tank-01,Water Sump & Overhead Tank Cleaning,2,1.93
2026-08-04,Ahmedabad,srv-ac-01,AC Deep Foam Jet Servicing,8,9.45
2026-08-04,Ahmedabad,srv-carp-01,Carpentry & Furniture Assembly,6,6.33
2026-08-04,Ahmedabad,srv-clean-01,Full Home Deep Cleaning,8,8.17
2026-08-04,Ahmedabad,srv-cook-01,Home Chef & Meal Preparation,7,6.37
2026-08-04,Ahmedabad,srv-elder-01,Elder Assistance & Companionship,6,5.17
2026-08-04,Ahmedabad,srv-elec-01,Electrical Repair & Wiring,9,9.7
2026-08-04,Ahmedabad,srv-garden-01,Gardening & Balcony Greenery,4,4.33
2026-08-04,Ahmedabad,srv-move-01,Moving & Heavy Lifting Assistance,3,4.24
2026-08-04,Ahmedabad,srv-paint-01,Wall Painting & Waterproofing,3,2.35
2026-08-04,Ahmedabad,srv-pest-01,Organic Pest Control,6,6.27
2026-08-04,Ahmedabad,srv-plumb-01,Plumbing Repair & Leakage Fix,8,6.94
2026-08-04,Ahmedabad,srv-soc-clean-01,Society Common Area Sanitization,2,2.37
2026-08-04,Ahmedabad,srv-soc-event-01,Community Event Sound & Electrical Setup,1,1.85
2026-08-04,Ahmedabad,srv-soc-tank-01,Water Sump & Overhead Tank Cleaning,2,2.37
2026-08-04,Bengaluru,srv-ac-01,AC Deep Foam Jet Servicing,12,12.24
2026-08-04,Bengaluru,srv-carp-01,Carpentry & Furniture Assembly,7,8.59
2026-08-04,Bengaluru,srv-clean-01,Full Home Deep Cleaning,11,11.19
2026-08-04,Bengaluru,srv-cook-01,Home Chef & Meal Preparation,10,8.99
2026-08-04,Bengaluru,srv-elder-01,Elder Assistance & Companionship,6,7.26
2026-08-04,Bengaluru,srv-elec-01,Electrical Repair & Wiring,11,11.61
2026-08-04,Bengaluru,srv-garden-01,Gardening & Balcony Greenery,7,6.08
2026-08-04,Bengaluru,srv-move-01,Moving & Heavy Lifting Assistance,4,4.94
2026-08-04,Bengaluru,srv-paint-01,Wall Painting & Waterproofing,4,3.52
2026-08-04,Bengaluru,srv-pest-01,Organic Pest Control,8,8.32
2026-08-04,Bengaluru,srv-plumb-01,Plumbing Repair & Leakage Fix,9,9.68
2026-08-04,Bengaluru,srv-soc-clean-01,Society Common Area Sanitization,3,3.21
2026-08-04,Bengaluru,srv-soc-event-01,Community Event Sound & Electrical Setup,3,2.18
2026-08-04,Bengaluru,srv-soc-tank-01,Water Sump & Overhead Tank Cleaning,3,2.71
2026-08-04,Bhopal,srv-ac-01,AC Deep Foam Jet Servicing,7,7.74
2026-08-04,Bhopal,srv-carp-01,Carpentry & Furniture Assembly,7,4.58
2026-08-04,Bhopal,srv-clean-01,Full Home Deep Cleaning,7,6.32
2026-08-04,Bhopal,srv-cook-01,Home Chef & Meal Preparation,5,5.64
2026-08-04,Bhopal,srv-elder-01,Elder Assistance & Companionship,4,4.14
2026-08-04,Bhopal,srv-elec-01,Electrical Repair & Wiring,7,7.02
2026-08-04,Bhopal,srv-garden-01,Gardening & Balcony Greenery,4,3.34
2026-08-04,Bhopal,srv-move-01,Moving & Heavy Lifting Assistance,2,2.95
2026-08-04,Bhopal,srv-paint-01,Wall Painting & Waterproofing,2,1.99
2026-08-04,Bhopal,srv-pest-01,Organic Pest Control,5,4.87
2026-08-04,Bhopal,srv-plumb-01,Plumbing Repair & Leakage Fix,6,5.51
2026-08-04,Bhopal,srv-soc-clean-01,Society Common Area Sanitization,2,2.08
2026-08-04,Bhopal,srv-soc-event-01,Community Event Sound & Electrical Setup,1,1.06
2026-08-04,Bhopal,srv-soc-tank-01,Water Sump & Overhead Tank Cleaning,4,1.95
2026-08-04,Chennai,srv-ac-01,AC Deep Foam Jet Servicing,10,10.73
2026-08-04,Chennai,srv-carp-01,Carpentry & Furniture Assembly,7,6.52
2026-08-04,Chennai,srv-clean-01,Full Home Deep Cleaning,8,9.53
2026-08-04,Chennai,srv-cook-01,Home Chef & Meal Preparation,7,7.1
2026-08-04,Chennai,srv-elder-01,Elder Assistance & Companionship,6,5.76
2026-08-04,Chennai,srv-elec-01,Electrical Repair & Wiring,10,9.36
2026-08-04,Chennai,srv-garden-01,Gardening & Balcony Greenery,6,5.44
2026-08-04,Chennai,srv-move-01,Moving & Heavy Lifting Assistance,3,4.57
2026-08-04,Chennai,srv-paint-01,Wall Painting & Waterproofing,3,2.75
2026-08-04,Chennai,srv-pest-01,Organic Pest Control,6,7.0
2026-08-04,Chennai,srv-plumb-01,Plumbing Repair & Leakage Fix,7,8.8
2026-08-04,Chennai,srv-soc-clean-01,Society Common Area Sanitization,3,2.96
2026-08-04,Chennai,srv-soc-event-01,Community Event Sound & Electrical Setup,2,1.99
2026-08-04,Chennai,srv-soc-tank-01,Water Sump & Overhead Tank Cleaning,3,2.5
2026-08-04,Coimbatore,srv-ac-01,AC Deep Foam Jet Servicing,7,7.87
2026-08-04,Coimbatore,srv-carp-01,Carpentry & Furniture Assembly,5,5.06
2026-08-04,Coimbatore,srv-clean-01,Full Home Deep Cleaning,6,6.49
2026-08-04,Coimbatore,srv-cook-01,Home Chef & Meal Preparation,5,5.44
2026-08-04,Coimbatore,srv-elder-01,Elder Assistance & Companionship,4,4.06
2026-08-04,Coimbatore,srv-elec-01,Electrical Repair & Wiring,7,7.39
2026-08-04,Coimbatore,srv-garden-01,Gardening & Balcony Greenery,4,3.79
2026-08-04,Coimbatore,srv-move-01,Moving & Heavy Lifting Assistance,2,2.58
2026-08-04,Coimbatore,srv-paint-01,Wall Painting & Waterproofing,2,1.95
2026-08-04,Coimbatore,srv-pest-01,Organic Pest Control,4,5.24
2026-08-04,Coimbatore,srv-plumb-01,Plumbing Repair & Leakage Fix,5,6.16
2026-08-04,Coimbatore,srv-soc-clean-01,Society Common Area Sanitization,2,2.04
2026-08-04,Coimbatore,srv-soc-event-01,Community Event Sound & Electrical Setup,2,1.07
2026-08-04,Coimbatore,srv-soc-tank-01,Water Sump & Overhead Tank Cleaning,2,1.9
2026-08-04,Delhi NCR,srv-ac-01,AC Deep Foam Jet Servicing,11,14.59
2026-08-04,Delhi NCR,srv-carp-01,Carpentry & Furniture Assembly,10,8.16
2026-08-04,Delhi NCR,srv-clean-01,Full Home Deep Cleaning,11,12.78
2026-08-04,Delhi NCR,srv-cook-01,Home Chef & Meal Preparation,9,9.11
2026-08-04,Delhi NCR,srv-elder-01,Elder Assistance & Companionship,6,7.39
2026-08-04,Delhi NCR,srv-elec-01,Electrical Repair & Wiring,13,12.4
2026-08-04,Delhi NCR,srv-garden-01,Gardening & Balcony Greenery,7,6.4
2026-08-04,Delhi NCR,srv-move-01,Moving & Heavy Lifting Assistance,4,4.53
2026-08-04,Delhi NCR,srv-paint-01,Wall Painting & Waterproofing,3,3.81
2026-08-04,Delhi NCR,srv-pest-01,Organic Pest Control,8,7.97
2026-08-04,Delhi NCR,srv-plumb-01,Plumbing Repair & Leakage Fix,12,9.03
2026-08-04,Delhi NCR,srv-soc-clean-01,Society Common Area Sanitization,4,3.65
2026-08-04,Delhi NCR,srv-soc-event-01,Community Event Sound & Electrical Setup,3,2.17
2026-08-04,Delhi NCR,srv-soc-tank-01,Water Sump & Overhead Tank Cleaning,4,2.92
2026-08-04,Gurugram,srv-ac-01,AC Deep Foam Jet Servicing,8,13.27
2026-08-04,Gurugram,srv-carp-01,Carpentry & Furniture Assembly,8,6.01
2026-08-04,Gurugram,srv-clean-01,Full Home Deep Cleaning,8,7.36
2026-08-04,Gurugram,srv-cook-01,Home Chef & Meal Preparation,7,6.62
2026-08-04,Gurugram,srv-elder-01,Elder Assistance & Companionship,5,5.3
2026-08-04,Gurugram,srv-elec-01,Electrical Repair & Wiring,9,9.22
2026-08-04,Gurugram,srv-garden-01,Gardening & Balcony Greenery,5,4.5
2026-08-04,Gurugram,srv-move-01,Moving & Heavy Lifting Assistance,3,3.45
2026-08-04,Gurugram,srv-paint-01,Wall Painting & Waterproofing,3,2.48
2026-08-04,Gurugram,srv-pest-01,Organic Pest Control,5,6.14
2026-08-04,Gurugram,srv-plumb-01,Plumbing Repair & Leakage Fix,8,6.82
2026-08-04,Gurugram,srv-soc-clean-01,Society Common Area Sanitization,2,2.19
2026-08-04,Gurugram,srv-soc-event-01,Community Event Sound & Electrical Setup,2,1.9
2026-08-04,Gurugram,srv-soc-tank-01,Water Sump & Overhead Tank Cleaning,2,2.18
2026-08-04,Hyderabad,srv-ac-01,AC Deep Foam Jet Servicing,11,12.22
2026-08-04,Hyderabad,srv-carp-01,Carpentry & Furniture Assembly,6,7.88
2026-08-04,Hyderabad,srv-clean-01,Full Home Deep Cleaning,9,9.61
2026-08-04,Hyderabad,srv-cook-01,Home Chef & Meal Preparation,8,7.76
2026-08-04,Hyderabad,srv-elder-01,Elder Assistance & Companionship,6,6.14
2026-08-04,Hyderabad,srv-elec-01,Electrical Repair & Wiring,11,9.54
2026-08-04,Hyderabad,srv-garden-01,Gardening & Balcony Greenery,7,6.08
2026-08-04,Hyderabad,srv-move-01,Moving & Heavy Lifting Assistance,4,4.25
2026-08-04,Hyderabad,srv-paint-01,Wall Painting & Waterproofing,3,3.03
2026-08-04,Hyderabad,srv-pest-01,Organic Pest Control,8,7.8
2026-08-04,Hyderabad,srv-plumb-01,Plumbing Repair & Leakage Fix,8,8.23
2026-08-04,Hyderabad,srv-soc-clean-01,Society Common Area Sanitization,3,3.02
2026-08-04,Hyderabad,srv-soc-event-01,Community Event Sound & Electrical Setup,2,2.14
2026-08-04,Hyderabad,srv-soc-tank-01,Water Sump & Overhead Tank Cleaning,3,2.61
2026-08-04,Indore,srv-ac-01,AC Deep Foam Jet Servicing,8,8.5
2026-08-04,Indore,srv-carp-01,Carpentry & Furniture Assembly,6,5.53
2026-08-04,Indore,srv-clean-01,Full Home Deep Cleaning,7,7.49
2026-08-04,Indore,srv-cook-01,Home Chef & Meal Preparation,7,5.86
2026-08-04,Indore,srv-elder-01,Elder Assistance & Companionship,5,4.57
2026-08-04,Indore,srv-elec-01,Electrical Repair & Wiring,7,7.92
2026-08-04,Indore,srv-garden-01,Gardening & Balcony Greenery,4,3.68
2026-08-04,Indore,srv-move-01,Moving & Heavy Lifting Assistance,3,3.04
2026-08-04,Indore,srv-paint-01,Wall Painting & Waterproofing,2,2.07
2026-08-04,Indore,srv-pest-01,Organic Pest Control,6,5.5
2026-08-04,Indore,srv-plumb-01,Plumbing Repair & Leakage Fix,7,6.61
2026-08-04,Indore,srv-soc-clean-01,Society Common Area Sanitization,2,2.13
2026-08-04,Indore,srv-soc-event-01,Community Event Sound & Electrical Setup,1,1.75
2026-08-04,Indore,srv-soc-tank-01,Water Sump & Overhead Tank Cleaning,2,2.05
2026-08-04,Jaipur,srv-ac-01,AC Deep Foam Jet Servicing,7,8.15
2026-08-04,Jaipur,srv-carp-01,Carpentry & Furniture Assembly,5,5.42
2026-08-04,Jaipur,srv-clean-01,Full Home Deep Cleaning,7,7.5
2026-08-04,Jaipur,srv-cook-01,Home Chef & Meal Preparation,6,5.97
2026-08-04,Jaipur,srv-elder-01,Elder Assistance & Companionship,5,5.05
2026-08-04,Jaipur,srv-elec-01,Electrical Repair & Wiring,8,7.94
2026-08-04,Jaipur,srv-garden-01,Gardening & Balcony Greenery,4,3.99
2026-08-04,Jaipur,srv-move-01,Moving & Heavy Lifting Assistance,3,3.13
2026-08-04,Jaipur,srv-paint-01,Wall Painting & Waterproofing,2,2.13
2026-08-04,Jaipur,srv-pest-01,Organic Pest Control,5,5.52
2026-08-04,Jaipur,srv-plumb-01,Plumbing Repair & Leakage Fix,8,6.84
2026-08-04,Jaipur,srv-soc-clean-01,Society Common Area Sanitization,2,2.14
2026-08-04,Jaipur,srv-soc-event-01,Community Event Sound & Electrical Setup,2,1.71
2026-08-04,Jaipur,srv-soc-tank-01,Water Sump & Overhead Tank Cleaning,2,2.16
2026-08-04,Kochi,srv-ac-01,AC Deep Foam Jet Servicing,7,8.32
2026-08-04,Kochi,srv-carp-01,Carpentry & Furniture Assembly,5,5.49
2026-08-04,Kochi,srv-clean-01,Full Home Deep Cleaning,8,6.51
2026-08-04,Kochi,srv-cook-01,Home Chef & Meal Preparation,6,5.73
2026-08-04,Kochi,srv-elder-01,Elder Assistance & Companionship,4,4.5
2026-08-04,Kochi,srv-elec-01,Electrical Repair & Wiring,11,7.67
2026-08-04,Kochi,srv-garden-01,Gardening & Balcony Greenery,4,3.74
2026-08-04,Kochi,srv-move-01,Moving & Heavy Lifting Assistance,3,3.1
2026-08-04,Kochi,srv-paint-01,Wall Painting & Waterproofing,2,2.14
2026-08-04,Kochi,srv-pest-01,Organic Pest Control,6,5.15
2026-08-04,Kochi,srv-plumb-01,Plumbing Repair & Leakage Fix,7,6.1
2026-08-04,Kochi,srv-soc-clean-01,Society Common Area Sanitization,2,2.15
2026-08-04,Kochi,srv-soc-event-01,Community Event Sound & Electrical Setup,1,1.14
2026-08-04,Kochi,srv-soc-tank-01,Water Sump & Overhead Tank Cleaning,2,2.03
2026-08-04,Kolkata,srv-ac-01,AC Deep Foam Jet Servicing,10,11.7
2026-08-04,Kolkata,srv-carp-01,Carpentry & Furniture Assembly,6,7.51
2026-08-04,Kolkata,srv-clean-01,Full Home Deep Cleaning,9,10.19
2026-08-04,Kolkata,srv-cook-01,Home Chef & Meal Preparation,8,8.46
2026-08-04,Kolkata,srv-elder-01,Elder Assistance & Companionship,6,6.74
2026-08-04,Kolkata,srv-elec-01,Electrical Repair & Wiring,10,13.64
2026-08-04,Kolkata,srv-garden-01,Gardening & Balcony Greenery,6,5.27
2026-08-04,Kolkata,srv-move-01,Moving & Heavy Lifting Assistance,4,4.35
2026-08-04,Kolkata,srv-paint-01,Wall Painting & Waterproofing,3,3.02
2026-08-04,Kolkata,srv-pest-01,Organic Pest Control,7,7.77
2026-08-04,Kolkata,srv-plumb-01,Plumbing Repair & Leakage Fix,10,8.32
2026-08-04,Kolkata,srv-soc-clean-01,Society Common Area Sanitization,3,3.19
2026-08-04,Kolkata,srv-soc-event-01,Community Event Sound & Electrical Setup,2,2.01
2026-08-04,Kolkata,srv-soc-tank-01,Water Sump & Overhead Tank Cleaning,2,2.52
2026-08-04,Lucknow,srv-ac-01,AC Deep Foam Jet Servicing,7,8.91
2026-08-04,Lucknow,srv-carp-01,Carpentry & Furniture Assembly,6,5.52
2026-08-04,Lucknow,srv-clean-01,Full Home Deep Cleaning,7,9.24
2026-08-04,Lucknow,srv-cook-01,Home Chef & Meal Preparation,6,6.81
2026-08-04,Lucknow,srv-elder-01,Elder Assistance & Companionship,5,4.85
2026-08-04,Lucknow,srv-elec-01,Electrical Repair & Wiring,8,8.7
2026-08-04,Lucknow,srv-garden-01,Gardening & Balcony Greenery,4,4.44
2026-08-04,Lucknow,srv-move-01,Moving & Heavy Lifting Assistance,3,3.38
2026-08-04,Lucknow,srv-paint-01,Wall Painting & Waterproofing,3,2.3
2026-08-04,Lucknow,srv-pest-01,Organic Pest Control,6,6.15
2026-08-04,Lucknow,srv-plumb-01,Plumbing Repair & Leakage Fix,8,6.98
2026-08-04,Lucknow,srv-soc-clean-01,Society Common Area Sanitization,2,2.3
2026-08-04,Lucknow,srv-soc-event-01,Community Event Sound & Electrical Setup,1,1.95
2026-08-04,Lucknow,srv-soc-tank-01,Water Sump & Overhead Tank Cleaning,2,2.25
2026-08-04,Mumbai,srv-ac-01,AC Deep Foam Jet Servicing,13,13.9
2026-08-04,Mumbai,srv-carp-01,Carpentry & Furniture Assembly,10,8.54
2026-08-04,Mumbai,srv-clean-01,Full Home Deep Cleaning,13,11.23
2026-08-04,Mumbai,srv-cook-01,Home Chef & Meal Preparation,11,9.73
2026-08-04,Mumbai,srv-elder-01,Elder Assistance & Companionship,8,7.65
2026-08-04,Mumbai,srv-elec-01,Electrical Repair & Wiring,14,13.57
2026-08-04,Mumbai,srv-garden-01,Gardening & Balcony Greenery,6,6.31
2026-08-04,Mumbai,srv-move-01,Moving & Heavy Lifting Assistance,4,6.84
2026-08-04,Mumbai,srv-paint-01,Wall Painting & Waterproofing,4,3.66
2026-08-04,Mumbai,srv-pest-01,Organic Pest Control,8,8.53
2026-08-04,Mumbai,srv-plumb-01,Plumbing Repair & Leakage Fix,11,11.16
2026-08-04,Mumbai,srv-soc-clean-01,Society Common Area Sanitization,4,3.9
2026-08-04,Mumbai,srv-soc-event-01,Community Event Sound & Electrical Setup,3,2.59
2026-08-04,Mumbai,srv-soc-tank-01,Water Sump & Overhead Tank Cleaning,4,3.38
2026-08-04,Nagpur,srv-ac-01,AC Deep Foam Jet Servicing,7,9.18
2026-08-04,Nagpur,srv-carp-01,Carpentry & Furniture Assembly,5,5.44
2026-08-04,Nagpur,srv-clean-01,Full Home Deep Cleaning,8,7.06
2026-08-04,Nagpur,srv-cook-01,Home Chef & Meal Preparation,6,5.69
2026-08-04,Nagpur,srv-elder-01,Elder Assistance & Companionship,5,4.51
2026-08-04,Nagpur,srv-elec-01,Electrical Repair & Wiring,7,7.37
2026-08-04,Nagpur,srv-garden-01,Gardening & Balcony Greenery,4,3.68
2026-08-04,Nagpur,srv-move-01,Moving & Heavy Lifting Assistance,2,3.18
2026-08-04,Nagpur,srv-paint-01,Wall Painting & Waterproofing,2,2.13
2026-08-04,Nagpur,srv-pest-01,Organic Pest Control,5,5.32
2026-08-04,Nagpur,srv-plumb-01,Plumbing Repair & Leakage Fix,6,6.18
2026-08-04,Nagpur,srv-soc-clean-01,Society Common Area Sanitization,3,2.14
2026-08-04,Nagpur,srv-soc-event-01,Community Event Sound & Electrical Setup,1,1.42
2026-08-04,Nagpur,srv-soc-tank-01,Water Sump & Overhead Tank Cleaning,2,1.97
2026-08-04,Patna,srv-ac-01,AC Deep Foam Jet Servicing,7,8.43
2026-08-04,Patna,srv-carp-01,Carpentry & Furniture Assembly,5,5.0
2026-08-04,Patna,srv-clean-01,Full Home Deep Cleaning,7,6.77
2026-08-04,Patna,srv-cook-01,Home Chef & Meal Preparation,6,5.37
2026-08-04,Patna,srv-elder-01,Elder Assistance & Companionship,5,4.27
2026-08-04,Patna,srv-elec-01,Electrical Repair & Wiring,8,7.33
2026-08-04,Patna,srv-garden-01,Gardening & Balcony Greenery,4,3.43
2026-08-04,Patna,srv-move-01,Moving & Heavy Lifting Assistance,2,3.19
2026-08-04,Patna,srv-paint-01,Wall Painting & Waterproofing,2,2.1
2026-08-04,Patna,srv-pest-01,Organic Pest Control,4,5.04
2026-08-04,Patna,srv-plumb-01,Plumbing Repair & Leakage Fix,7,5.82
2026-08-04,Patna,srv-soc-clean-01,Society Common Area Sanitization,2,2.07
2026-08-04,Patna,srv-soc-event-01,Community Event Sound & Electrical Setup,1,1.1
2026-08-04,Patna,srv-soc-tank-01,Water Sump & Overhead Tank Cleaning,2,1.95
2026-08-04,Pune,srv-ac-01,AC Deep Foam Jet Servicing,8,10.3
2026-08-04,Pune,srv-carp-01,Carpentry & Furniture Assembly,7,6.55
2026-08-04,Pune,srv-clean-01,Full Home Deep Cleaning,8,8.21
2026-08-04,Pune,srv-cook-01,Home Chef & Meal Preparation,6,6.84
2026-08-04,Pune,srv-elder-01,Elder Assistance & Companionship,6,5.72
2026-08-04,Pune,srv-elec-01,Electrical Repair & Wiring,10,9.27
2026-08-04,Pune,srv-garden-01,Gardening & Balcony Greenery,5,4.92
2026-08-04,Pune,srv-move-01,Moving & Heavy Lifting Assistance,3,3.27
2026-08-04,Pune,srv-paint-01,Wall Painting & Waterproofing,2,2.51
2026-08-04,Pune,srv-pest-01,Organic Pest Control,7,6.31
2026-08-04,Pune,srv-plumb-01,Plumbing Repair & Leakage Fix,7,7.59
2026-08-04,Pune,srv-soc-clean-01,Society Common Area Sanitization,4,2.51
2026-08-04,Pune,srv-soc-event-01,Community Event Sound & Electrical Setup,2,1.97
2026-08-04,Pune,srv-soc-tank-01,Water Sump & Overhead Tank Cleaning,2,2.28
2026-08-04,Surat,srv-ac-01,AC Deep Foam Jet Servicing,7,8.37
2026-08-04,Surat,srv-carp-01,Carpentry & Furniture Assembly,5,5.68
2026-08-04,Surat,srv-clean-01,Full Home Deep Cleaning,7,7.07
2026-08-04,Surat,srv-cook-01,Home Chef & Meal Preparation,7,5.96
2026-08-04,Surat,srv-elder-01,Elder Assistance & Companionship,4,4.97
2026-08-04,Surat,srv-elec-01,Electrical Repair & Wiring,9,8.61
2026-08-04,Surat,srv-garden-01,Gardening & Balcony Greenery,5,4.12
2026-08-04,Surat,srv-move-01,Moving & Heavy Lifting Assistance,2,3.29
2026-08-04,Surat,srv-paint-01,Wall Painting & Waterproofing,2,2.05
2026-08-04,Surat,srv-pest-01,Organic Pest Control,6,5.5
2026-08-04,Surat,srv-plumb-01,Plumbing Repair & Leakage Fix,6,6.64
2026-08-04,Surat,srv-soc-clean-01,Society Common Area Sanitization,2,2.25
2026-08-04,Surat,srv-soc-event-01,Community Event Sound & Electrical Setup,1,1.37
2026-08-04,Surat,srv-soc-tank-01,Water Sump & Overhead Tank Cleaning,2,2.14
2026-08-04,Vadodara,srv-ac-01,AC Deep Foam Jet Servicing,8,7.64
2026-08-04,Vadodara,srv-carp-01,Carpentry & Furniture Assembly,5,4.91
2026-08-04,Vadodara,srv-clean-01,Full Home Deep Cleaning,7,5.8
2026-08-04,Vadodara,srv-cook-01,Home Chef & Meal Preparation,6,5.31
2026-08-04,Vadodara,srv-elder-01,Elder Assistance & Companionship,4,4.25
2026-08-04,Vadodara,srv-elec-01,Electrical Repair & Wiring,7,6.63
2026-08-04,Vadodara,srv-garden-01,Gardening & Balcony Greenery,5,3.34
2026-08-04,Vadodara,srv-move-01,Moving & Heavy Lifting Assistance,3,2.57
2026-08-04,Vadodara,srv-paint-01,Wall Painting & Waterproofing,2,2.09
2026-08-04,Vadodara,srv-pest-01,Organic Pest Control,5,5.09
2026-08-04,Vadodara,srv-plumb-01,Plumbing Repair & Leakage Fix,8,6.04
2026-08-04,Vadodara,srv-soc-clean-01,Society Common Area Sanitization,2,2.02
2026-08-04,Vadodara,srv-soc-event-01,Community Event Sound & Electrical Setup,1,1.05
2026-08-04,Vadodara,srv-soc-tank-01,Water Sump & Overhead Tank Cleaning,2,1.94
2026-08-04,Visakhapatnam,srv-ac-01,AC Deep Foam Jet Servicing,7,8.28
2026-08-04,Visakhapatnam,srv-carp-01,Carpentry & Furniture Assembly,4,4.76
2026-08-04,Visakhapatnam,srv-clean-01,Full Home Deep Cleaning,6,6.3
2026-08-04,Visakhapatnam,srv-cook-01,Home Chef & Meal Preparation,5,5.44
2026-08-04,Visakhapatnam,srv-elder-01,Elder Assistance & Companionship,4,4.51
2026-08-04,Visakhapatnam,srv-elec-01,Electrical Repair & Wiring,7,7.16
2026-08-04,Visakhapatnam,srv-garden-01,Gardening & Balcony Greenery,5,3.88
2026-08-04,Visakhapatnam,srv-move-01,Moving & Heavy Lifting Assistance,3,2.62
2026-08-04,Visakhapatnam,srv-paint-01,Wall Painting & Waterproofing,2,2.08
2026-08-04,Visakhapatnam,srv-pest-01,Organic Pest Control,5,4.83
2026-08-04,Visakhapatnam,srv-plumb-01,Plumbing Repair & Leakage Fix,6,6.05
2026-08-04,Visakhapatnam,srv-soc-clean-01,Society Common Area Sanitization,2,2.13
2026-08-04,Visakhapatnam,srv-soc-event-01,Community Event Sound & Electrical Setup,1,1.08
2026-08-04,Visakhapatnam,srv-soc-tank-01,Water Sump & Overhead Tank Cleaning,2,1.91
2026-08-05,Ahmedabad,srv-ac-01,AC Deep Foam Jet Servicing,10,9.97
2026-08-05,Ahmedabad,srv-carp-01,Carpentry & Furniture Assembly,6,6.21
2026-08-05,Ahmedabad,srv-clean-01,Full Home Deep Cleaning,7,7.84
2026-08-05,Ahmedabad,srv-cook-01,Home Chef & Meal Preparation,8,6.58
2026-08-05,Ahmedabad,srv-elder-01,Elder Assistance & Companionship,5,5.35
2026-08-05,Ahmedabad,srv-elec-01,Electrical Repair & Wiring,10,9.9
2026-08-05,Ahmedabad,srv-garden-01,Gardening & Balcony Greenery,6,4.29
2026-08-05,Ahmedabad,srv-move-01,Moving & Heavy Lifting Assistance,3,4.42
2026-08-05,Ahmedabad,srv-paint-01,Wall Painting & Waterproofing,2,2.46
2026-08-05,Ahmedabad,srv-pest-01,Organic Pest Control,6,6.18
2026-08-05,Ahmedabad,srv-plumb-01,Plumbing Repair & Leakage Fix,8,6.88
2026-08-05,Ahmedabad,srv-soc-clean-01,Society Common Area Sanitization,3,2.4
2026-08-05,Ahmedabad,srv-soc-event-01,Community Event Sound & Electrical Setup,2,1.83
2026-08-05,Ahmedabad,srv-soc-tank-01,Water Sump & Overhead Tank Cleaning,2,2.25
2026-08-05,Bengaluru,srv-ac-01,AC Deep Foam Jet Servicing,10,13.71
2026-08-05,Bengaluru,srv-carp-01,Carpentry & Furniture Assembly,9,7.56
2026-08-05,Bengaluru,srv-clean-01,Full Home Deep Cleaning,10,11.19
2026-08-05,Bengaluru,srv-cook-01,Home Chef & Meal Preparation,9,9.8
2026-08-05,Bengaluru,srv-elder-01,Elder Assistance & Companionship,8,7.01
2026-08-05,Bengaluru,srv-elec-01,Electrical Repair & Wiring,14,11.91
2026-08-05,Bengaluru,srv-garden-01,Gardening & Balcony Greenery,10,5.8
2026-08-05,Bengaluru,srv-move-01,Moving & Heavy Lifting Assistance,3,4.25
2026-08-05,Bengaluru,srv-paint-01,Wall Painting & Waterproofing,4,3.66
2026-08-05,Bengaluru,srv-pest-01,Organic Pest Control,7,8.16
2026-08-05,Bengaluru,srv-plumb-01,Plumbing Repair & Leakage Fix,11,9.62
2026-08-05,Bengaluru,srv-soc-clean-01,Society Common Area Sanitization,3,3.24
2026-08-05,Bengaluru,srv-soc-event-01,Community Event Sound & Electrical Setup,2,2.54
2026-08-05,Bengaluru,srv-soc-tank-01,Water Sump & Overhead Tank Cleaning,3,2.77
2026-08-05,Bhopal,srv-ac-01,AC Deep Foam Jet Servicing,7,8.3
2026-08-05,Bhopal,srv-carp-01,Carpentry & Furniture Assembly,5,4.65
2026-08-05,Bhopal,srv-clean-01,Full Home Deep Cleaning,7,6.49
2026-08-05,Bhopal,srv-cook-01,Home Chef & Meal Preparation,6,6.17
2026-08-05,Bhopal,srv-elder-01,Elder Assistance & Companionship,4,4.19
2026-08-05,Bhopal,srv-elec-01,Electrical Repair & Wiring,7,7.39
2026-08-05,Bhopal,srv-garden-01,Gardening & Balcony Greenery,4,3.41
2026-08-05,Bhopal,srv-move-01,Moving & Heavy Lifting Assistance,2,2.41
2026-08-05,Bhopal,srv-paint-01,Wall Painting & Waterproofing,2,2.01
2026-08-05,Bhopal,srv-pest-01,Organic Pest Control,4,5.02
2026-08-05,Bhopal,srv-plumb-01,Plumbing Repair & Leakage Fix,5,5.69
2026-08-05,Bhopal,srv-soc-clean-01,Society Common Area Sanitization,2,2.05
2026-08-05,Bhopal,srv-soc-event-01,Community Event Sound & Electrical Setup,1,1.07
2026-08-05,Bhopal,srv-soc-tank-01,Water Sump & Overhead Tank Cleaning,2,2.04
2026-08-05,Chennai,srv-ac-01,AC Deep Foam Jet Servicing,9,10.16
2026-08-05,Chennai,srv-carp-01,Carpentry & Furniture Assembly,7,6.61
2026-08-05,Chennai,srv-clean-01,Full Home Deep Cleaning,8,9.32
2026-08-05,Chennai,srv-cook-01,Home Chef & Meal Preparation,8,7.32
2026-08-05,Chennai,srv-elder-01,Elder Assistance & Companionship,7,6.18
2026-08-05,Chennai,srv-elec-01,Electrical Repair & Wiring,9,10.14
2026-08-05,Chennai,srv-garden-01,Gardening & Balcony Greenery,6,5.38
2026-08-05,Chennai,srv-move-01,Moving & Heavy Lifting Assistance,4,3.86
2026-08-05,Chennai,srv-paint-01,Wall Painting & Waterproofing,2,2.84
2026-08-05,Chennai,srv-pest-01,Organic Pest Control,7,6.59
2026-08-05,Chennai,srv-plumb-01,Plumbing Repair & Leakage Fix,9,7.98
2026-08-05,Chennai,srv-soc-clean-01,Society Common Area Sanitization,4,2.98
2026-08-05,Chennai,srv-soc-event-01,Community Event Sound & Electrical Setup,2,1.99
2026-08-05,Chennai,srv-soc-tank-01,Water Sump & Overhead Tank Cleaning,3,2.47
2026-08-05,Coimbatore,srv-ac-01,AC Deep Foam Jet Servicing,8,8.12
2026-08-05,Coimbatore,srv-carp-01,Carpentry & Furniture Assembly,5,5.17
2026-08-05,Coimbatore,srv-clean-01,Full Home Deep Cleaning,8,6.4
2026-08-05,Coimbatore,srv-cook-01,Home Chef & Meal Preparation,5,5.28
2026-08-05,Coimbatore,srv-elder-01,Elder Assistance & Companionship,4,4.55
2026-08-05,Coimbatore,srv-elec-01,Electrical Repair & Wiring,8,7.73
2026-08-05,Coimbatore,srv-garden-01,Gardening & Balcony Greenery,4,3.84
2026-08-05,Coimbatore,srv-move-01,Moving & Heavy Lifting Assistance,2,2.21
2026-08-05,Coimbatore,srv-paint-01,Wall Painting & Waterproofing,2,2.0
2026-08-05,Coimbatore,srv-pest-01,Organic Pest Control,5,4.84
2026-08-05,Coimbatore,srv-plumb-01,Plumbing Repair & Leakage Fix,7,5.77
2026-08-05,Coimbatore,srv-soc-clean-01,Society Common Area Sanitization,2,2.04
2026-08-05,Coimbatore,srv-soc-event-01,Community Event Sound & Electrical Setup,1,1.16
2026-08-05,Coimbatore,srv-soc-tank-01,Water Sump & Overhead Tank Cleaning,2,1.88
2026-08-05,Delhi NCR,srv-ac-01,AC Deep Foam Jet Servicing,14,14.61
2026-08-05,Delhi NCR,srv-carp-01,Carpentry & Furniture Assembly,8,8.11
2026-08-05,Delhi NCR,srv-clean-01,Full Home Deep Cleaning,11,12.39
2026-08-05,Delhi NCR,srv-cook-01,Home Chef & Meal Preparation,10,8.82
2026-08-05,Delhi NCR,srv-elder-01,Elder Assistance & Companionship,8,6.98
2026-08-05,Delhi NCR,srv-elec-01,Electrical Repair & Wiring,14,12.47
2026-08-05,Delhi NCR,srv-garden-01,Gardening & Balcony Greenery,7,6.62
2026-08-05,Delhi NCR,srv-move-01,Moving & Heavy Lifting Assistance,4,4.41
2026-08-05,Delhi NCR,srv-paint-01,Wall Painting & Waterproofing,3,3.39
2026-08-05,Delhi NCR,srv-pest-01,Organic Pest Control,13,7.96
2026-08-05,Delhi NCR,srv-plumb-01,Plumbing Repair & Leakage Fix,10,9.48
2026-08-05,Delhi NCR,srv-soc-clean-01,Society Common Area Sanitization,3,3.79
2026-08-05,Delhi NCR,srv-soc-event-01,Community Event Sound & Electrical Setup,3,2.41
2026-08-05,Delhi NCR,srv-soc-tank-01,Water Sump & Overhead Tank Cleaning,3,2.81
2026-08-05,Gurugram,srv-ac-01,AC Deep Foam Jet Servicing,13,15.25
2026-08-05,Gurugram,srv-carp-01,Carpentry & Furniture Assembly,5,6.76
2026-08-05,Gurugram,srv-clean-01,Full Home Deep Cleaning,10,8.01
2026-08-05,Gurugram,srv-cook-01,Home Chef & Meal Preparation,6,6.72
2026-08-05,Gurugram,srv-elder-01,Elder Assistance & Companionship,10,5.72
2026-08-05,Gurugram,srv-elec-01,Electrical Repair & Wiring,9,8.82
2026-08-05,Gurugram,srv-garden-01,Gardening & Balcony Greenery,6,4.77
2026-08-05,Gurugram,srv-move-01,Moving & Heavy Lifting Assistance,3,3.2
2026-08-05,Gurugram,srv-paint-01,Wall Painting & Waterproofing,2,2.53
2026-08-05,Gurugram,srv-pest-01,Organic Pest Control,5,6.33
2026-08-05,Gurugram,srv-plumb-01,Plumbing Repair & Leakage Fix,7,7.08
2026-08-05,Gurugram,srv-soc-clean-01,Society Common Area Sanitization,3,2.3
2026-08-05,Gurugram,srv-soc-event-01,Community Event Sound & Electrical Setup,1,2.04
2026-08-05,Gurugram,srv-soc-tank-01,Water Sump & Overhead Tank Cleaning,3,2.22
2026-08-05,Hyderabad,srv-ac-01,AC Deep Foam Jet Servicing,11,12.66
2026-08-05,Hyderabad,srv-carp-01,Carpentry & Furniture Assembly,8,7.73
2026-08-05,Hyderabad,srv-clean-01,Full Home Deep Cleaning,9,10.0
2026-08-05,Hyderabad,srv-cook-01,Home Chef & Meal Preparation,8,7.82
2026-08-05,Hyderabad,srv-elder-01,Elder Assistance & Companionship,6,6.3
2026-08-05,Hyderabad,srv-elec-01,Electrical Repair & Wiring,11,9.98
2026-08-05,Hyderabad,srv-garden-01,Gardening & Balcony Greenery,5,6.42
2026-08-05,Hyderabad,srv-move-01,Moving & Heavy Lifting Assistance,3,3.63
2026-08-05,Hyderabad,srv-paint-01,Wall Painting & Waterproofing,3,3.06
2026-08-05,Hyderabad,srv-pest-01,Organic Pest Control,8,7.54
2026-08-05,Hyderabad,srv-plumb-01,Plumbing Repair & Leakage Fix,7,8.66
2026-08-05,Hyderabad,srv-soc-clean-01,Society Common Area Sanitization,2,2.97
2026-08-05,Hyderabad,srv-soc-event-01,Community Event Sound & Electrical Setup,3,2.12
2026-08-05,Hyderabad,srv-soc-tank-01,Water Sump & Overhead Tank Cleaning,3,2.54
2026-08-05,Indore,srv-ac-01,AC Deep Foam Jet Servicing,7,9.1
2026-08-05,Indore,srv-carp-01,Carpentry & Furniture Assembly,5,5.51
2026-08-05,Indore,srv-clean-01,Full Home Deep Cleaning,7,6.9
2026-08-05,Indore,srv-cook-01,Home Chef & Meal Preparation,7,5.96
2026-08-05,Indore,srv-elder-01,Elder Assistance & Companionship,6,4.9
2026-08-05,Indore,srv-elec-01,Electrical Repair & Wiring,9,8.0
2026-08-05,Indore,srv-garden-01,Gardening & Balcony Greenery,5,3.88
2026-08-05,Indore,srv-move-01,Moving & Heavy Lifting Assistance,2,3.05
2026-08-05,Indore,srv-paint-01,Wall Painting & Waterproofing,2,2.1
2026-08-05,Indore,srv-pest-01,Organic Pest Control,5,5.61
2026-08-05,Indore,srv-plumb-01,Plumbing Repair & Leakage Fix,6,6.76
2026-08-05,Indore,srv-soc-clean-01,Society Common Area Sanitization,2,2.1
2026-08-05,Indore,srv-soc-event-01,Community Event Sound & Electrical Setup,1,1.64
2026-08-05,Indore,srv-soc-tank-01,Water Sump & Overhead Tank Cleaning,2,1.97
2026-08-05,Jaipur,srv-ac-01,AC Deep Foam Jet Servicing,9,8.07
2026-08-05,Jaipur,srv-carp-01,Carpentry & Furniture Assembly,6,5.4
2026-08-05,Jaipur,srv-clean-01,Full Home Deep Cleaning,8,6.83
2026-08-05,Jaipur,srv-cook-01,Home Chef & Meal Preparation,7,6.04
2026-08-05,Jaipur,srv-elder-01,Elder Assistance & Companionship,4,5.38
2026-08-05,Jaipur,srv-elec-01,Electrical Repair & Wiring,8,7.75
2026-08-05,Jaipur,srv-garden-01,Gardening & Balcony Greenery,8,4.01
2026-08-05,Jaipur,srv-move-01,Moving & Heavy Lifting Assistance,3,3.02
2026-08-05,Jaipur,srv-paint-01,Wall Painting & Waterproofing,2,2.16
2026-08-05,Jaipur,srv-pest-01,Organic Pest Control,5,5.42
2026-08-05,Jaipur,srv-plumb-01,Plumbing Repair & Leakage Fix,6,6.87
2026-08-05,Jaipur,srv-soc-clean-01,Society Common Area Sanitization,2,2.14
2026-08-05,Jaipur,srv-soc-event-01,Community Event Sound & Electrical Setup,1,1.73
2026-08-05,Jaipur,srv-soc-tank-01,Water Sump & Overhead Tank Cleaning,2,2.14
2026-08-05,Kochi,srv-ac-01,AC Deep Foam Jet Servicing,8,8.6
2026-08-05,Kochi,srv-carp-01,Carpentry & Furniture Assembly,6,5.54
2026-08-05,Kochi,srv-clean-01,Full Home Deep Cleaning,6,6.68
2026-08-05,Kochi,srv-cook-01,Home Chef & Meal Preparation,6,6.03
2026-08-05,Kochi,srv-elder-01,Elder Assistance & Companionship,4,4.38
2026-08-05,Kochi,srv-elec-01,Electrical Repair & Wiring,9,7.46
2026-08-05,Kochi,srv-garden-01,Gardening & Balcony Greenery,5,3.75
2026-08-05,Kochi,srv-move-01,Moving & Heavy Lifting Assistance,2,2.7
2026-08-05,Kochi,srv-paint-01,Wall Painting & Waterproofing,2,2.15
2026-08-05,Kochi,srv-pest-01,Organic Pest Control,6,5.38
2026-08-05,Kochi,srv-plumb-01,Plumbing Repair & Leakage Fix,5,6.25
2026-08-05,Kochi,srv-soc-clean-01,Society Common Area Sanitization,2,2.12
2026-08-05,Kochi,srv-soc-event-01,Community Event Sound & Electrical Setup,1,1.15
2026-08-05,Kochi,srv-soc-tank-01,Water Sump & Overhead Tank Cleaning,2,1.95
2026-08-05,Kolkata,srv-ac-01,AC Deep Foam Jet Servicing,10,11.01
2026-08-05,Kolkata,srv-carp-01,Carpentry & Furniture Assembly,8,6.99
2026-08-05,Kolkata,srv-clean-01,Full Home Deep Cleaning,9,10.72
2026-08-05,Kolkata,srv-cook-01,Home Chef & Meal Preparation,8,8.83
2026-08-05,Kolkata,srv-elder-01,Elder Assistance & Companionship,5,6.57
2026-08-05,Kolkata,srv-elec-01,Electrical Repair & Wiring,11,14.98
2026-08-05,Kolkata,srv-garden-01,Gardening & Balcony Greenery,6,5.71
2026-08-05,Kolkata,srv-move-01,Moving & Heavy Lifting Assistance,4,4.0
2026-08-05,Kolkata,srv-paint-01,Wall Painting & Waterproofing,3,3.05
2026-08-05,Kolkata,srv-pest-01,Organic Pest Control,7,7.63
2026-08-05,Kolkata,srv-plumb-01,Plumbing Repair & Leakage Fix,9,9.35
2026-08-05,Kolkata,srv-soc-clean-01,Society Common Area Sanitization,3,3.23
2026-08-05,Kolkata,srv-soc-event-01,Community Event Sound & Electrical Setup,2,2.01
2026-08-05,Kolkata,srv-soc-tank-01,Water Sump & Overhead Tank Cleaning,2,2.44
2026-08-05,Lucknow,srv-ac-01,AC Deep Foam Jet Servicing,9,8.7
2026-08-05,Lucknow,srv-carp-01,Carpentry & Furniture Assembly,6,5.54
2026-08-05,Lucknow,srv-clean-01,Full Home Deep Cleaning,8,8.46
2026-08-05,Lucknow,srv-cook-01,Home Chef & Meal Preparation,6,6.74
2026-08-05,Lucknow,srv-elder-01,Elder Assistance & Companionship,5,4.88
2026-08-05,Lucknow,srv-elec-01,Electrical Repair & Wiring,8,8.49
2026-08-05,Lucknow,srv-garden-01,Gardening & Balcony Greenery,5,4.09
2026-08-05,Lucknow,srv-move-01,Moving & Heavy Lifting Assistance,3,3.15
2026-08-05,Lucknow,srv-paint-01,Wall Painting & Waterproofing,3,2.6
2026-08-05,Lucknow,srv-pest-01,Organic Pest Control,9,6.08
2026-08-05,Lucknow,srv-plumb-01,Plumbing Repair & Leakage Fix,7,7.2
2026-08-05,Lucknow,srv-soc-clean-01,Society Common Area Sanitization,3,2.26
2026-08-05,Lucknow,srv-soc-event-01,Community Event Sound & Electrical Setup,2,1.76
2026-08-05,Lucknow,srv-soc-tank-01,Water Sump & Overhead Tank Cleaning,2,2.1
2026-08-05,Mumbai,srv-ac-01,AC Deep Foam Jet Servicing,11,15.91
2026-08-05,Mumbai,srv-carp-01,Carpentry & Furniture Assembly,10,8.87
2026-08-05,Mumbai,srv-clean-01,Full Home Deep Cleaning,13,13.78
2026-08-05,Mumbai,srv-cook-01,Home Chef & Meal Preparation,9,10.51
2026-08-05,Mumbai,srv-elder-01,Elder Assistance & Companionship,9,7.32
2026-08-05,Mumbai,srv-elec-01,Electrical Repair & Wiring,15,14.21
2026-08-05,Mumbai,srv-garden-01,Gardening & Balcony Greenery,7,6.18
2026-08-05,Mumbai,srv-move-01,Moving & Heavy Lifting Assistance,5,7.98
2026-08-05,Mumbai,srv-paint-01,Wall Painting & Waterproofing,4,3.82
2026-08-05,Mumbai,srv-pest-01,Organic Pest Control,9,8.53
2026-08-05,Mumbai,srv-plumb-01,Plumbing Repair & Leakage Fix,14,11.48
2026-08-05,Mumbai,srv-soc-clean-01,Society Common Area Sanitization,4,3.84
2026-08-05,Mumbai,srv-soc-event-01,Community Event Sound & Electrical Setup,2,2.65
2026-08-05,Mumbai,srv-soc-tank-01,Water Sump & Overhead Tank Cleaning,3,3.16
2026-08-05,Nagpur,srv-ac-01,AC Deep Foam Jet Servicing,7,8.59
2026-08-05,Nagpur,srv-carp-01,Carpentry & Furniture Assembly,5,5.47
2026-08-05,Nagpur,srv-clean-01,Full Home Deep Cleaning,6,6.97
2026-08-05,Nagpur,srv-cook-01,Home Chef & Meal Preparation,6,5.77
2026-08-05,Nagpur,srv-elder-01,Elder Assistance & Companionship,5,4.64
2026-08-05,Nagpur,srv-elec-01,Electrical Repair & Wiring,8,7.47
2026-08-05,Nagpur,srv-garden-01,Gardening & Balcony Greenery,5,3.51
2026-08-05,Nagpur,srv-move-01,Moving & Heavy Lifting Assistance,4,2.36
2026-08-05,Nagpur,srv-paint-01,Wall Painting & Waterproofing,2,2.15
2026-08-05,Nagpur,srv-pest-01,Organic Pest Control,6,5.28
2026-08-05,Nagpur,srv-plumb-01,Plumbing Repair & Leakage Fix,6,6.34
2026-08-05,Nagpur,srv-soc-clean-01,Society Common Area Sanitization,2,2.22
2026-08-05,Nagpur,srv-soc-event-01,Community Event Sound & Electrical Setup,1,1.36
2026-08-05,Nagpur,srv-soc-tank-01,Water Sump & Overhead Tank Cleaning,2,1.92
2026-08-05,Patna,srv-ac-01,AC Deep Foam Jet Servicing,8,7.96
2026-08-05,Patna,srv-carp-01,Carpentry & Furniture Assembly,5,5.25
2026-08-05,Patna,srv-clean-01,Full Home Deep Cleaning,6,6.58
2026-08-05,Patna,srv-cook-01,Home Chef & Meal Preparation,5,6.01
2026-08-05,Patna,srv-elder-01,Elder Assistance & Companionship,4,4.43
2026-08-05,Patna,srv-elec-01,Electrical Repair & Wiring,7,7.51
2026-08-05,Patna,srv-garden-01,Gardening & Balcony Greenery,4,3.53
2026-08-05,Patna,srv-move-01,Moving & Heavy Lifting Assistance,2,2.38
2026-08-05,Patna,srv-paint-01,Wall Painting & Waterproofing,2,2.06
2026-08-05,Patna,srv-pest-01,Organic Pest Control,4,5.31
2026-08-05,Patna,srv-plumb-01,Plumbing Repair & Leakage Fix,6,5.83
2026-08-05,Patna,srv-soc-clean-01,Society Common Area Sanitization,2,2.04
2026-08-05,Patna,srv-soc-event-01,Community Event Sound & Electrical Setup,2,1.09
2026-08-05,Patna,srv-soc-tank-01,Water Sump & Overhead Tank Cleaning,2,1.89
2026-08-05,Pune,srv-ac-01,AC Deep Foam Jet Servicing,10,9.58
2026-08-05,Pune,srv-carp-01,Carpentry & Furniture Assembly,7,6.88
2026-08-05,Pune,srv-clean-01,Full Home Deep Cleaning,8,8.85
2026-08-05,Pune,srv-cook-01,Home Chef & Meal Preparation,6,7.04
2026-08-05,Pune,srv-elder-01,Elder Assistance & Companionship,5,6.08
2026-08-05,Pune,srv-elec-01,Electrical Repair & Wiring,9,9.3
2026-08-05,Pune,srv-garden-01,Gardening & Balcony Greenery,5,5.59
2026-08-05,Pune,srv-move-01,Moving & Heavy Lifting Assistance,3,3.09
2026-08-05,Pune,srv-paint-01,Wall Painting & Waterproofing,2,2.36
2026-08-05,Pune,srv-pest-01,Organic Pest Control,7,6.22
2026-08-05,Pune,srv-plumb-01,Plumbing Repair & Leakage Fix,9,7.69
2026-08-05,Pune,srv-soc-clean-01,Society Common Area Sanitization,3,2.8
2026-08-05,Pune,srv-soc-event-01,Community Event Sound & Electrical Setup,1,2.0
2026-08-05,Pune,srv-soc-tank-01,Water Sump & Overhead Tank Cleaning,3,2.2
2026-08-05,Surat,srv-ac-01,AC Deep Foam Jet Servicing,7,7.69
2026-08-05,Surat,srv-carp-01,Carpentry & Furniture Assembly,5,5.47
2026-08-05,Surat,srv-clean-01,Full Home Deep Cleaning,7,7.25
2026-08-05,Surat,srv-cook-01,Home Chef & Meal Preparation,6,6.06
2026-08-05,Surat,srv-elder-01,Elder Assistance & Companionship,5,4.61
2026-08-05,Surat,srv-elec-01,Electrical Repair & Wiring,8,8.24
2026-08-05,Surat,srv-garden-01,Gardening & Balcony Greenery,5,3.71
2026-08-05,Surat,srv-move-01,Moving & Heavy Lifting Assistance,3,2.59
2026-08-05,Surat,srv-paint-01,Wall Painting & Waterproofing,2,2.07
2026-08-05,Surat,srv-pest-01,Organic Pest Control,6,5.54
2026-08-05,Surat,srv-plumb-01,Plumbing Repair & Leakage Fix,6,6.9
2026-08-05,Surat,srv-soc-clean-01,Society Common Area Sanitization,2,2.41
2026-08-05,Surat,srv-soc-event-01,Community Event Sound & Electrical Setup,1,1.36
2026-08-05,Surat,srv-soc-tank-01,Water Sump & Overhead Tank Cleaning,2,2.0
2026-08-05,Vadodara,srv-ac-01,AC Deep Foam Jet Servicing,7,8.16
2026-08-05,Vadodara,srv-carp-01,Carpentry & Furniture Assembly,5,5.0
2026-08-05,Vadodara,srv-clean-01,Full Home Deep Cleaning,7,6.12
2026-08-05,Vadodara,srv-cook-01,Home Chef & Meal Preparation,6,5.5
2026-08-05,Vadodara,srv-elder-01,Elder Assistance & Companionship,4,4.25
2026-08-05,Vadodara,srv-elec-01,Electrical Repair & Wiring,7,6.97
2026-08-05,Vadodara,srv-garden-01,Gardening & Balcony Greenery,4,3.43
2026-08-05,Vadodara,srv-move-01,Moving & Heavy Lifting Assistance,2,2.5
2026-08-05,Vadodara,srv-paint-01,Wall Painting & Waterproofing,2,2.05
2026-08-05,Vadodara,srv-pest-01,Organic Pest Control,5,5.09
2026-08-05,Vadodara,srv-plumb-01,Plumbing Repair & Leakage Fix,6,6.19
2026-08-05,Vadodara,srv-soc-clean-01,Society Common Area Sanitization,2,2.0
2026-08-05,Vadodara,srv-soc-event-01,Community Event Sound & Electrical Setup,1,1.16
2026-08-05,Vadodara,srv-soc-tank-01,Water Sump & Overhead Tank Cleaning,2,1.86
2026-08-05,Visakhapatnam,srv-ac-01,AC Deep Foam Jet Servicing,7,8.26
2026-08-05,Visakhapatnam,srv-carp-01,Carpentry & Furniture Assembly,6,4.73
2026-08-05,Visakhapatnam,srv-clean-01,Full Home Deep Cleaning,7,6.41
2026-08-05,Visakhapatnam,srv-cook-01,Home Chef & Meal Preparation,6,5.6
2026-08-05,Visakhapatnam,srv-elder-01,Elder Assistance & Companionship,4,4.42
2026-08-05,Visakhapatnam,srv-elec-01,Electrical Repair & Wiring,7,7.34
2026-08-05,Visakhapatnam,srv-garden-01,Gardening & Balcony Greenery,4,3.92
2026-08-05,Visakhapatnam,srv-move-01,Moving & Heavy Lifting Assistance,3,2.61
2026-08-05,Visakhapatnam,srv-paint-01,Wall Painting & Waterproofing,2,2.16
2026-08-05,Visakhapatnam,srv-pest-01,Organic Pest Control,5,4.85
2026-08-05,Visakhapatnam,srv-plumb-01,Plumbing Repair & Leakage Fix,6,5.84
2026-08-05,Visakhapatnam,srv-soc-clean-01,Society Common Area Sanitization,2,2.13
2026-08-05,Visakhapatnam,srv-soc-event-01,Community Event Sound & Electrical Setup,1,1.21
2026-08-05,Visakhapatnam,srv-soc-tank-01,Water Sump & Overhead Tank Cleaning,2,1.91
2026-08-06,Ahmedabad,srv-ac-01,AC Deep Foam Jet Servicing,10,9.66
2026-08-06,Ahmedabad,srv-carp-01,Carpentry & Furniture Assembly,7,6.17
2026-08-06,Ahmedabad,srv-clean-01,Full Home Deep Cleaning,8,7.79
2026-08-06,Ahmedabad,srv-cook-01,Home Chef & Meal Preparation,7,6.42
2026-08-06,Ahmedabad,srv-elder-01,Elder Assistance & Companionship,5,5.14
2026-08-06,Ahmedabad,srv-elec-01,Electrical Repair & Wiring,9,10.02
2026-08-06,Ahmedabad,srv-garden-01,Gardening & Balcony Greenery,4,4.39
2026-08-06,Ahmedabad,srv-move-01,Moving & Heavy Lifting Assistance,3,3.36
2026-08-06,Ahmedabad,srv-paint-01,Wall Painting & Waterproofing,2,2.36
2026-08-06,Ahmedabad,srv-pest-01,Organic Pest Control,5,5.91
2026-08-06,Ahmedabad,srv-plumb-01,Plumbing Repair & Leakage Fix,6,7.05
2026-08-06,Ahmedabad,srv-soc-clean-01,Society Common Area Sanitization,3,2.49
2026-08-06,Ahmedabad,srv-soc-event-01,Community Event Sound & Electrical Setup,2,1.79
2026-08-06,Ahmedabad,srv-soc-tank-01,Water Sump & Overhead Tank Cleaning,2,2.03
2026-08-06,Bengaluru,srv-ac-01,AC Deep Foam Jet Servicing,11,12.28
2026-08-06,Bengaluru,srv-carp-01,Carpentry & Furniture Assembly,7,7.94
2026-08-06,Bengaluru,srv-clean-01,Full Home Deep Cleaning,13,10.8
2026-08-06,Bengaluru,srv-cook-01,Home Chef & Meal Preparation,9,10.41
2026-08-06,Bengaluru,srv-elder-01,Elder Assistance & Companionship,7,7.03
2026-08-06,Bengaluru,srv-elec-01,Electrical Repair & Wiring,13,12.39
2026-08-06,Bengaluru,srv-garden-01,Gardening & Balcony Greenery,6,5.64
2026-08-06,Bengaluru,srv-move-01,Moving & Heavy Lifting Assistance,4,4.11
2026-08-06,Bengaluru,srv-paint-01,Wall Painting & Waterproofing,4,3.66
2026-08-06,Bengaluru,srv-pest-01,Organic Pest Control,8,8.21
2026-08-06,Bengaluru,srv-plumb-01,Plumbing Repair & Leakage Fix,10,9.66
2026-08-06,Bengaluru,srv-soc-clean-01,Society Common Area Sanitization,3,3.15
2026-08-06,Bengaluru,srv-soc-event-01,Community Event Sound & Electrical Setup,2,2.03
2026-08-06,Bengaluru,srv-soc-tank-01,Water Sump & Overhead Tank Cleaning,2,2.52
2026-08-06,Bhopal,srv-ac-01,AC Deep Foam Jet Servicing,6,8.12
2026-08-06,Bhopal,srv-carp-01,Carpentry & Furniture Assembly,5,4.68
2026-08-06,Bhopal,srv-clean-01,Full Home Deep Cleaning,6,6.76
2026-08-06,Bhopal,srv-cook-01,Home Chef & Meal Preparation,5,5.51
2026-08-06,Bhopal,srv-elder-01,Elder Assistance & Companionship,4,4.09
2026-08-06,Bhopal,srv-elec-01,Electrical Repair & Wiring,8,7.24
2026-08-06,Bhopal,srv-garden-01,Gardening & Balcony Greenery,5,3.57
2026-08-06,Bhopal,srv-move-01,Moving & Heavy Lifting Assistance,3,2.58
2026-08-06,Bhopal,srv-paint-01,Wall Painting & Waterproofing,2,2.0
2026-08-06,Bhopal,srv-pest-01,Organic Pest Control,5,4.55
2026-08-06,Bhopal,srv-plumb-01,Plumbing Repair & Leakage Fix,7,5.97
2026-08-06,Bhopal,srv-soc-clean-01,Society Common Area Sanitization,2,2.02
2026-08-06,Bhopal,srv-soc-event-01,Community Event Sound & Electrical Setup,1,1.05
2026-08-06,Bhopal,srv-soc-tank-01,Water Sump & Overhead Tank Cleaning,1,1.87
2026-08-06,Chennai,srv-ac-01,AC Deep Foam Jet Servicing,11,11.63
2026-08-06,Chennai,srv-carp-01,Carpentry & Furniture Assembly,7,6.69
2026-08-06,Chennai,srv-clean-01,Full Home Deep Cleaning,8,9.26
2026-08-06,Chennai,srv-cook-01,Home Chef & Meal Preparation,7,7.15
2026-08-06,Chennai,srv-elder-01,Elder Assistance & Companionship,5,5.9
2026-08-06,Chennai,srv-elec-01,Electrical Repair & Wiring,11,11.21
2026-08-06,Chennai,srv-garden-01,Gardening & Balcony Greenery,6,5.65
2026-08-06,Chennai,srv-move-01,Moving & Heavy Lifting Assistance,3,3.8
2026-08-06,Chennai,srv-paint-01,Wall Painting & Waterproofing,3,2.55
2026-08-06,Chennai,srv-pest-01,Organic Pest Control,7,6.7
2026-08-06,Chennai,srv-plumb-01,Plumbing Repair & Leakage Fix,9,8.46
2026-08-06,Chennai,srv-soc-clean-01,Society Common Area Sanitization,2,3.05
2026-08-06,Chennai,srv-soc-event-01,Community Event Sound & Electrical Setup,2,1.97
2026-08-06,Chennai,srv-soc-tank-01,Water Sump & Overhead Tank Cleaning,2,2.2
2026-08-06,Coimbatore,srv-ac-01,AC Deep Foam Jet Servicing,8,7.76
2026-08-06,Coimbatore,srv-carp-01,Carpentry & Furniture Assembly,10,4.99
2026-08-06,Coimbatore,srv-clean-01,Full Home Deep Cleaning,10,6.69
2026-08-06,Coimbatore,srv-cook-01,Home Chef & Meal Preparation,10,5.4
2026-08-06,Coimbatore,srv-elder-01,Elder Assistance & Companionship,4,4.26
2026-08-06,Coimbatore,srv-elec-01,Electrical Repair & Wiring,8,7.42
2026-08-06,Coimbatore,srv-garden-01,Gardening & Balcony Greenery,4,3.67
2026-08-06,Coimbatore,srv-move-01,Moving & Heavy Lifting Assistance,3,2.05
2026-08-06,Coimbatore,srv-paint-01,Wall Painting & Waterproofing,2,1.94
2026-08-06,Coimbatore,srv-pest-01,Organic Pest Control,4,4.87
2026-08-06,Coimbatore,srv-plumb-01,Plumbing Repair & Leakage Fix,6,6.14
2026-08-06,Coimbatore,srv-soc-clean-01,Society Common Area Sanitization,2,1.94
2026-08-06,Coimbatore,srv-soc-event-01,Community Event Sound & Electrical Setup,1,1.02
2026-08-06,Coimbatore,srv-soc-tank-01,Water Sump & Overhead Tank Cleaning,2,1.37
2026-08-06,Delhi NCR,srv-ac-01,AC Deep Foam Jet Servicing,13,14.81
2026-08-06,Delhi NCR,srv-carp-01,Carpentry & Furniture Assembly,10,8.36
2026-08-06,Delhi NCR,srv-clean-01,Full Home Deep Cleaning,10,16.53
2026-08-06,Delhi NCR,srv-cook-01,Home Chef & Meal Preparation,11,8.81
2026-08-06,Delhi NCR,srv-elder-01,Elder Assistance & Companionship,8,7.06
2026-08-06,Delhi NCR,srv-elec-01,Electrical Repair & Wiring,13,12.66
2026-08-06,Delhi NCR,srv-garden-01,Gardening & Balcony Greenery,8,6.02
2026-08-06,Delhi NCR,srv-move-01,Moving & Heavy Lifting Assistance,4,4.97
2026-08-06,Delhi NCR,srv-paint-01,Wall Painting & Waterproofing,4,3.35
2026-08-06,Delhi NCR,srv-pest-01,Organic Pest Control,9,8.47
2026-08-06,Delhi NCR,srv-plumb-01,Plumbing Repair & Leakage Fix,12,9.7
2026-08-06,Delhi NCR,srv-soc-clean-01,Society Common Area Sanitization,4,3.43
2026-08-06,Delhi NCR,srv-soc-event-01,Community Event Sound & Electrical Setup,2,2.39
2026-08-06,Delhi NCR,srv-soc-tank-01,Water Sump & Overhead Tank Cleaning,2,2.6
2026-08-06,Gurugram,srv-ac-01,AC Deep Foam Jet Servicing,10,10.12
2026-08-06,Gurugram,srv-carp-01,Carpentry & Furniture Assembly,6,6.33
2026-08-06,Gurugram,srv-clean-01,Full Home Deep Cleaning,7,8.03
2026-08-06,Gurugram,srv-cook-01,Home Chef & Meal Preparation,7,6.73
2026-08-06,Gurugram,srv-elder-01,Elder Assistance & Companionship,5,5.32
2026-08-06,Gurugram,srv-elec-01,Electrical Repair & Wiring,9,8.78
2026-08-06,Gurugram,srv-garden-01,Gardening & Balcony Greenery,6,4.61
2026-08-06,Gurugram,srv-move-01,Moving & Heavy Lifting Assistance,3,3.05
2026-08-06,Gurugram,srv-paint-01,Wall Painting & Waterproofing,3,2.4
2026-08-06,Gurugram,srv-pest-01,Organic Pest Control,7,5.9
2026-08-06,Gurugram,srv-plumb-01,Plumbing Repair & Leakage Fix,8,7.08
2026-08-06,Gurugram,srv-soc-clean-01,Society Common Area Sanitization,2,2.5
2026-08-06,Gurugram,srv-soc-event-01,Community Event Sound & Electrical Setup,2,1.83
2026-08-06,Gurugram,srv-soc-tank-01,Water Sump & Overhead Tank Cleaning,2,2.12
2026-08-06,Hyderabad,srv-ac-01,AC Deep Foam Jet Servicing,9,11.24
2026-08-06,Hyderabad,srv-carp-01,Carpentry & Furniture Assembly,6,7.66
2026-08-06,Hyderabad,srv-clean-01,Full Home Deep Cleaning,8,8.72
2026-08-06,Hyderabad,srv-cook-01,Home Chef & Meal Preparation,9,7.8
2026-08-06,Hyderabad,srv-elder-01,Elder Assistance & Companionship,6,6.06
2026-08-06,Hyderabad,srv-elec-01,Electrical Repair & Wiring,10,9.72
2026-08-06,Hyderabad,srv-garden-01,Gardening & Balcony Greenery,6,5.87
2026-08-06,Hyderabad,srv-move-01,Moving & Heavy Lifting Assistance,5,3.53
2026-08-06,Hyderabad,srv-paint-01,Wall Painting & Waterproofing,3,2.77
2026-08-06,Hyderabad,srv-pest-01,Organic Pest Control,6,7.31
2026-08-06,Hyderabad,srv-plumb-01,Plumbing Repair & Leakage Fix,8,8.48
2026-08-06,Hyderabad,srv-soc-clean-01,Society Common Area Sanitization,2,2.94
2026-08-06,Hyderabad,srv-soc-event-01,Community Event Sound & Electrical Setup,2,2.19
2026-08-06,Hyderabad,srv-soc-tank-01,Water Sump & Overhead Tank Cleaning,2,2.31
2026-08-06,Indore,srv-ac-01,AC Deep Foam Jet Servicing,8,8.35
2026-08-06,Indore,srv-carp-01,Carpentry & Furniture Assembly,6,5.52
2026-08-06,Indore,srv-clean-01,Full Home Deep Cleaning,7,6.9
2026-08-06,Indore,srv-cook-01,Home Chef & Meal Preparation,6,5.95
2026-08-06,Indore,srv-elder-01,Elder Assistance & Companionship,5,4.83
2026-08-06,Indore,srv-elec-01,Electrical Repair & Wiring,9,7.76
2026-08-06,Indore,srv-garden-01,Gardening & Balcony Greenery,5,4.1
2026-08-06,Indore,srv-move-01,Moving & Heavy Lifting Assistance,3,2.57
2026-08-06,Indore,srv-paint-01,Wall Painting & Waterproofing,2,2.07
2026-08-06,Indore,srv-pest-01,Organic Pest Control,5,5.43
2026-08-06,Indore,srv-plumb-01,Plumbing Repair & Leakage Fix,7,6.84
2026-08-06,Indore,srv-soc-clean-01,Society Common Area Sanitization,2,2.05
2026-08-06,Indore,srv-soc-event-01,Community Event Sound & Electrical Setup,1,1.56
2026-08-06,Indore,srv-soc-tank-01,Water Sump & Overhead Tank Cleaning,2,1.71
2026-08-06,Jaipur,srv-ac-01,AC Deep Foam Jet Servicing,7,8.39
2026-08-06,Jaipur,srv-carp-01,Carpentry & Furniture Assembly,6,5.42
2026-08-06,Jaipur,srv-clean-01,Full Home Deep Cleaning,7,7.27
2026-08-06,Jaipur,srv-cook-01,Home Chef & Meal Preparation,6,5.83
2026-08-06,Jaipur,srv-elder-01,Elder Assistance & Companionship,5,4.77
2026-08-06,Jaipur,srv-elec-01,Electrical Repair & Wiring,7,7.85
2026-08-06,Jaipur,srv-garden-01,Gardening & Balcony Greenery,5,4.24
2026-08-06,Jaipur,srv-move-01,Moving & Heavy Lifting Assistance,3,2.83
2026-08-06,Jaipur,srv-paint-01,Wall Painting & Waterproofing,2,2.17
2026-08-06,Jaipur,srv-pest-01,Organic Pest Control,5,5.27
2026-08-06,Jaipur,srv-plumb-01,Plumbing Repair & Leakage Fix,7,6.82
2026-08-06,Jaipur,srv-soc-clean-01,Society Common Area Sanitization,2,2.09
2026-08-06,Jaipur,srv-soc-event-01,Community Event Sound & Electrical Setup,2,1.55
2026-08-06,Jaipur,srv-soc-tank-01,Water Sump & Overhead Tank Cleaning,1,1.96
2026-08-06,Kochi,srv-ac-01,AC Deep Foam Jet Servicing,7,8.96
2026-08-06,Kochi,srv-carp-01,Carpentry & Furniture Assembly,5,5.44
2026-08-06,Kochi,srv-clean-01,Full Home Deep Cleaning,6,6.43
2026-08-06,Kochi,srv-cook-01,Home Chef & Meal Preparation,7,5.84
2026-08-06,Kochi,srv-elder-01,Elder Assistance & Companionship,5,4.3
2026-08-06,Kochi,srv-elec-01,Electrical Repair & Wiring,7,8.27
2026-08-06,Kochi,srv-garden-01,Gardening & Balcony Greenery,5,3.97
2026-08-06,Kochi,srv-move-01,Moving & Heavy Lifting Assistance,3,2.46
2026-08-06,Kochi,srv-paint-01,Wall Painting & Waterproofing,2,2.14
2026-08-06,Kochi,srv-pest-01,Organic Pest Control,4,5.12
2026-08-06,Kochi,srv-plumb-01,Plumbing Repair & Leakage Fix,6,6.23
2026-08-06,Kochi,srv-soc-clean-01,Society Common Area Sanitization,2,2.07
2026-08-06,Kochi,srv-soc-event-01,Community Event Sound & Electrical Setup,1,1.19
2026-08-06,Kochi,srv-soc-tank-01,Water Sump & Overhead Tank Cleaning,2,1.57
2026-08-06,Kolkata,srv-ac-01,AC Deep Foam Jet Servicing,16,12.03
2026-08-06,Kolkata,srv-carp-01,Carpentry & Furniture Assembly,8,7.44
2026-08-06,Kolkata,srv-clean-01,Full Home Deep Cleaning,10,9.87
2026-08-06,Kolkata,srv-cook-01,Home Chef & Meal Preparation,9,8.36
2026-08-06,Kolkata,srv-elder-01,Elder Assistance & Companionship,7,6.31
2026-08-06,Kolkata,srv-elec-01,Electrical Repair & Wiring,12,12.98
2026-08-06,Kolkata,srv-garden-01,Gardening & Balcony Greenery,7,5.49
2026-08-06,Kolkata,srv-move-01,Moving & Heavy Lifting Assistance,4,3.89
2026-08-06,Kolkata,srv-paint-01,Wall Painting & Waterproofing,4,3.05
2026-08-06,Kolkata,srv-pest-01,Organic Pest Control,8,7.5
2026-08-06,Kolkata,srv-plumb-01,Plumbing Repair & Leakage Fix,9,9.53
2026-08-06,Kolkata,srv-soc-clean-01,Society Common Area Sanitization,3,3.16
2026-08-06,Kolkata,srv-soc-event-01,Community Event Sound & Electrical Setup,2,1.96
2026-08-06,Kolkata,srv-soc-tank-01,Water Sump & Overhead Tank Cleaning,2,2.06
2026-08-06,Lucknow,srv-ac-01,AC Deep Foam Jet Servicing,7,9.23
2026-08-06,Lucknow,srv-carp-01,Carpentry & Furniture Assembly,6,5.71
2026-08-06,Lucknow,srv-clean-01,Full Home Deep Cleaning,8,8.92
2026-08-06,Lucknow,srv-cook-01,Home Chef & Meal Preparation,6,6.57
2026-08-06,Lucknow,srv-elder-01,Elder Assistance & Companionship,4,4.63
2026-08-06,Lucknow,srv-elec-01,Electrical Repair & Wiring,9,8.43
2026-08-06,Lucknow,srv-garden-01,Gardening & Balcony Greenery,5,4.36
2026-08-06,Lucknow,srv-move-01,Moving & Heavy Lifting Assistance,3,2.78
2026-08-06,Lucknow,srv-paint-01,Wall Painting & Waterproofing,2,2.38
2026-08-06,Lucknow,srv-pest-01,Organic Pest Control,5,6.18
2026-08-06,Lucknow,srv-plumb-01,Plumbing Repair & Leakage Fix,7,7.21
2026-08-06,Lucknow,srv-soc-clean-01,Society Common Area Sanitization,2,2.5
2026-08-06,Lucknow,srv-soc-event-01,Community Event Sound & Electrical Setup,2,1.81
2026-08-06,Lucknow,srv-soc-tank-01,Water Sump & Overhead Tank Cleaning,2,1.92
2026-08-06,Mumbai,srv-ac-01,AC Deep Foam Jet Servicing,11,13.72
2026-08-06,Mumbai,srv-carp-01,Carpentry & Furniture Assembly,10,8.33
2026-08-06,Mumbai,srv-clean-01,Full Home Deep Cleaning,12,14.01
2026-08-06,Mumbai,srv-cook-01,Home Chef & Meal Preparation,10,10.27
2026-08-06,Mumbai,srv-elder-01,Elder Assistance & Companionship,9,7.78
2026-08-06,Mumbai,srv-elec-01,Electrical Repair & Wiring,14,13.21
2026-08-06,Mumbai,srv-garden-01,Gardening & Balcony Greenery,7,6.09
2026-08-06,Mumbai,srv-move-01,Moving & Heavy Lifting Assistance,4,6.09
2026-08-06,Mumbai,srv-paint-01,Wall Painting & Waterproofing,4,4.08
2026-08-06,Mumbai,srv-pest-01,Organic Pest Control,8,8.19
2026-08-06,Mumbai,srv-plumb-01,Plumbing Repair & Leakage Fix,12,10.58
2026-08-06,Mumbai,srv-soc-clean-01,Society Common Area Sanitization,4,3.76
2026-08-06,Mumbai,srv-soc-event-01,Community Event Sound & Electrical Setup,3,2.24
2026-08-06,Mumbai,srv-soc-tank-01,Water Sump & Overhead Tank Cleaning,3,2.6
2026-08-06,Nagpur,srv-ac-01,AC Deep Foam Jet Servicing,8,8.58
2026-08-06,Nagpur,srv-carp-01,Carpentry & Furniture Assembly,5,5.38
2026-08-06,Nagpur,srv-clean-01,Full Home Deep Cleaning,6,6.82
2026-08-06,Nagpur,srv-cook-01,Home Chef & Meal Preparation,6,5.66
2026-08-06,Nagpur,srv-elder-01,Elder Assistance & Companionship,4,4.65
2026-08-06,Nagpur,srv-elec-01,Electrical Repair & Wiring,7,7.57
2026-08-06,Nagpur,srv-garden-01,Gardening & Balcony Greenery,5,3.84
2026-08-06,Nagpur,srv-move-01,Moving & Heavy Lifting Assistance,2,2.81
2026-08-06,Nagpur,srv-paint-01,Wall Painting & Waterproofing,2,2.14
2026-08-06,Nagpur,srv-pest-01,Organic Pest Control,5,5.18
2026-08-06,Nagpur,srv-plumb-01,Plumbing Repair & Leakage Fix,6,6.23
2026-08-06,Nagpur,srv-soc-clean-01,Society Common Area Sanitization,2,2.11
2026-08-06,Nagpur,srv-soc-event-01,Community Event Sound & Electrical Setup,2,1.44
2026-08-06,Nagpur,srv-soc-tank-01,Water Sump & Overhead Tank Cleaning,2,1.69
2026-08-06,Patna,srv-ac-01,AC Deep Foam Jet Servicing,6,8.41
2026-08-06,Patna,srv-carp-01,Carpentry & Furniture Assembly,6,5.02
2026-08-06,Patna,srv-clean-01,Full Home Deep Cleaning,7,6.52
2026-08-06,Patna,srv-cook-01,Home Chef & Meal Preparation,5,5.38
2026-08-06,Patna,srv-elder-01,Elder Assistance & Companionship,4,4.18
2026-08-06,Patna,srv-elec-01,Electrical Repair & Wiring,7,7.64
2026-08-06,Patna,srv-garden-01,Gardening & Balcony Greenery,5,3.58
2026-08-06,Patna,srv-move-01,Moving & Heavy Lifting Assistance,2,2.45
2026-08-06,Patna,srv-paint-01,Wall Painting & Waterproofing,2,2.04
2026-08-06,Patna,srv-pest-01,Organic Pest Control,4,5.03
2026-08-06,Patna,srv-plumb-01,Plumbing Repair & Leakage Fix,6,5.82
2026-08-06,Patna,srv-soc-clean-01,Society Common Area Sanitization,2,1.99
2026-08-06,Patna,srv-soc-event-01,Community Event Sound & Electrical Setup,1,1.09
2026-08-06,Patna,srv-soc-tank-01,Water Sump & Overhead Tank Cleaning,2,1.58
2026-08-06,Pune,srv-ac-01,AC Deep Foam Jet Servicing,9,9.73
2026-08-06,Pune,srv-carp-01,Carpentry & Furniture Assembly,6,6.44
2026-08-06,Pune,srv-clean-01,Full Home Deep Cleaning,9,8.76
2026-08-06,Pune,srv-cook-01,Home Chef & Meal Preparation,13,6.83
2026-08-06,Pune,srv-elder-01,Elder Assistance & Companionship,10,5.65
2026-08-06,Pune,srv-elec-01,Electrical Repair & Wiring,10,9.68
2026-08-06,Pune,srv-garden-01,Gardening & Balcony Greenery,6,5.19
2026-08-06,Pune,srv-move-01,Moving & Heavy Lifting Assistance,3,3.28
2026-08-06,Pune,srv-paint-01,Wall Painting & Waterproofing,3,2.42
2026-08-06,Pune,srv-pest-01,Organic Pest Control,7,6.16
2026-08-06,Pune,srv-plumb-01,Plumbing Repair & Leakage Fix,8,7.31
2026-08-06,Pune,srv-soc-clean-01,Society Common Area Sanitization,2,2.84
2026-08-06,Pune,srv-soc-event-01,Community Event Sound & Electrical Setup,1,1.77
2026-08-06,Pune,srv-soc-tank-01,Water Sump & Overhead Tank Cleaning,2,2.05
2026-08-06,Surat,srv-ac-01,AC Deep Foam Jet Servicing,8,7.89
2026-08-06,Surat,srv-carp-01,Carpentry & Furniture Assembly,5,5.38
2026-08-06,Surat,srv-clean-01,Full Home Deep Cleaning,6,6.9
2026-08-06,Surat,srv-cook-01,Home Chef & Meal Preparation,5,5.92
2026-08-06,Surat,srv-elder-01,Elder Assistance & Companionship,6,4.6
2026-08-06,Surat,srv-elec-01,Electrical Repair & Wiring,9,8.18
2026-08-06,Surat,srv-garden-01,Gardening & Balcony Greenery,4,4.02
2026-08-06,Surat,srv-move-01,Moving & Heavy Lifting Assistance,3,2.95
2026-08-06,Surat,srv-paint-01,Wall Painting & Waterproofing,2,2.07
2026-08-06,Surat,srv-pest-01,Organic Pest Control,5,5.45
2026-08-06,Surat,srv-plumb-01,Plumbing Repair & Leakage Fix,7,6.82
2026-08-06,Surat,srv-soc-clean-01,Society Common Area Sanitization,2,2.12
2026-08-06,Surat,srv-soc-event-01,Community Event Sound & Electrical Setup,2,1.44
2026-08-06,Surat,srv-soc-tank-01,Water Sump & Overhead Tank Cleaning,1,1.62
2026-08-06,Vadodara,srv-ac-01,AC Deep Foam Jet Servicing,7,7.53
2026-08-06,Vadodara,srv-carp-01,Carpentry & Furniture Assembly,5,4.87
2026-08-06,Vadodara,srv-clean-01,Full Home Deep Cleaning,7,6.02
2026-08-06,Vadodara,srv-cook-01,Home Chef & Meal Preparation,6,5.65
2026-08-06,Vadodara,srv-elder-01,Elder Assistance & Companionship,5,4.18
2026-08-06,Vadodara,srv-elec-01,Electrical Repair & Wiring,15,7.62
2026-08-06,Vadodara,srv-garden-01,Gardening & Balcony Greenery,4,3.46
2026-08-06,Vadodara,srv-move-01,Moving & Heavy Lifting Assistance,2,2.22
2026-08-06,Vadodara,srv-paint-01,Wall Painting & Waterproofing,2,2.04
2026-08-06,Vadodara,srv-pest-01,Organic Pest Control,5,4.83
2026-08-06,Vadodara,srv-plumb-01,Plumbing Repair & Leakage Fix,6,6.08
2026-08-06,Vadodara,srv-soc-clean-01,Society Common Area Sanitization,2,1.95
2026-08-06,Vadodara,srv-soc-event-01,Community Event Sound & Electrical Setup,1,1.03
2026-08-06,Vadodara,srv-soc-tank-01,Water Sump & Overhead Tank Cleaning,1,1.61
2026-08-06,Visakhapatnam,srv-ac-01,AC Deep Foam Jet Servicing,6,8.34
2026-08-06,Visakhapatnam,srv-carp-01,Carpentry & Furniture Assembly,6,5.07
2026-08-06,Visakhapatnam,srv-clean-01,Full Home Deep Cleaning,7,6.44
2026-08-06,Visakhapatnam,srv-cook-01,Home Chef & Meal Preparation,5,5.48
2026-08-06,Visakhapatnam,srv-elder-01,Elder Assistance & Companionship,4,4.28
2026-08-06,Visakhapatnam,srv-elec-01,Electrical Repair & Wiring,9,7.33
2026-08-06,Visakhapatnam,srv-garden-01,Gardening & Balcony Greenery,4,3.89
2026-08-06,Visakhapatnam,srv-move-01,Moving & Heavy Lifting Assistance,2,2.85
2026-08-06,Visakhapatnam,srv-paint-01,Wall Painting & Waterproofing,2,2.09
2026-08-06,Visakhapatnam,srv-pest-01,Organic Pest Control,5,4.65
2026-08-06,Visakhapatnam,srv-plumb-01,Plumbing Repair & Leakage Fix,7,5.8
2026-08-06,Visakhapatnam,srv-soc-clean-01,Society Common Area Sanitization,2,2.08
2026-08-06,Visakhapatnam,srv-soc-event-01,Community Event Sound & Electrical Setup,1,1.17
2026-08-06,Visakhapatnam,srv-soc-tank-01,Water Sump & Overhead Tank Cleaning,3,1.58
2026-08-07,Ahmedabad,srv-ac-01,AC Deep Foam Jet Servicing,8,9.28
2026-08-07,Ahmedabad,srv-carp-01,Carpentry & Furniture Assembly,7,6.34
2026-08-07,Ahmedabad,srv-clean-01,Full Home Deep Cleaning,9,8.31
2026-08-07,Ahmedabad,srv-cook-01,Home Chef & Meal Preparation,7,6.7
2026-08-07,Ahmedabad,srv-elder-01,Elder Assistance & Companionship,11,5.35
2026-08-07,Ahmedabad,srv-elec-01,Electrical Repair & Wiring,8,9.32
2026-08-07,Ahmedabad,srv-garden-01,Gardening & Balcony Greenery,5,4.2
2026-08-07,Ahmedabad,srv-move-01,Moving & Heavy Lifting Assistance,3,3.29
2026-08-07,Ahmedabad,srv-paint-01,Wall Painting & Waterproofing,3,2.39
2026-08-07,Ahmedabad,srv-pest-01,Organic Pest Control,6,5.82
2026-08-07,Ahmedabad,srv-plumb-01,Plumbing Repair & Leakage Fix,6,6.85
2026-08-07,Ahmedabad,srv-soc-clean-01,Society Common Area Sanitization,3,2.6
2026-08-07,Ahmedabad,srv-soc-event-01,Community Event Sound & Electrical Setup,2,1.81
2026-08-07,Ahmedabad,srv-soc-tank-01,Water Sump & Overhead Tank Cleaning,2,2.07
2026-08-07,Bengaluru,srv-ac-01,AC Deep Foam Jet Servicing,12,12.38
2026-08-07,Bengaluru,srv-carp-01,Carpentry & Furniture Assembly,8,8.32
2026-08-07,Bengaluru,srv-clean-01,Full Home Deep Cleaning,11,11.16
2026-08-07,Bengaluru,srv-cook-01,Home Chef & Meal Preparation,10,9.43
2026-08-07,Bengaluru,srv-elder-01,Elder Assistance & Companionship,6,7.4
2026-08-07,Bengaluru,srv-elec-01,Electrical Repair & Wiring,14,11.84
2026-08-07,Bengaluru,srv-garden-01,Gardening & Balcony Greenery,7,6.15
2026-08-07,Bengaluru,srv-move-01,Moving & Heavy Lifting Assistance,4,4.2
2026-08-07,Bengaluru,srv-paint-01,Wall Painting & Waterproofing,3,3.76
2026-08-07,Bengaluru,srv-pest-01,Organic Pest Control,7,7.74
2026-08-07,Bengaluru,srv-plumb-01,Plumbing Repair & Leakage Fix,9,10.66
2026-08-07,Bengaluru,srv-soc-clean-01,Society Common Area Sanitization,3,3.21
2026-08-07,Bengaluru,srv-soc-event-01,Community Event Sound & Electrical Setup,2,2.09
2026-08-07,Bengaluru,srv-soc-tank-01,Water Sump & Overhead Tank Cleaning,3,2.31
2026-08-07,Bhopal,srv-ac-01,AC Deep Foam Jet Servicing,7,7.8
2026-08-07,Bhopal,srv-carp-01,Carpentry & Furniture Assembly,4,5.11
2026-08-07,Bhopal,srv-clean-01,Full Home Deep Cleaning,6,6.44
2026-08-07,Bhopal,srv-cook-01,Home Chef & Meal Preparation,6,5.86
2026-08-07,Bhopal,srv-elder-01,Elder Assistance & Companionship,4,4.14
2026-08-07,Bhopal,srv-elec-01,Electrical Repair & Wiring,10,7.21
2026-08-07,Bhopal,srv-garden-01,Gardening & Balcony Greenery,4,3.64
2026-08-07,Bhopal,srv-move-01,Moving & Heavy Lifting Assistance,2,2.7
2026-08-07,Bhopal,srv-paint-01,Wall Painting & Waterproofing,2,1.99
2026-08-07,Bhopal,srv-pest-01,Organic Pest Control,5,4.73
2026-08-07,Bhopal,srv-plumb-01,Plumbing Repair & Leakage Fix,7,5.81
2026-08-07,Bhopal,srv-soc-clean-01,Society Common Area Sanitization,2,1.99
2026-08-07,Bhopal,srv-soc-event-01,Community Event Sound & Electrical Setup,1,1.03
2026-08-07,Bhopal,srv-soc-tank-01,Water Sump & Overhead Tank Cleaning,2,1.7
2026-08-07,Chennai,srv-ac-01,AC Deep Foam Jet Servicing,9,10.89
2026-08-07,Chennai,srv-carp-01,Carpentry & Furniture Assembly,12,6.98
2026-08-07,Chennai,srv-clean-01,Full Home Deep Cleaning,10,10.19
2026-08-07,Chennai,srv-cook-01,Home Chef & Meal Preparation,8,7.52
2026-08-07,Chennai,srv-elder-01,Elder Assistance & Companionship,7,5.97
2026-08-07,Chennai,srv-elec-01,Electrical Repair & Wiring,9,9.59
2026-08-07,Chennai,srv-garden-01,Gardening & Balcony Greenery,6,5.93
2026-08-07,Chennai,srv-move-01,Moving & Heavy Lifting Assistance,3,4.05
2026-08-07,Chennai,srv-paint-01,Wall Painting & Waterproofing,3,2.77
2026-08-07,Chennai,srv-pest-01,Organic Pest Control,8,6.69
2026-08-07,Chennai,srv-plumb-01,Plumbing Repair & Leakage Fix,8,8.67
2026-08-07,Chennai,srv-soc-clean-01,Society Common Area Sanitization,2,3.02
2026-08-07,Chennai,srv-soc-event-01,Community Event Sound & Electrical Setup,2,2.0
2026-08-07,Chennai,srv-soc-tank-01,Water Sump & Overhead Tank Cleaning,2,2.16
2026-08-07,Coimbatore,srv-ac-01,AC Deep Foam Jet Servicing,8,8.19
2026-08-07,Coimbatore,srv-carp-01,Carpentry & Furniture Assembly,5,5.09
2026-08-07,Coimbatore,srv-clean-01,Full Home Deep Cleaning,8,6.26
2026-08-07,Coimbatore,srv-cook-01,Home Chef & Meal Preparation,5,5.22
2026-08-07,Coimbatore,srv-elder-01,Elder Assistance & Companionship,5,4.32
2026-08-07,Coimbatore,srv-elec-01,Electrical Repair & Wiring,7,7.56
2026-08-07,Coimbatore,srv-garden-01,Gardening & Balcony Greenery,4,3.77
2026-08-07,Coimbatore,srv-move-01,Moving & Heavy Lifting Assistance,2,2.45
2026-08-07,Coimbatore,srv-paint-01,Wall Painting & Waterproofing,2,1.98
2026-08-07,Coimbatore,srv-pest-01,Organic Pest Control,4,4.95
2026-08-07,Coimbatore,srv-plumb-01,Plumbing Repair & Leakage Fix,6,5.92
2026-08-07,Coimbatore,srv-soc-clean-01,Society Common Area Sanitization,2,1.96
2026-08-07,Coimbatore,srv-soc-event-01,Community Event Sound & Electrical Setup,1,1.04
2026-08-07,Coimbatore,srv-soc-tank-01,Water Sump & Overhead Tank Cleaning,1,1.46
2026-08-07,Delhi NCR,srv-ac-01,AC Deep Foam Jet Servicing,13,13.82
2026-08-07,Delhi NCR,srv-carp-01,Carpentry & Furniture Assembly,9,8.9
2026-08-07,Delhi NCR,srv-clean-01,Full Home Deep Cleaning,10,12.98
2026-08-07,Delhi NCR,srv-cook-01,Home Chef & Meal Preparation,10,9.52
2026-08-07,Delhi NCR,srv-elder-01,Elder Assistance & Companionship,7,7.46
2026-08-07,Delhi NCR,srv-elec-01,Electrical Repair & Wiring,12,12.46
2026-08-07,Delhi NCR,srv-garden-01,Gardening & Balcony Greenery,7,7.03
2026-08-07,Delhi NCR,srv-move-01,Moving & Heavy Lifting Assistance,4,3.92
2026-08-07,Delhi NCR,srv-paint-01,Wall Painting & Waterproofing,3,3.79
2026-08-07,Delhi NCR,srv-pest-01,Organic Pest Control,9,8.36
2026-08-07,Delhi NCR,srv-plumb-01,Plumbing Repair & Leakage Fix,11,9.94
2026-08-07,Delhi NCR,srv-soc-clean-01,Society Common Area Sanitization,4,3.82
2026-08-07,Delhi NCR,srv-soc-event-01,Community Event Sound & Electrical Setup,3,2.33
2026-08-07,Delhi NCR,srv-soc-tank-01,Water Sump & Overhead Tank Cleaning,3,2.41
2026-08-07,Gurugram,srv-ac-01,AC Deep Foam Jet Servicing,8,8.89
2026-08-07,Gurugram,srv-carp-01,Carpentry & Furniture Assembly,10,6.23
2026-08-07,Gurugram,srv-clean-01,Full Home Deep Cleaning,7,7.53
2026-08-07,Gurugram,srv-cook-01,Home Chef & Meal Preparation,6,6.87
2026-08-07,Gurugram,srv-elder-01,Elder Assistance & Companionship,5,5.52
2026-08-07,Gurugram,srv-elec-01,Electrical Repair & Wiring,10,9.23
2026-08-07,Gurugram,srv-garden-01,Gardening & Balcony Greenery,6,4.8
2026-08-07,Gurugram,srv-move-01,Moving & Heavy Lifting Assistance,3,3.41
2026-08-07,Gurugram,srv-paint-01,Wall Painting & Waterproofing,2,2.69
2026-08-07,Gurugram,srv-pest-01,Organic Pest Control,11,6.18
2026-08-07,Gurugram,srv-plumb-01,Plumbing Repair & Leakage Fix,9,7.33
2026-08-07,Gurugram,srv-soc-clean-01,Society Common Area Sanitization,2,2.23
2026-08-07,Gurugram,srv-soc-event-01,Community Event Sound & Electrical Setup,2,1.95
2026-08-07,Gurugram,srv-soc-tank-01,Water Sump & Overhead Tank Cleaning,2,2.12
2026-08-07,Hyderabad,srv-ac-01,AC Deep Foam Jet Servicing,11,10.23
2026-08-07,Hyderabad,srv-carp-01,Carpentry & Furniture Assembly,7,7.89
2026-08-07,Hyderabad,srv-clean-01,Full Home Deep Cleaning,9,9.2
2026-08-07,Hyderabad,srv-cook-01,Home Chef & Meal Preparation,15,8.01
2026-08-07,Hyderabad,srv-elder-01,Elder Assistance & Companionship,6,6.44
2026-08-07,Hyderabad,srv-elec-01,Electrical Repair & Wiring,11,10.21
2026-08-07,Hyderabad,srv-garden-01,Gardening & Balcony Greenery,5,6.14
2026-08-07,Hyderabad,srv-move-01,Moving & Heavy Lifting Assistance,3,4.27
2026-08-07,Hyderabad,srv-paint-01,Wall Painting & Waterproofing,3,3.1
2026-08-07,Hyderabad,srv-pest-01,Organic Pest Control,7,7.37
2026-08-07,Hyderabad,srv-plumb-01,Plumbing Repair & Leakage Fix,9,8.18
2026-08-07,Hyderabad,srv-soc-clean-01,Society Common Area Sanitization,4,2.84
2026-08-07,Hyderabad,srv-soc-event-01,Community Event Sound & Electrical Setup,2,2.05
2026-08-07,Hyderabad,srv-soc-tank-01,Water Sump & Overhead Tank Cleaning,2,2.22
2026-08-07,Indore,srv-ac-01,AC Deep Foam Jet Servicing,7,8.16
2026-08-07,Indore,srv-carp-01,Carpentry & Furniture Assembly,5,5.58
2026-08-07,Indore,srv-clean-01,Full Home Deep Cleaning,7,6.84
2026-08-07,Indore,srv-cook-01,Home Chef & Meal Preparation,6,5.95
2026-08-07,Indore,srv-elder-01,Elder Assistance & Companionship,4,4.86
2026-08-07,Indore,srv-elec-01,Electrical Repair & Wiring,9,7.74
2026-08-07,Indore,srv-garden-01,Gardening & Balcony Greenery,5,4.0
2026-08-07,Indore,srv-move-01,Moving & Heavy Lifting Assistance,3,2.85
2026-08-07,Indore,srv-paint-01,Wall Painting & Waterproofing,3,2.09
2026-08-07,Indore,srv-pest-01,Organic Pest Control,5,5.49
2026-08-07,Indore,srv-plumb-01,Plumbing Repair & Leakage Fix,6,6.9
2026-08-07,Indore,srv-soc-clean-01,Society Common Area Sanitization,2,2.04
2026-08-07,Indore,srv-soc-event-01,Community Event Sound & Electrical Setup,1,1.58
2026-08-07,Indore,srv-soc-tank-01,Water Sump & Overhead Tank Cleaning,1,1.81
2026-08-07,Jaipur,srv-ac-01,AC Deep Foam Jet Servicing,8,7.84
2026-08-07,Jaipur,srv-carp-01,Carpentry & Furniture Assembly,5,5.47
2026-08-07,Jaipur,srv-clean-01,Full Home Deep Cleaning,7,7.09
2026-08-07,Jaipur,srv-cook-01,Home Chef & Meal Preparation,7,6.02
2026-08-07,Jaipur,srv-elder-01,Elder Assistance & Companionship,5,5.35
2026-08-07,Jaipur,srv-elec-01,Electrical Repair & Wiring,8,7.88
2026-08-07,Jaipur,srv-garden-01,Gardening & Balcony Greenery,5,4.49
2026-08-07,Jaipur,srv-move-01,Moving & Heavy Lifting Assistance,3,2.92
2026-08-07,Jaipur,srv-paint-01,Wall Painting & Waterproofing,3,2.12
2026-08-07,Jaipur,srv-pest-01,Organic Pest Control,6,5.29
2026-08-07,Jaipur,srv-plumb-01,Plumbing Repair & Leakage Fix,6,6.61
2026-08-07,Jaipur,srv-soc-clean-01,Society Common Area Sanitization,2,2.09
2026-08-07,Jaipur,srv-soc-event-01,Community Event Sound & Electrical Setup,1,1.67
2026-08-07,Jaipur,srv-soc-tank-01,Water Sump & Overhead Tank Cleaning,2,1.73
2026-08-07,Kochi,srv-ac-01,AC Deep Foam Jet Servicing,7,9.08
2026-08-07,Kochi,srv-carp-01,Carpentry & Furniture Assembly,5,5.46
2026-08-07,Kochi,srv-clean-01,Full Home Deep Cleaning,8,6.59
2026-08-07,Kochi,srv-cook-01,Home Chef & Meal Preparation,5,5.9
2026-08-07,Kochi,srv-elder-01,Elder Assistance & Companionship,4,4.64
2026-08-07,Kochi,srv-elec-01,Electrical Repair & Wiring,8,8.39
2026-08-07,Kochi,srv-garden-01,Gardening & Balcony Greenery,5,3.67
2026-08-07,Kochi,srv-move-01,Moving & Heavy Lifting Assistance,3,2.66
2026-08-07,Kochi,srv-paint-01,Wall Painting & Waterproofing,2,2.14
2026-08-07,Kochi,srv-pest-01,Organic Pest Control,6,4.94
2026-08-07,Kochi,srv-plumb-01,Plumbing Repair & Leakage Fix,6,6.15
2026-08-07,Kochi,srv-soc-clean-01,Society Common Area Sanitization,3,2.07
2026-08-07,Kochi,srv-soc-event-01,Community Event Sound & Electrical Setup,2,1.12
2026-08-07,Kochi,srv-soc-tank-01,Water Sump & Overhead Tank Cleaning,2,1.67
2026-08-07,Kolkata,srv-ac-01,AC Deep Foam Jet Servicing,10,11.34
2026-08-07,Kolkata,srv-carp-01,Carpentry & Furniture Assembly,7,7.8
2026-08-07,Kolkata,srv-clean-01,Full Home Deep Cleaning,9,9.48
2026-08-07,Kolkata,srv-cook-01,Home Chef & Meal Preparation,9,9.18
2026-08-07,Kolkata,srv-elder-01,Elder Assistance & Companionship,6,6.31
2026-08-07,Kolkata,srv-elec-01,Electrical Repair & Wiring,11,12.86
2026-08-07,Kolkata,srv-garden-01,Gardening & Balcony Greenery,6,5.94
2026-08-07,Kolkata,srv-move-01,Moving & Heavy Lifting Assistance,4,3.96
2026-08-07,Kolkata,srv-paint-01,Wall Painting & Waterproofing,3,3.17
2026-08-07,Kolkata,srv-pest-01,Organic Pest Control,8,7.13
2026-08-07,Kolkata,srv-plumb-01,Plumbing Repair & Leakage Fix,10,9.37
2026-08-07,Kolkata,srv-soc-clean-01,Society Common Area Sanitization,3,3.33
2026-08-07,Kolkata,srv-soc-event-01,Community Event Sound & Electrical Setup,2,2.03
2026-08-07,Kolkata,srv-soc-tank-01,Water Sump & Overhead Tank Cleaning,2,2.09
2026-08-07,Lucknow,srv-ac-01,AC Deep Foam Jet Servicing,8,8.72
2026-08-07,Lucknow,srv-carp-01,Carpentry & Furniture Assembly,7,5.72
2026-08-07,Lucknow,srv-clean-01,Full Home Deep Cleaning,9,8.13
2026-08-07,Lucknow,srv-cook-01,Home Chef & Meal Preparation,8,6.78
2026-08-07,Lucknow,srv-elder-01,Elder Assistance & Companionship,5,4.81
2026-08-07,Lucknow,srv-elec-01,Electrical Repair & Wiring,9,8.29
2026-08-07,Lucknow,srv-garden-01,Gardening & Balcony Greenery,4,4.46
2026-08-07,Lucknow,srv-move-01,Moving & Heavy Lifting Assistance,3,2.88
2026-08-07,Lucknow,srv-paint-01,Wall Painting & Waterproofing,2,2.36
2026-08-07,Lucknow,srv-pest-01,Organic Pest Control,6,5.99
2026-08-07,Lucknow,srv-plumb-01,Plumbing Repair & Leakage Fix,8,6.74
2026-08-07,Lucknow,srv-soc-clean-01,Society Common Area Sanitization,2,2.2
2026-08-07,Lucknow,srv-soc-event-01,Community Event Sound & Electrical Setup,2,1.83
2026-08-07,Lucknow,srv-soc-tank-01,Water Sump & Overhead Tank Cleaning,2,1.93
2026-08-07,Mumbai,srv-ac-01,AC Deep Foam Jet Servicing,15,12.38
2026-08-07,Mumbai,srv-carp-01,Carpentry & Furniture Assembly,10,8.5
2026-08-07,Mumbai,srv-clean-01,Full Home Deep Cleaning,11,11.35
2026-08-07,Mumbai,srv-cook-01,Home Chef & Meal Preparation,9,9.83
2026-08-07,Mumbai,srv-elder-01,Elder Assistance & Companionship,9,7.42
2026-08-07,Mumbai,srv-elec-01,Electrical Repair & Wiring,13,13.35
2026-08-07,Mumbai,srv-garden-01,Gardening & Balcony Greenery,9,6.23
2026-08-07,Mumbai,srv-move-01,Moving & Heavy Lifting Assistance,4,6.37
2026-08-07,Mumbai,srv-paint-01,Wall Painting & Waterproofing,4,3.44
2026-08-07,Mumbai,srv-pest-01,Organic Pest Control,9,8.24
2026-08-07,Mumbai,srv-plumb-01,Plumbing Repair & Leakage Fix,12,10.92
2026-08-07,Mumbai,srv-soc-clean-01,Society Common Area Sanitization,4,3.57
2026-08-07,Mumbai,srv-soc-event-01,Community Event Sound & Electrical Setup,4,2.52
2026-08-07,Mumbai,srv-soc-tank-01,Water Sump & Overhead Tank Cleaning,3,2.81
2026-08-07,Nagpur,srv-ac-01,AC Deep Foam Jet Servicing,9,8.47
2026-08-07,Nagpur,srv-carp-01,Carpentry & Furniture Assembly,6,5.27
2026-08-07,Nagpur,srv-clean-01,Full Home Deep Cleaning,7,6.7
2026-08-07,Nagpur,srv-cook-01,Home Chef & Meal Preparation,6,5.82
2026-08-07,Nagpur,srv-elder-01,Elder Assistance & Companionship,4,4.43
2026-08-07,Nagpur,srv-elec-01,Electrical Repair & Wiring,8,7.35
2026-08-07,Nagpur,srv-garden-01,Gardening & Balcony Greenery,4,3.74
2026-08-07,Nagpur,srv-move-01,Moving & Heavy Lifting Assistance,3,2.49
2026-08-07,Nagpur,srv-paint-01,Wall Painting & Waterproofing,2,2.15
2026-08-07,Nagpur,srv-pest-01,Organic Pest Control,5,5.17
2026-08-07,Nagpur,srv-plumb-01,Plumbing Repair & Leakage Fix,6,6.16
2026-08-07,Nagpur,srv-soc-clean-01,Society Common Area Sanitization,2,2.11
2026-08-07,Nagpur,srv-soc-event-01,Community Event Sound & Electrical Setup,2,1.5
2026-08-07,Nagpur,srv-soc-tank-01,Water Sump & Overhead Tank Cleaning,2,1.7
2026-08-07,Patna,srv-ac-01,AC Deep Foam Jet Servicing,8,7.84
2026-08-07,Patna,srv-carp-01,Carpentry & Furniture Assembly,5,5.17
2026-08-07,Patna,srv-clean-01,Full Home Deep Cleaning,6,6.45
2026-08-07,Patna,srv-cook-01,Home Chef & Meal Preparation,6,5.48
2026-08-07,Patna,srv-elder-01,Elder Assistance & Companionship,5,4.32
2026-08-07,Patna,srv-elec-01,Electrical Repair & Wiring,8,7.49
2026-08-07,Patna,srv-garden-01,Gardening & Balcony Greenery,4,3.42
2026-08-07,Patna,srv-move-01,Moving & Heavy Lifting Assistance,2,2.5
2026-08-07,Patna,srv-paint-01,Wall Painting & Waterproofing,2,2.06
2026-08-07,Patna,srv-pest-01,Organic Pest Control,5,4.8
2026-08-07,Patna,srv-plumb-01,Plumbing Repair & Leakage Fix,6,5.88
2026-08-07,Patna,srv-soc-clean-01,Society Common Area Sanitization,2,1.99
2026-08-07,Patna,srv-soc-event-01,Community Event Sound & Electrical Setup,1,1.07
2026-08-07,Patna,srv-soc-tank-01,Water Sump & Overhead Tank Cleaning,2,1.63
2026-08-07,Pune,srv-ac-01,AC Deep Foam Jet Servicing,10,9.82
2026-08-07,Pune,srv-carp-01,Carpentry & Furniture Assembly,6,6.42
2026-08-07,Pune,srv-clean-01,Full Home Deep Cleaning,9,8.52
2026-08-07,Pune,srv-cook-01,Home Chef & Meal Preparation,7,6.84
2026-08-07,Pune,srv-elder-01,Elder Assistance & Companionship,6,5.3
2026-08-07,Pune,srv-elec-01,Electrical Repair & Wiring,11,9.53
2026-08-07,Pune,srv-garden-01,Gardening & Balcony Greenery,5,5.48
2026-08-07,Pune,srv-move-01,Moving & Heavy Lifting Assistance,3,3.39
2026-08-07,Pune,srv-paint-01,Wall Painting & Waterproofing,3,2.66
2026-08-07,Pune,srv-pest-01,Organic Pest Control,7,6.27
2026-08-07,Pune,srv-plumb-01,Plumbing Repair & Leakage Fix,8,7.4
2026-08-07,Pune,srv-soc-clean-01,Society Common Area Sanitization,2,2.81
2026-08-07,Pune,srv-soc-event-01,Community Event Sound & Electrical Setup,2,1.77
2026-08-07,Pune,srv-soc-tank-01,Water Sump & Overhead Tank Cleaning,2,2.03
2026-08-07,Surat,srv-ac-01,AC Deep Foam Jet Servicing,9,8.14
2026-08-07,Surat,srv-carp-01,Carpentry & Furniture Assembly,5,5.38
2026-08-07,Surat,srv-clean-01,Full Home Deep Cleaning,9,6.74
2026-08-07,Surat,srv-cook-01,Home Chef & Meal Preparation,5,6.01
2026-08-07,Surat,srv-elder-01,Elder Assistance & Companionship,5,4.97
2026-08-07,Surat,srv-elec-01,Electrical Repair & Wiring,7,8.19
2026-08-07,Surat,srv-garden-01,Gardening & Balcony Greenery,4,4.03
2026-08-07,Surat,srv-move-01,Moving & Heavy Lifting Assistance,3,2.86
2026-08-07,Surat,srv-paint-01,Wall Painting & Waterproofing,2,2.13
2026-08-07,Surat,srv-pest-01,Organic Pest Control,6,5.49
2026-08-07,Surat,srv-plumb-01,Plumbing Repair & Leakage Fix,7,6.87
2026-08-07,Surat,srv-soc-clean-01,Society Common Area Sanitization,2,2.16
2026-08-07,Surat,srv-soc-event-01,Community Event Sound & Electrical Setup,1,1.48
2026-08-07,Surat,srv-soc-tank-01,Water Sump & Overhead Tank Cleaning,1,1.56
2026-08-07,Vadodara,srv-ac-01,AC Deep Foam Jet Servicing,8,8.17
2026-08-07,Vadodara,srv-carp-01,Carpentry & Furniture Assembly,4,4.88
2026-08-07,Vadodara,srv-clean-01,Full Home Deep Cleaning,6,6.43
2026-08-07,Vadodara,srv-cook-01,Home Chef & Meal Preparation,5,5.88
2026-08-07,Vadodara,srv-elder-01,Elder Assistance & Companionship,5,4.54
2026-08-07,Vadodara,srv-elec-01,Electrical Repair & Wiring,7,6.9
2026-08-07,Vadodara,srv-garden-01,Gardening & Balcony Greenery,5,3.4
2026-08-07,Vadodara,srv-move-01,Moving & Heavy Lifting Assistance,2,2.21
2026-08-07,Vadodara,srv-paint-01,Wall Painting & Waterproofing,2,2.06
2026-08-07,Vadodara,srv-pest-01,Organic Pest Control,5,5.01
2026-08-07,Vadodara,srv-plumb-01,Plumbing Repair & Leakage Fix,6,6.18
2026-08-07,Vadodara,srv-soc-clean-01,Society Common Area Sanitization,2,1.96
2026-08-07,Vadodara,srv-soc-event-01,Community Event Sound & Electrical Setup,1,1.05
2026-08-07,Vadodara,srv-soc-tank-01,Water Sump & Overhead Tank Cleaning,1,1.45
2026-08-07,Visakhapatnam,srv-ac-01,AC Deep Foam Jet Servicing,6,7.7
2026-08-07,Visakhapatnam,srv-carp-01,Carpentry & Furniture Assembly,5,5.3
2026-08-07,Visakhapatnam,srv-clean-01,Full Home Deep Cleaning,7,6.84
2026-08-07,Visakhapatnam,srv-cook-01,Home Chef & Meal Preparation,5,5.58
2026-08-07,Visakhapatnam,srv-elder-01,Elder Assistance & Companionship,5,4.42
2026-08-07,Visakhapatnam,srv-elec-01,Electrical Repair & Wiring,7,7.02
2026-08-07,Visakhapatnam,srv-garden-01,Gardening & Balcony Greenery,5,3.86
2026-08-07,Visakhapatnam,srv-move-01,Moving & Heavy Lifting Assistance,3,2.42
2026-08-07,Visakhapatnam,srv-paint-01,Wall Painting & Waterproofing,2,2.07
2026-08-07,Visakhapatnam,srv-pest-01,Organic Pest Control,5,5.01
2026-08-07,Visakhapatnam,srv-plumb-01,Plumbing Repair & Leakage Fix,6,5.52
2026-08-07,Visakhapatnam,srv-soc-clean-01,Society Common Area Sanitization,2,2.1
2026-08-07,Visakhapatnam,srv-soc-event-01,Community Event Sound & Electrical Setup,1,1.1
2026-08-07,Visakhapatnam,srv-soc-tank-01,Water Sump & Overhead Tank Cleaning,2,1.93
2026-08-08,Ahmedabad,srv-ac-01,AC Deep Foam Jet Servicing,9,10.4
2026-08-08,Ahmedabad,srv-carp-01,Carpentry & Furniture Assembly,6,7.21
2026-08-08,Ahmedabad,srv-clean-01,Full Home Deep Cleaning,15,15.74
2026-08-08,Ahmedabad,srv-cook-01,Home Chef & Meal Preparation,7,6.77
2026-08-08,Ahmedabad,srv-elder-01,Elder Assistance & Companionship,6,4.81
2026-08-08,Ahmedabad,srv-elec-01,Electrical Repair & Wiring,7,10.66
2026-08-08,Ahmedabad,srv-garden-01,Gardening & Balcony Greenery,8,7.68
2026-08-08,Ahmedabad,srv-move-01,Moving & Heavy Lifting Assistance,5,6.52
2026-08-08,Ahmedabad,srv-paint-01,Wall Painting & Waterproofing,4,3.95
2026-08-08,Ahmedabad,srv-pest-01,Organic Pest Control,7,6.75
2026-08-08,Ahmedabad,srv-plumb-01,Plumbing Repair & Leakage Fix,9,8.36
2026-08-08,Ahmedabad,srv-soc-clean-01,Society Common Area Sanitization,3,3.11
2026-08-08,Ahmedabad,srv-soc-event-01,Community Event Sound & Electrical Setup,4,3.59
2026-08-08,Ahmedabad,srv-soc-tank-01,Water Sump & Overhead Tank Cleaning,2,2.27
2026-08-08,Bengaluru,srv-ac-01,AC Deep Foam Jet Servicing,12,15.17
2026-08-08,Bengaluru,srv-carp-01,Carpentry & Furniture Assembly,11,10.39
2026-08-08,Bengaluru,srv-clean-01,Full Home Deep Cleaning,20,21.28
2026-08-08,Bengaluru,srv-cook-01,Home Chef & Meal Preparation,11,9.67
2026-08-08,Bengaluru,srv-elder-01,Elder Assistance & Companionship,7,6.92
2026-08-08,Bengaluru,srv-elec-01,Electrical Repair & Wiring,11,10.6
2026-08-08,Bengaluru,srv-garden-01,Gardening & Balcony Greenery,11,9.68
2026-08-08,Bengaluru,srv-move-01,Moving & Heavy Lifting Assistance,9,8.55
2026-08-08,Bengaluru,srv-paint-01,Wall Painting & Waterproofing,5,4.99
2026-08-08,Bengaluru,srv-pest-01,Organic Pest Control,11,9.8
2026-08-08,Bengaluru,srv-plumb-01,Plumbing Repair & Leakage Fix,13,11.85
2026-08-08,Bengaluru,srv-soc-clean-01,Society Common Area Sanitization,6,4.45
2026-08-08,Bengaluru,srv-soc-event-01,Community Event Sound & Electrical Setup,6,4.78
2026-08-08,Bengaluru,srv-soc-tank-01,Water Sump & Overhead Tank Cleaning,3,2.97
2026-08-08,Bhopal,srv-ac-01,AC Deep Foam Jet Servicing,9,8.01
2026-08-08,Bhopal,srv-carp-01,Carpentry & Furniture Assembly,6,5.61
2026-08-08,Bhopal,srv-clean-01,Full Home Deep Cleaning,14,12.42
2026-08-08,Bhopal,srv-cook-01,Home Chef & Meal Preparation,5,5.69
2026-08-08,Bhopal,srv-elder-01,Elder Assistance & Companionship,4,3.79
2026-08-08,Bhopal,srv-elec-01,Electrical Repair & Wiring,6,6.43
2026-08-08,Bhopal,srv-garden-01,Gardening & Balcony Greenery,8,6.18
2026-08-08,Bhopal,srv-move-01,Moving & Heavy Lifting Assistance,5,4.73
2026-08-08,Bhopal,srv-paint-01,Wall Painting & Waterproofing,3,2.85
2026-08-08,Bhopal,srv-pest-01,Organic Pest Control,5,5.49
2026-08-08,Bhopal,srv-plumb-01,Plumbing Repair & Leakage Fix,7,6.6
2026-08-08,Bhopal,srv-soc-clean-01,Society Common Area Sanitization,3,2.57
2026-08-08,Bhopal,srv-soc-event-01,Community Event Sound & Electrical Setup,3,3.04
2026-08-08,Bhopal,srv-soc-tank-01,Water Sump & Overhead Tank Cleaning,2,1.99
2026-08-08,Chennai,srv-ac-01,AC Deep Foam Jet Servicing,12,11.43
2026-08-08,Chennai,srv-carp-01,Carpentry & Furniture Assembly,8,8.67
2026-08-08,Chennai,srv-clean-01,Full Home Deep Cleaning,20,16.58
2026-08-08,Chennai,srv-cook-01,Home Chef & Meal Preparation,8,7.79
2026-08-08,Chennai,srv-elder-01,Elder Assistance & Companionship,5,6.06
2026-08-08,Chennai,srv-elec-01,Electrical Repair & Wiring,9,9.27
2026-08-08,Chennai,srv-garden-01,Gardening & Balcony Greenery,9,9.34
2026-08-08,Chennai,srv-move-01,Moving & Heavy Lifting Assistance,7,7.52
2026-08-08,Chennai,srv-paint-01,Wall Painting & Waterproofing,4,3.69
2026-08-08,Chennai,srv-pest-01,Organic Pest Control,7,7.81
2026-08-08,Chennai,srv-plumb-01,Plumbing Repair & Leakage Fix,9,9.91
2026-08-08,Chennai,srv-soc-clean-01,Society Common Area Sanitization,4,3.65
2026-08-08,Chennai,srv-soc-event-01,Community Event Sound & Electrical Setup,5,4.18
2026-08-08,Chennai,srv-soc-tank-01,Water Sump & Overhead Tank Cleaning,3,2.67
2026-08-08,Coimbatore,srv-ac-01,AC Deep Foam Jet Servicing,8,9.35
2026-08-08,Coimbatore,srv-carp-01,Carpentry & Furniture Assembly,6,6.67
2026-08-08,Coimbatore,srv-clean-01,Full Home Deep Cleaning,12,15.51
2026-08-08,Coimbatore,srv-cook-01,Home Chef & Meal Preparation,5,5.85
2026-08-08,Coimbatore,srv-elder-01,Elder Assistance & Companionship,4,4.05
2026-08-08,Coimbatore,srv-elec-01,Electrical Repair & Wiring,8,7.51
2026-08-08,Coimbatore,srv-garden-01,Gardening & Balcony Greenery,8,6.72
2026-08-08,Coimbatore,srv-move-01,Moving & Heavy Lifting Assistance,6,4.82
2026-08-08,Coimbatore,srv-paint-01,Wall Painting & Waterproofing,3,2.88
2026-08-08,Coimbatore,srv-pest-01,Organic Pest Control,5,5.69
2026-08-08,Coimbatore,srv-plumb-01,Plumbing Repair & Leakage Fix,8,6.85
2026-08-08,Coimbatore,srv-soc-clean-01,Society Common Area Sanitization,2,2.66
2026-08-08,Coimbatore,srv-soc-event-01,Community Event Sound & Electrical Setup,3,3.28
2026-08-08,Coimbatore,srv-soc-tank-01,Water Sump & Overhead Tank Cleaning,2,1.8
2026-08-08,Delhi NCR,srv-ac-01,AC Deep Foam Jet Servicing,12,15.3
2026-08-08,Delhi NCR,srv-carp-01,Carpentry & Furniture Assembly,11,10.86
2026-08-08,Delhi NCR,srv-clean-01,Full Home Deep Cleaning,23,22.57
2026-08-08,Delhi NCR,srv-cook-01,Home Chef & Meal Preparation,13,9.24
2026-08-08,Delhi NCR,srv-elder-01,Elder Assistance & Companionship,6,7.32
2026-08-08,Delhi NCR,srv-elec-01,Electrical Repair & Wiring,12,11.78
2026-08-08,Delhi NCR,srv-garden-01,Gardening & Balcony Greenery,11,10.01
2026-08-08,Delhi NCR,srv-move-01,Moving & Heavy Lifting Assistance,8,7.7
2026-08-08,Delhi NCR,srv-paint-01,Wall Painting & Waterproofing,6,5.43
2026-08-08,Delhi NCR,srv-pest-01,Organic Pest Control,10,10.47
2026-08-08,Delhi NCR,srv-plumb-01,Plumbing Repair & Leakage Fix,19,11.29
2026-08-08,Delhi NCR,srv-soc-clean-01,Society Common Area Sanitization,4,5.52
2026-08-08,Delhi NCR,srv-soc-event-01,Community Event Sound & Electrical Setup,5,5.44
2026-08-08,Delhi NCR,srv-soc-tank-01,Water Sump & Overhead Tank Cleaning,3,3.02
2026-08-08,Gurugram,srv-ac-01,AC Deep Foam Jet Servicing,10,12.13
2026-08-08,Gurugram,srv-carp-01,Carpentry & Furniture Assembly,11,7.44
2026-08-08,Gurugram,srv-clean-01,Full Home Deep Cleaning,14,15.19
2026-08-08,Gurugram,srv-cook-01,Home Chef & Meal Preparation,7,7.11
2026-08-08,Gurugram,srv-elder-01,Elder Assistance & Companionship,5,5.12
2026-08-08,Gurugram,srv-elec-01,Electrical Repair & Wiring,9,8.0
2026-08-08,Gurugram,srv-garden-01,Gardening & Balcony Greenery,8,7.86
2026-08-08,Gurugram,srv-move-01,Moving & Heavy Lifting Assistance,5,6.18
2026-08-08,Gurugram,srv-paint-01,Wall Painting & Waterproofing,4,3.64
2026-08-08,Gurugram,srv-pest-01,Organic Pest Control,7,7.36
2026-08-08,Gurugram,srv-plumb-01,Plumbing Repair & Leakage Fix,9,8.8
2026-08-08,Gurugram,srv-soc-clean-01,Society Common Area Sanitization,3,3.01
2026-08-08,Gurugram,srv-soc-event-01,Community Event Sound & Electrical Setup,4,4.4
2026-08-08,Gurugram,srv-soc-tank-01,Water Sump & Overhead Tank Cleaning,3,2.32
2026-08-08,Hyderabad,srv-ac-01,AC Deep Foam Jet Servicing,12,12.43
2026-08-08,Hyderabad,srv-carp-01,Carpentry & Furniture Assembly,8,8.98
2026-08-08,Hyderabad,srv-clean-01,Full Home Deep Cleaning,19,17.48
2026-08-08,Hyderabad,srv-cook-01,Home Chef & Meal Preparation,8,8.86
2026-08-08,Hyderabad,srv-elder-01,Elder Assistance & Companionship,6,6.4
2026-08-08,Hyderabad,srv-elec-01,Electrical Repair & Wiring,9,9.14
2026-08-08,Hyderabad,srv-garden-01,Gardening & Balcony Greenery,13,10.05
2026-08-08,Hyderabad,srv-move-01,Moving & Heavy Lifting Assistance,7,7.52
2026-08-08,Hyderabad,srv-paint-01,Wall Painting & Waterproofing,4,4.45
2026-08-08,Hyderabad,srv-pest-01,Organic Pest Control,9,8.92
2026-08-08,Hyderabad,srv-plumb-01,Plumbing Repair & Leakage Fix,9,10.26
2026-08-08,Hyderabad,srv-soc-clean-01,Society Common Area Sanitization,3,3.88
2026-08-08,Hyderabad,srv-soc-event-01,Community Event Sound & Electrical Setup,5,4.71
2026-08-08,Hyderabad,srv-soc-tank-01,Water Sump & Overhead Tank Cleaning,2,3.0
2026-08-08,Indore,srv-ac-01,AC Deep Foam Jet Servicing,10,9.66
2026-08-08,Indore,srv-carp-01,Carpentry & Furniture Assembly,7,6.6
2026-08-08,Indore,srv-clean-01,Full Home Deep Cleaning,15,13.96
2026-08-08,Indore,srv-cook-01,Home Chef & Meal Preparation,7,6.15
2026-08-08,Indore,srv-elder-01,Elder Assistance & Companionship,4,4.34
2026-08-08,Indore,srv-elec-01,Electrical Repair & Wiring,8,6.46
2026-08-08,Indore,srv-garden-01,Gardening & Balcony Greenery,7,6.6
2026-08-08,Indore,srv-move-01,Moving & Heavy Lifting Assistance,5,5.43
2026-08-08,Indore,srv-paint-01,Wall Painting & Waterproofing,3,3.15
2026-08-08,Indore,srv-pest-01,Organic Pest Control,6,6.48
2026-08-08,Indore,srv-plumb-01,Plumbing Repair & Leakage Fix,8,7.66
2026-08-08,Indore,srv-soc-clean-01,Society Common Area Sanitization,2,2.74
2026-08-08,Indore,srv-soc-event-01,Community Event Sound & Electrical Setup,3,3.28
2026-08-08,Indore,srv-soc-tank-01,Water Sump & Overhead Tank Cleaning,2,2.19
2026-08-08,Jaipur,srv-ac-01,AC Deep Foam Jet Servicing,8,9.63
2026-08-08,Jaipur,srv-carp-01,Carpentry & Furniture Assembly,7,6.65
2026-08-08,Jaipur,srv-clean-01,Full Home Deep Cleaning,15,14.35
2026-08-08,Jaipur,srv-cook-01,Home Chef & Meal Preparation,7,6.39
2026-08-08,Jaipur,srv-elder-01,Elder Assistance & Companionship,5,4.81
2026-08-08,Jaipur,srv-elec-01,Electrical Repair & Wiring,8,7.26
2026-08-08,Jaipur,srv-garden-01,Gardening & Balcony Greenery,8,7.21
2026-08-08,Jaipur,srv-move-01,Moving & Heavy Lifting Assistance,5,5.5
2026-08-08,Jaipur,srv-paint-01,Wall Painting & Waterproofing,3,3.24
2026-08-08,Jaipur,srv-pest-01,Organic Pest Control,6,6.5
2026-08-08,Jaipur,srv-plumb-01,Plumbing Repair & Leakage Fix,8,7.52
2026-08-08,Jaipur,srv-soc-clean-01,Society Common Area Sanitization,4,2.79
2026-08-08,Jaipur,srv-soc-event-01,Community Event Sound & Electrical Setup,4,3.51
2026-08-08,Jaipur,srv-soc-tank-01,Water Sump & Overhead Tank Cleaning,3,2.17
2026-08-08,Kochi,srv-ac-01,AC Deep Foam Jet Servicing,9,9.23
2026-08-08,Kochi,srv-carp-01,Carpentry & Furniture Assembly,5,6.2
2026-08-08,Kochi,srv-clean-01,Full Home Deep Cleaning,14,14.01
2026-08-08,Kochi,srv-cook-01,Home Chef & Meal Preparation,6,6.31
2026-08-08,Kochi,srv-elder-01,Elder Assistance & Companionship,5,4.0
2026-08-08,Kochi,srv-elec-01,Electrical Repair & Wiring,7,7.46
2026-08-08,Kochi,srv-garden-01,Gardening & Balcony Greenery,7,7.12
2026-08-08,Kochi,srv-move-01,Moving & Heavy Lifting Assistance,6,5.77
2026-08-08,Kochi,srv-paint-01,Wall Painting & Waterproofing,3,3.08
2026-08-08,Kochi,srv-pest-01,Organic Pest Control,5,6.07
2026-08-08,Kochi,srv-plumb-01,Plumbing Repair & Leakage Fix,7,7.15
2026-08-08,Kochi,srv-soc-clean-01,Society Common Area Sanitization,3,3.03
2026-08-08,Kochi,srv-soc-event-01,Community Event Sound & Electrical Setup,3,3.22
2026-08-08,Kochi,srv-soc-tank-01,Water Sump & Overhead Tank Cleaning,2,1.9
2026-08-08,Kolkata,srv-ac-01,AC Deep Foam Jet Servicing,12,11.96
2026-08-08,Kolkata,srv-carp-01,Carpentry & Furniture Assembly,9,9.21
2026-08-08,Kolkata,srv-clean-01,Full Home Deep Cleaning,20,19.55
2026-08-08,Kolkata,srv-cook-01,Home Chef & Meal Preparation,9,9.18
2026-08-08,Kolkata,srv-elder-01,Elder Assistance & Companionship,7,6.67
2026-08-08,Kolkata,srv-elec-01,Electrical Repair & Wiring,10,10.69
2026-08-08,Kolkata,srv-garden-01,Gardening & Balcony Greenery,12,9.5
2026-08-08,Kolkata,srv-move-01,Moving & Heavy Lifting Assistance,7,7.83
2026-08-08,Kolkata,srv-paint-01,Wall Painting & Waterproofing,4,4.51
2026-08-08,Kolkata,srv-pest-01,Organic Pest Control,8,8.48
2026-08-08,Kolkata,srv-plumb-01,Plumbing Repair & Leakage Fix,10,11.11
2026-08-08,Kolkata,srv-soc-clean-01,Society Common Area Sanitization,4,3.92
2026-08-08,Kolkata,srv-soc-event-01,Community Event Sound & Electrical Setup,5,4.65
2026-08-08,Kolkata,srv-soc-tank-01,Water Sump & Overhead Tank Cleaning,3,2.39
2026-08-08,Lucknow,srv-ac-01,AC Deep Foam Jet Servicing,9,11.17
2026-08-08,Lucknow,srv-carp-01,Carpentry & Furniture Assembly,7,6.62
2026-08-08,Lucknow,srv-clean-01,Full Home Deep Cleaning,16,16.7
2026-08-08,Lucknow,srv-cook-01,Home Chef & Meal Preparation,6,6.86
2026-08-08,Lucknow,srv-elder-01,Elder Assistance & Companionship,9,4.51
2026-08-08,Lucknow,srv-elec-01,Electrical Repair & Wiring,8,8.01
2026-08-08,Lucknow,srv-garden-01,Gardening & Balcony Greenery,7,7.4
2026-08-08,Lucknow,srv-move-01,Moving & Heavy Lifting Assistance,6,5.65
2026-08-08,Lucknow,srv-paint-01,Wall Painting & Waterproofing,4,3.34
2026-08-08,Lucknow,srv-pest-01,Organic Pest Control,6,7.16
2026-08-08,Lucknow,srv-plumb-01,Plumbing Repair & Leakage Fix,9,8.4
2026-08-08,Lucknow,srv-soc-clean-01,Society Common Area Sanitization,3,2.98
2026-08-08,Lucknow,srv-soc-event-01,Community Event Sound & Electrical Setup,3,4.02
2026-08-08,Lucknow,srv-soc-tank-01,Water Sump & Overhead Tank Cleaning,2,2.17
2026-08-08,Mumbai,srv-ac-01,AC Deep Foam Jet Servicing,14,14.59
2026-08-08,Mumbai,srv-carp-01,Carpentry & Furniture Assembly,9,12.01
2026-08-08,Mumbai,srv-clean-01,Full Home Deep Cleaning,25,23.72
2026-08-08,Mumbai,srv-cook-01,Home Chef & Meal Preparation,9,10.48
2026-08-08,Mumbai,srv-elder-01,Elder Assistance & Companionship,7,6.96
2026-08-08,Mumbai,srv-elec-01,Electrical Repair & Wiring,11,10.83
2026-08-08,Mumbai,srv-garden-01,Gardening & Balcony Greenery,11,10.64
2026-08-08,Mumbai,srv-move-01,Moving & Heavy Lifting Assistance,8,8.97
2026-08-08,Mumbai,srv-paint-01,Wall Painting & Waterproofing,6,5.32
2026-08-08,Mumbai,srv-pest-01,Organic Pest Control,10,10.03
2026-08-08,Mumbai,srv-plumb-01,Plumbing Repair & Leakage Fix,11,10.98
2026-08-08,Mumbai,srv-soc-clean-01,Society Common Area Sanitization,4,5.06
2026-08-08,Mumbai,srv-soc-event-01,Community Event Sound & Electrical Setup,6,5.32
2026-08-08,Mumbai,srv-soc-tank-01,Water Sump & Overhead Tank Cleaning,3,3.16
2026-08-08,Nagpur,srv-ac-01,AC Deep Foam Jet Servicing,9,9.01
2026-08-08,Nagpur,srv-carp-01,Carpentry & Furniture Assembly,7,5.97
2026-08-08,Nagpur,srv-clean-01,Full Home Deep Cleaning,13,12.84
2026-08-08,Nagpur,srv-cook-01,Home Chef & Meal Preparation,6,6.11
2026-08-08,Nagpur,srv-elder-01,Elder Assistance & Companionship,4,4.25
2026-08-08,Nagpur,srv-elec-01,Electrical Repair & Wiring,7,6.84
2026-08-08,Nagpur,srv-garden-01,Gardening & Balcony Greenery,7,6.57
2026-08-08,Nagpur,srv-move-01,Moving & Heavy Lifting Assistance,7,5.41
2026-08-08,Nagpur,srv-paint-01,Wall Painting & Waterproofing,3,3.06
2026-08-08,Nagpur,srv-pest-01,Organic Pest Control,6,5.95
2026-08-08,Nagpur,srv-plumb-01,Plumbing Repair & Leakage Fix,8,7.17
2026-08-08,Nagpur,srv-soc-clean-01,Society Common Area Sanitization,2,2.88
2026-08-08,Nagpur,srv-soc-event-01,Community Event Sound & Electrical Setup,3,3.29
2026-08-08,Nagpur,srv-soc-tank-01,Water Sump & Overhead Tank Cleaning,2,2.07
2026-08-08,Patna,srv-ac-01,AC Deep Foam Jet Servicing,7,9.33
2026-08-08,Patna,srv-carp-01,Carpentry & Furniture Assembly,6,5.68
2026-08-08,Patna,srv-clean-01,Full Home Deep Cleaning,15,13.74
2026-08-08,Patna,srv-cook-01,Home Chef & Meal Preparation,6,6.04
2026-08-08,Patna,srv-elder-01,Elder Assistance & Companionship,4,4.05
2026-08-08,Patna,srv-elec-01,Electrical Repair & Wiring,8,6.38
2026-08-08,Patna,srv-garden-01,Gardening & Balcony Greenery,6,6.2
2026-08-08,Patna,srv-move-01,Moving & Heavy Lifting Assistance,6,5.01
2026-08-08,Patna,srv-paint-01,Wall Painting & Waterproofing,3,3.02
2026-08-08,Patna,srv-pest-01,Organic Pest Control,6,5.6
2026-08-08,Patna,srv-plumb-01,Plumbing Repair & Leakage Fix,7,6.74
2026-08-08,Patna,srv-soc-clean-01,Society Common Area Sanitization,2,2.74
2026-08-08,Patna,srv-soc-event-01,Community Event Sound & Electrical Setup,3,3.17
2026-08-08,Patna,srv-soc-tank-01,Water Sump & Overhead Tank Cleaning,2,2.07
2026-08-08,Pune,srv-ac-01,AC Deep Foam Jet Servicing,10,10.35
2026-08-08,Pune,srv-carp-01,Carpentry & Furniture Assembly,8,7.87
2026-08-08,Pune,srv-clean-01,Full Home Deep Cleaning,15,18.22
2026-08-08,Pune,srv-cook-01,Home Chef & Meal Preparation,8,7.73
2026-08-08,Pune,srv-elder-01,Elder Assistance & Companionship,5,6.16
2026-08-08,Pune,srv-elec-01,Electrical Repair & Wiring,18,8.44
2026-08-08,Pune,srv-garden-01,Gardening & Balcony Greenery,9,8.84
2026-08-08,Pune,srv-move-01,Moving & Heavy Lifting Assistance,6,6.15
2026-08-08,Pune,srv-paint-01,Wall Painting & Waterproofing,3,3.52
2026-08-08,Pune,srv-pest-01,Organic Pest Control,7,7.09
2026-08-08,Pune,srv-plumb-01,Plumbing Repair & Leakage Fix,9,8.38
2026-08-08,Pune,srv-soc-clean-01,Society Common Area Sanitization,3,3.44
2026-08-08,Pune,srv-soc-event-01,Community Event Sound & Electrical Setup,4,3.62
2026-08-08,Pune,srv-soc-tank-01,Water Sump & Overhead Tank Cleaning,2,2.35
2026-08-08,Surat,srv-ac-01,AC Deep Foam Jet Servicing,11,9.69
2026-08-08,Surat,srv-carp-01,Carpentry & Furniture Assembly,8,6.11
2026-08-08,Surat,srv-clean-01,Full Home Deep Cleaning,13,14.0
2026-08-08,Surat,srv-cook-01,Home Chef & Meal Preparation,6,6.27
2026-08-08,Surat,srv-elder-01,Elder Assistance & Companionship,5,4.39
2026-08-08,Surat,srv-elec-01,Electrical Repair & Wiring,11,8.09
2026-08-08,Surat,srv-garden-01,Gardening & Balcony Greenery,7,7.01
2026-08-08,Surat,srv-move-01,Moving & Heavy Lifting Assistance,5,5.81
2026-08-08,Surat,srv-paint-01,Wall Painting & Waterproofing,3,3.01
2026-08-08,Surat,srv-pest-01,Organic Pest Control,5,6.16
2026-08-08,Surat,srv-plumb-01,Plumbing Repair & Leakage Fix,8,7.36
2026-08-08,Surat,srv-soc-clean-01,Society Common Area Sanitization,2,2.67
2026-08-08,Surat,srv-soc-event-01,Community Event Sound & Electrical Setup,3,3.33
2026-08-08,Surat,srv-soc-tank-01,Water Sump & Overhead Tank Cleaning,2,1.91
2026-08-08,Vadodara,srv-ac-01,AC Deep Foam Jet Servicing,8,8.97
2026-08-08,Vadodara,srv-carp-01,Carpentry & Furniture Assembly,6,5.56
2026-08-08,Vadodara,srv-clean-01,Full Home Deep Cleaning,12,12.94
2026-08-08,Vadodara,srv-cook-01,Home Chef & Meal Preparation,5,5.66
2026-08-08,Vadodara,srv-elder-01,Elder Assistance & Companionship,5,3.98
2026-08-08,Vadodara,srv-elec-01,Electrical Repair & Wiring,6,6.22
2026-08-08,Vadodara,srv-garden-01,Gardening & Balcony Greenery,7,5.84
2026-08-08,Vadodara,srv-move-01,Moving & Heavy Lifting Assistance,6,4.52
2026-08-08,Vadodara,srv-paint-01,Wall Painting & Waterproofing,3,2.9
2026-08-08,Vadodara,srv-pest-01,Organic Pest Control,5,5.65
2026-08-08,Vadodara,srv-plumb-01,Plumbing Repair & Leakage Fix,7,6.81
2026-08-08,Vadodara,srv-soc-clean-01,Society Common Area Sanitization,2,2.61
2026-08-08,Vadodara,srv-soc-event-01,Community Event Sound & Electrical Setup,3,3.1
2026-08-08,Vadodara,srv-soc-tank-01,Water Sump & Overhead Tank Cleaning,2,2.3
2026-08-08,Visakhapatnam,srv-ac-01,AC Deep Foam Jet Servicing,8,8.86
2026-08-08,Visakhapatnam,srv-carp-01,Carpentry & Furniture Assembly,6,5.65
2026-08-08,Visakhapatnam,srv-clean-01,Full Home Deep Cleaning,14,13.78
2026-08-08,Visakhapatnam,srv-cook-01,Home Chef & Meal Preparation,7,6.02
2026-08-08,Visakhapatnam,srv-elder-01,Elder Assistance & Companionship,4,4.31
2026-08-08,Visakhapatnam,srv-elec-01,Electrical Repair & Wiring,7,6.6
2026-08-08,Visakhapatnam,srv-garden-01,Gardening & Balcony Greenery,6,6.58
2026-08-08,Visakhapatnam,srv-move-01,Moving & Heavy Lifting Assistance,4,5.27
2026-08-08,Visakhapatnam,srv-paint-01,Wall Painting & Waterproofing,3,3.01
2026-08-08,Visakhapatnam,srv-pest-01,Organic Pest Control,5,5.68
2026-08-08,Visakhapatnam,srv-plumb-01,Plumbing Repair & Leakage Fix,6,6.43
2026-08-08,Visakhapatnam,srv-soc-clean-01,Society Common Area Sanitization,3,2.86
2026-08-08,Visakhapatnam,srv-soc-event-01,Community Event Sound & Electrical Setup,4,3.25
2026-08-08,Visakhapatnam,srv-soc-tank-01,Water Sump & Overhead Tank Cleaning,2,2.06
2026-08-09,Ahmedabad,srv-ac-01,AC Deep Foam Jet Servicing,10,10.37
2026-08-09,Ahmedabad,srv-carp-01,Carpentry & Furniture Assembly,6,7.13
2026-08-09,Ahmedabad,srv-clean-01,Full Home Deep Cleaning,14,15.16
2026-08-09,Ahmedabad,srv-cook-01,Home Chef & Meal Preparation,6,6.79
2026-08-09,Ahmedabad,srv-elder-01,Elder Assistance & Companionship,5,5.53
2026-08-09,Ahmedabad,srv-elec-01,Electrical Repair & Wiring,8,8.82
2026-08-09,Ahmedabad,srv-garden-01,Gardening & Balcony Greenery,8,7.55
2026-08-09,Ahmedabad,srv-move-01,Moving & Heavy Lifting Assistance,6,6.28
2026-08-09,Ahmedabad,srv-paint-01,Wall Painting & Waterproofing,4,3.73
2026-08-09,Ahmedabad,srv-pest-01,Organic Pest Control,6,7.19
2026-08-09,Ahmedabad,srv-plumb-01,Plumbing Repair & Leakage Fix,10,8.36
2026-08-09,Ahmedabad,srv-soc-clean-01,Society Common Area Sanitization,2,2.2
2026-08-09,Ahmedabad,srv-soc-event-01,Community Event Sound & Electrical Setup,5,3.7
2026-08-09,Ahmedabad,srv-soc-tank-01,Water Sump & Overhead Tank Cleaning,2,2.17
2026-08-09,Bengaluru,srv-ac-01,AC Deep Foam Jet Servicing,18,14.04
2026-08-09,Bengaluru,srv-carp-01,Carpentry & Furniture Assembly,11,9.71
2026-08-09,Bengaluru,srv-clean-01,Full Home Deep Cleaning,24,19.63
2026-08-09,Bengaluru,srv-cook-01,Home Chef & Meal Preparation,10,10.73
2026-08-09,Bengaluru,srv-elder-01,Elder Assistance & Companionship,7,7.01
2026-08-09,Bengaluru,srv-elec-01,Electrical Repair & Wiring,12,11.14
2026-08-09,Bengaluru,srv-garden-01,Gardening & Balcony Greenery,13,10.2
2026-08-09,Bengaluru,srv-move-01,Moving & Heavy Lifting Assistance,10,8.11
2026-08-09,Bengaluru,srv-paint-01,Wall Painting & Waterproofing,4,4.57
2026-08-09,Bengaluru,srv-pest-01,Organic Pest Control,10,9.75
2026-08-09,Bengaluru,srv-plumb-01,Plumbing Repair & Leakage Fix,12,12.23
2026-08-09,Bengaluru,srv-soc-clean-01,Society Common Area Sanitization,5,3.15
2026-08-09,Bengaluru,srv-soc-event-01,Community Event Sound & Electrical Setup,6,5.39
2026-08-09,Bengaluru,srv-soc-tank-01,Water Sump & Overhead Tank Cleaning,3,3.04
2026-08-09,Bhopal,srv-ac-01,AC Deep Foam Jet Servicing,7,8.45
2026-08-09,Bhopal,srv-carp-01,Carpentry & Furniture Assembly,6,5.62
2026-08-09,Bhopal,srv-clean-01,Full Home Deep Cleaning,13,12.06
2026-08-09,Bhopal,srv-cook-01,Home Chef & Meal Preparation,6,5.56
2026-08-09,Bhopal,srv-elder-01,Elder Assistance & Companionship,5,3.79
2026-08-09,Bhopal,srv-elec-01,Electrical Repair & Wiring,7,6.2
2026-08-09,Bhopal,srv-garden-01,Gardening & Balcony Greenery,7,6.76
2026-08-09,Bhopal,srv-move-01,Moving & Heavy Lifting Assistance,6,4.94
2026-08-09,Bhopal,srv-paint-01,Wall Painting & Waterproofing,3,3.02
2026-08-09,Bhopal,srv-pest-01,Organic Pest Control,6,5.37
2026-08-09,Bhopal,srv-plumb-01,Plumbing Repair & Leakage Fix,8,6.58
2026-08-09,Bhopal,srv-soc-clean-01,Society Common Area Sanitization,2,1.91
2026-08-09,Bhopal,srv-soc-event-01,Community Event Sound & Electrical Setup,5,3.15
2026-08-09,Bhopal,srv-soc-tank-01,Water Sump & Overhead Tank Cleaning,2,1.91
2026-08-09,Chennai,srv-ac-01,AC Deep Foam Jet Servicing,11,12.2
2026-08-09,Chennai,srv-carp-01,Carpentry & Furniture Assembly,9,7.73
2026-08-09,Chennai,srv-clean-01,Full Home Deep Cleaning,20,14.84
2026-08-09,Chennai,srv-cook-01,Home Chef & Meal Preparation,8,7.85
2026-08-09,Chennai,srv-elder-01,Elder Assistance & Companionship,6,5.82
2026-08-09,Chennai,srv-elec-01,Electrical Repair & Wiring,10,9.35
2026-08-09,Chennai,srv-garden-01,Gardening & Balcony Greenery,11,9.23
2026-08-09,Chennai,srv-move-01,Moving & Heavy Lifting Assistance,7,7.3
2026-08-09,Chennai,srv-paint-01,Wall Painting & Waterproofing,4,3.62
2026-08-09,Chennai,srv-pest-01,Organic Pest Control,8,7.68
2026-08-09,Chennai,srv-plumb-01,Plumbing Repair & Leakage Fix,10,9.86
2026-08-09,Chennai,srv-soc-clean-01,Society Common Area Sanitization,2,2.89
2026-08-09,Chennai,srv-soc-event-01,Community Event Sound & Electrical Setup,5,4.51
2026-08-09,Chennai,srv-soc-tank-01,Water Sump & Overhead Tank Cleaning,2,2.74
2026-08-09,Coimbatore,srv-ac-01,AC Deep Foam Jet Servicing,8,9.15
2026-08-09,Coimbatore,srv-carp-01,Carpentry & Furniture Assembly,6,6.1
2026-08-09,Coimbatore,srv-clean-01,Full Home Deep Cleaning,11,14.56
2026-08-09,Coimbatore,srv-cook-01,Home Chef & Meal Preparation,6,5.87
2026-08-09,Coimbatore,srv-elder-01,Elder Assistance & Companionship,4,4.11
2026-08-09,Coimbatore,srv-elec-01,Electrical Repair & Wiring,6,6.54
2026-08-09,Coimbatore,srv-garden-01,Gardening & Balcony Greenery,9,6.62
2026-08-09,Coimbatore,srv-move-01,Moving & Heavy Lifting Assistance,5,4.85
2026-08-09,Coimbatore,srv-paint-01,Wall Painting & Waterproofing,3,2.98
2026-08-09,Coimbatore,srv-pest-01,Organic Pest Control,6,5.44
2026-08-09,Coimbatore,srv-plumb-01,Plumbing Repair & Leakage Fix,6,6.87
2026-08-09,Coimbatore,srv-soc-clean-01,Society Common Area Sanitization,2,1.96
2026-08-09,Coimbatore,srv-soc-event-01,Community Event Sound & Electrical Setup,4,3.21
2026-08-09,Coimbatore,srv-soc-tank-01,Water Sump & Overhead Tank Cleaning,2,1.81
2026-08-09,Delhi NCR,srv-ac-01,AC Deep Foam Jet Servicing,16,15.69
2026-08-09,Delhi NCR,srv-carp-01,Carpentry & Furniture Assembly,11,10.17
2026-08-09,Delhi NCR,srv-clean-01,Full Home Deep Cleaning,28,24.09
2026-08-09,Delhi NCR,srv-cook-01,Home Chef & Meal Preparation,9,9.17
2026-08-09,Delhi NCR,srv-elder-01,Elder Assistance & Companionship,10,7.22
2026-08-09,Delhi NCR,srv-elec-01,Electrical Repair & Wiring,13,11.84
2026-08-09,Delhi NCR,srv-garden-01,Gardening & Balcony Greenery,14,10.36
2026-08-09,Delhi NCR,srv-move-01,Moving & Heavy Lifting Assistance,8,8.32
2026-08-09,Delhi NCR,srv-paint-01,Wall Painting & Waterproofing,6,5.05
2026-08-09,Delhi NCR,srv-pest-01,Organic Pest Control,9,9.65
2026-08-09,Delhi NCR,srv-plumb-01,Plumbing Repair & Leakage Fix,11,11.17
2026-08-09,Delhi NCR,srv-soc-clean-01,Society Common Area Sanitization,3,3.6
2026-08-09,Delhi NCR,srv-soc-event-01,Community Event Sound & Electrical Setup,5,5.34
2026-08-09,Delhi NCR,srv-soc-tank-01,Water Sump & Overhead Tank Cleaning,3,3.06
2026-08-09,Gurugram,srv-ac-01,AC Deep Foam Jet Servicing,11,11.75
2026-08-09,Gurugram,srv-carp-01,Carpentry & Furniture Assembly,10,8.45
2026-08-09,Gurugram,srv-clean-01,Full Home Deep Cleaning,16,15.4
2026-08-09,Gurugram,srv-cook-01,Home Chef & Meal Preparation,8,7.16
2026-08-09,Gurugram,srv-elder-01,Elder Assistance & Companionship,5,5.08
2026-08-09,Gurugram,srv-elec-01,Electrical Repair & Wiring,9,8.07
2026-08-09,Gurugram,srv-garden-01,Gardening & Balcony Greenery,14,7.92
2026-08-09,Gurugram,srv-move-01,Moving & Heavy Lifting Assistance,6,6.37
2026-08-09,Gurugram,srv-paint-01,Wall Painting & Waterproofing,3,3.78
2026-08-09,Gurugram,srv-pest-01,Organic Pest Control,8,7.32
2026-08-09,Gurugram,srv-plumb-01,Plumbing Repair & Leakage Fix,9,8.88
2026-08-09,Gurugram,srv-soc-clean-01,Society Common Area Sanitization,2,2.11
2026-08-09,Gurugram,srv-soc-event-01,Community Event Sound & Electrical Setup,4,4.24
2026-08-09,Gurugram,srv-soc-tank-01,Water Sump & Overhead Tank Cleaning,3,2.45
2026-08-09,Hyderabad,srv-ac-01,AC Deep Foam Jet Servicing,10,12.58
2026-08-09,Hyderabad,srv-carp-01,Carpentry & Furniture Assembly,7,8.71
2026-08-09,Hyderabad,srv-clean-01,Full Home Deep Cleaning,19,18.8
2026-08-09,Hyderabad,srv-cook-01,Home Chef & Meal Preparation,8,8.74
2026-08-09,Hyderabad,srv-elder-01,Elder Assistance & Companionship,6,5.64
2026-08-09,Hyderabad,srv-elec-01,Electrical Repair & Wiring,9,9.55
2026-08-09,Hyderabad,srv-garden-01,Gardening & Balcony Greenery,11,9.15
2026-08-09,Hyderabad,srv-move-01,Moving & Heavy Lifting Assistance,7,7.78
2026-08-09,Hyderabad,srv-paint-01,Wall Painting & Waterproofing,4,4.06
2026-08-09,Hyderabad,srv-pest-01,Organic Pest Control,7,8.86
2026-08-09,Hyderabad,srv-plumb-01,Plumbing Repair & Leakage Fix,9,8.73
2026-08-09,Hyderabad,srv-soc-clean-01,Society Common Area Sanitization,3,2.18
2026-08-09,Hyderabad,srv-soc-event-01,Community Event Sound & Electrical Setup,5,4.55
2026-08-09,Hyderabad,srv-soc-tank-01,Water Sump & Overhead Tank Cleaning,3,2.57
2026-08-09,Indore,srv-ac-01,AC Deep Foam Jet Servicing,8,9.72
2026-08-09,Indore,srv-carp-01,Carpentry & Furniture Assembly,8,6.44
2026-08-09,Indore,srv-clean-01,Full Home Deep Cleaning,14,13.67
2026-08-09,Indore,srv-cook-01,Home Chef & Meal Preparation,6,6.31
2026-08-09,Indore,srv-elder-01,Elder Assistance & Companionship,5,4.42
2026-08-09,Indore,srv-elec-01,Electrical Repair & Wiring,7,6.92
2026-08-09,Indore,srv-garden-01,Gardening & Balcony Greenery,8,6.61
2026-08-09,Indore,srv-move-01,Moving & Heavy Lifting Assistance,5,5.29
2026-08-09,Indore,srv-paint-01,Wall Painting & Waterproofing,4,3.14
2026-08-09,Indore,srv-pest-01,Organic Pest Control,7,6.3
2026-08-09,Indore,srv-plumb-01,Plumbing Repair & Leakage Fix,8,7.49
2026-08-09,Indore,srv-soc-clean-01,Society Common Area Sanitization,2,2.01
2026-08-09,Indore,srv-soc-event-01,Community Event Sound & Electrical Setup,3,3.4
2026-08-09,Indore,srv-soc-tank-01,Water Sump & Overhead Tank Cleaning,2,1.99
2026-08-09,Jaipur,srv-ac-01,AC Deep Foam Jet Servicing,10,8.88
2026-08-09,Jaipur,srv-carp-01,Carpentry & Furniture Assembly,8,6.55
2026-08-09,Jaipur,srv-clean-01,Full Home Deep Cleaning,15,13.5
2026-08-09,Jaipur,srv-cook-01,Home Chef & Meal Preparation,6,6.32
2026-08-09,Jaipur,srv-elder-01,Elder Assistance & Companionship,5,4.89
2026-08-09,Jaipur,srv-elec-01,Electrical Repair & Wiring,7,7.02
2026-08-09,Jaipur,srv-garden-01,Gardening & Balcony Greenery,7,7.28
2026-08-09,Jaipur,srv-move-01,Moving & Heavy Lifting Assistance,9,5.57
2026-08-09,Jaipur,srv-paint-01,Wall Painting & Waterproofing,4,3.24
2026-08-09,Jaipur,srv-pest-01,Organic Pest Control,6,6.26
2026-08-09,Jaipur,srv-plumb-01,Plumbing Repair & Leakage Fix,8,7.71
2026-08-09,Jaipur,srv-soc-clean-01,Society Common Area Sanitization,2,2.07
2026-08-09,Jaipur,srv-soc-event-01,Community Event Sound & Electrical Setup,3,3.76
2026-08-09,Jaipur,srv-soc-tank-01,Water Sump & Overhead Tank Cleaning,2,2.19
2026-08-09,Kochi,srv-ac-01,AC Deep Foam Jet Servicing,8,9.55
2026-08-09,Kochi,srv-carp-01,Carpentry & Furniture Assembly,5,6.15
2026-08-09,Kochi,srv-clean-01,Full Home Deep Cleaning,15,11.72
2026-08-09,Kochi,srv-cook-01,Home Chef & Meal Preparation,6,6.1
2026-08-09,Kochi,srv-elder-01,Elder Assistance & Companionship,5,4.15
2026-08-09,Kochi,srv-elec-01,Electrical Repair & Wiring,6,7.18
2026-08-09,Kochi,srv-garden-01,Gardening & Balcony Greenery,7,6.84
2026-08-09,Kochi,srv-move-01,Moving & Heavy Lifting Assistance,5,5.89
2026-08-09,Kochi,srv-paint-01,Wall Painting & Waterproofing,3,3.12
2026-08-09,Kochi,srv-pest-01,Organic Pest Control,6,5.87
2026-08-09,Kochi,srv-plumb-01,Plumbing Repair & Leakage Fix,8,7.35
2026-08-09,Kochi,srv-soc-clean-01,Society Common Area Sanitization,2,2.05
2026-08-09,Kochi,srv-soc-event-01,Community Event Sound & Electrical Setup,3,3.25
2026-08-09,Kochi,srv-soc-tank-01,Water Sump & Overhead Tank Cleaning,2,1.92
2026-08-09,Kolkata,srv-ac-01,AC Deep Foam Jet Servicing,11,12.82
2026-08-09,Kolkata,srv-carp-01,Carpentry & Furniture Assembly,10,8.63
2026-08-09,Kolkata,srv-clean-01,Full Home Deep Cleaning,16,21.11
2026-08-09,Kolkata,srv-cook-01,Home Chef & Meal Preparation,11,8.99
2026-08-09,Kolkata,srv-elder-01,Elder Assistance & Companionship,6,6.5
2026-08-09,Kolkata,srv-elec-01,Electrical Repair & Wiring,10,10.22
2026-08-09,Kolkata,srv-garden-01,Gardening & Balcony Greenery,10,9.28
2026-08-09,Kolkata,srv-move-01,Moving & Heavy Lifting Assistance,7,8.03
2026-08-09,Kolkata,srv-paint-01,Wall Painting & Waterproofing,5,4.15
2026-08-09,Kolkata,srv-pest-01,Organic Pest Control,9,8.6
2026-08-09,Kolkata,srv-plumb-01,Plumbing Repair & Leakage Fix,12,11.0
2026-08-09,Kolkata,srv-soc-clean-01,Society Common Area Sanitization,3,3.24
2026-08-09,Kolkata,srv-soc-event-01,Community Event Sound & Electrical Setup,5,4.94
2026-08-09,Kolkata,srv-soc-tank-01,Water Sump & Overhead Tank Cleaning,3,2.52
2026-08-09,Lucknow,srv-ac-01,AC Deep Foam Jet Servicing,9,10.07
2026-08-09,Lucknow,srv-carp-01,Carpentry & Furniture Assembly,7,6.78
2026-08-09,Lucknow,srv-clean-01,Full Home Deep Cleaning,14,20.87
2026-08-09,Lucknow,srv-cook-01,Home Chef & Meal Preparation,7,6.83
2026-08-09,Lucknow,srv-elder-01,Elder Assistance & Companionship,4,4.93
2026-08-09,Lucknow,srv-elec-01,Electrical Repair & Wiring,7,8.34
2026-08-09,Lucknow,srv-garden-01,Gardening & Balcony Greenery,8,7.25
2026-08-09,Lucknow,srv-move-01,Moving & Heavy Lifting Assistance,7,5.9
2026-08-09,Lucknow,srv-paint-01,Wall Painting & Waterproofing,4,3.45
2026-08-09,Lucknow,srv-pest-01,Organic Pest Control,7,7.1
2026-08-09,Lucknow,srv-plumb-01,Plumbing Repair & Leakage Fix,8,9.21
2026-08-09,Lucknow,srv-soc-clean-01,Society Common Area Sanitization,3,2.11
2026-08-09,Lucknow,srv-soc-event-01,Community Event Sound & Electrical Setup,4,3.43
2026-08-09,Lucknow,srv-soc-tank-01,Water Sump & Overhead Tank Cleaning,2,2.11
2026-08-09,Mumbai,srv-ac-01,AC Deep Foam Jet Servicing,13,15.65
2026-08-09,Mumbai,srv-carp-01,Carpentry & Furniture Assembly,12,10.92
2026-08-09,Mumbai,srv-clean-01,Full Home Deep Cleaning,23,22.21
2026-08-09,Mumbai,srv-cook-01,Home Chef & Meal Preparation,10,10.67
2026-08-09,Mumbai,srv-elder-01,Elder Assistance & Companionship,8,7.72
2026-08-09,Mumbai,srv-elec-01,Electrical Repair & Wiring,11,10.79
2026-08-09,Mumbai,srv-garden-01,Gardening & Balcony Greenery,12,10.25
2026-08-09,Mumbai,srv-move-01,Moving & Heavy Lifting Assistance,10,9.56
2026-08-09,Mumbai,srv-paint-01,Wall Painting & Waterproofing,6,5.39
2026-08-09,Mumbai,srv-pest-01,Organic Pest Control,11,12.24
2026-08-09,Mumbai,srv-plumb-01,Plumbing Repair & Leakage Fix,11,11.88
2026-08-09,Mumbai,srv-soc-clean-01,Society Common Area Sanitization,3,3.82
2026-08-09,Mumbai,srv-soc-event-01,Community Event Sound & Electrical Setup,6,5.44
2026-08-09,Mumbai,srv-soc-tank-01,Water Sump & Overhead Tank Cleaning,3,2.93
2026-08-09,Nagpur,srv-ac-01,AC Deep Foam Jet Servicing,9,9.45
2026-08-09,Nagpur,srv-carp-01,Carpentry & Furniture Assembly,6,6.27
2026-08-09,Nagpur,srv-clean-01,Full Home Deep Cleaning,14,13.93
2026-08-09,Nagpur,srv-cook-01,Home Chef & Meal Preparation,6,6.05
2026-08-09,Nagpur,srv-elder-01,Elder Assistance & Companionship,5,4.36
2026-08-09,Nagpur,srv-elec-01,Electrical Repair & Wiring,7,6.76
2026-08-09,Nagpur,srv-garden-01,Gardening & Balcony Greenery,7,6.5
2026-08-09,Nagpur,srv-move-01,Moving & Heavy Lifting Assistance,5,6.19
2026-08-09,Nagpur,srv-paint-01,Wall Painting & Waterproofing,3,3.09
2026-08-09,Nagpur,srv-pest-01,Organic Pest Control,6,5.81
2026-08-09,Nagpur,srv-plumb-01,Plumbing Repair & Leakage Fix,8,7.47
2026-08-09,Nagpur,srv-soc-clean-01,Society Common Area Sanitization,2,2.02
2026-08-09,Nagpur,srv-soc-event-01,Community Event Sound & Electrical Setup,4,3.24
2026-08-09,Nagpur,srv-soc-tank-01,Water Sump & Overhead Tank Cleaning,2,2.0
2026-08-09,Patna,srv-ac-01,AC Deep Foam Jet Servicing,8,9.36
2026-08-09,Patna,srv-carp-01,Carpentry & Furniture Assembly,5,5.78
2026-08-09,Patna,srv-clean-01,Full Home Deep Cleaning,14,12.45
2026-08-09,Patna,srv-cook-01,Home Chef & Meal Preparation,7,5.75
2026-08-09,Patna,srv-elder-01,Elder Assistance & Companionship,4,4.06
2026-08-09,Patna,srv-elec-01,Electrical Repair & Wiring,7,6.53
2026-08-09,Patna,srv-garden-01,Gardening & Balcony Greenery,6,5.78
2026-08-09,Patna,srv-move-01,Moving & Heavy Lifting Assistance,5,5.11
2026-08-09,Patna,srv-paint-01,Wall Painting & Waterproofing,3,3.07
2026-08-09,Patna,srv-pest-01,Organic Pest Control,6,5.73
2026-08-09,Patna,srv-plumb-01,Plumbing Repair & Leakage Fix,7,6.59
2026-08-09,Patna,srv-soc-clean-01,Society Common Area Sanitization,2,1.97
2026-08-09,Patna,srv-soc-event-01,Community Event Sound & Electrical Setup,4,3.17
2026-08-09,Patna,srv-soc-tank-01,Water Sump & Overhead Tank Cleaning,2,1.95
2026-08-09,Pune,srv-ac-01,AC Deep Foam Jet Servicing,9,10.27
2026-08-09,Pune,srv-carp-01,Carpentry & Furniture Assembly,7,7.78
2026-08-09,Pune,srv-clean-01,Full Home Deep Cleaning,17,16.41
2026-08-09,Pune,srv-cook-01,Home Chef & Meal Preparation,8,7.73
2026-08-09,Pune,srv-elder-01,Elder Assistance & Companionship,6,6.18
2026-08-09,Pune,srv-elec-01,Electrical Repair & Wiring,8,8.64
2026-08-09,Pune,srv-garden-01,Gardening & Balcony Greenery,9,7.98
2026-08-09,Pune,srv-move-01,Moving & Heavy Lifting Assistance,7,6.03
2026-08-09,Pune,srv-paint-01,Wall Painting & Waterproofing,4,3.43
2026-08-09,Pune,srv-pest-01,Organic Pest Control,7,7.34
2026-08-09,Pune,srv-plumb-01,Plumbing Repair & Leakage Fix,9,7.99
2026-08-09,Pune,srv-soc-clean-01,Society Common Area Sanitization,2,2.38
2026-08-09,Pune,srv-soc-event-01,Community Event Sound & Electrical Setup,6,3.93
2026-08-09,Pune,srv-soc-tank-01,Water Sump & Overhead Tank Cleaning,2,2.19
2026-08-09,Surat,srv-ac-01,AC Deep Foam Jet Servicing,9,8.93
2026-08-09,Surat,srv-carp-01,Carpentry & Furniture Assembly,7,5.98
2026-08-09,Surat,srv-clean-01,Full Home Deep Cleaning,13,13.15
2026-08-09,Surat,srv-cook-01,Home Chef & Meal Preparation,6,5.96
2026-08-09,Surat,srv-elder-01,Elder Assistance & Companionship,7,4.52
2026-08-09,Surat,srv-elec-01,Electrical Repair & Wiring,7,7.57
2026-08-09,Surat,srv-garden-01,Gardening & Balcony Greenery,8,6.32
2026-08-09,Surat,srv-move-01,Moving & Heavy Lifting Assistance,5,5.51
2026-08-09,Surat,srv-paint-01,Wall Painting & Waterproofing,3,3.14
2026-08-09,Surat,srv-pest-01,Organic Pest Control,6,5.99
2026-08-09,Surat,srv-plumb-01,Plumbing Repair & Leakage Fix,7,7.85
2026-08-09,Surat,srv-soc-clean-01,Society Common Area Sanitization,2,2.03
2026-08-09,Surat,srv-soc-event-01,Community Event Sound & Electrical Setup,3,3.35
2026-08-09,Surat,srv-soc-tank-01,Water Sump & Overhead Tank Cleaning,2,1.96
2026-08-09,Vadodara,srv-ac-01,AC Deep Foam Jet Servicing,7,8.75
2026-08-09,Vadodara,srv-carp-01,Carpentry & Furniture Assembly,5,5.5
2026-08-09,Vadodara,srv-clean-01,Full Home Deep Cleaning,14,12.59
2026-08-09,Vadodara,srv-cook-01,Home Chef & Meal Preparation,6,5.32
2026-08-09,Vadodara,srv-elder-01,Elder Assistance & Companionship,4,4.2
2026-08-09,Vadodara,srv-elec-01,Electrical Repair & Wiring,7,5.94
2026-08-09,Vadodara,srv-garden-01,Gardening & Balcony Greenery,6,6.32
2026-08-09,Vadodara,srv-move-01,Moving & Heavy Lifting Assistance,6,4.99
2026-08-09,Vadodara,srv-paint-01,Wall Painting & Waterproofing,3,3.06
2026-08-09,Vadodara,srv-pest-01,Organic Pest Control,6,5.5
2026-08-09,Vadodara,srv-plumb-01,Plumbing Repair & Leakage Fix,6,7.17
2026-08-09,Vadodara,srv-soc-clean-01,Society Common Area Sanitization,2,1.95
2026-08-09,Vadodara,srv-soc-event-01,Community Event Sound & Electrical Setup,4,3.19
2026-08-09,Vadodara,srv-soc-tank-01,Water Sump & Overhead Tank Cleaning,2,1.88
2026-08-09,Visakhapatnam,srv-ac-01,AC Deep Foam Jet Servicing,8,8.45
2026-08-09,Visakhapatnam,srv-carp-01,Carpentry & Furniture Assembly,6,5.98
2026-08-09,Visakhapatnam,srv-clean-01,Full Home Deep Cleaning,14,12.71
2026-08-09,Visakhapatnam,srv-cook-01,Home Chef & Meal Preparation,5,5.71
2026-08-09,Visakhapatnam,srv-elder-01,Elder Assistance & Companionship,4,4.17
2026-08-09,Visakhapatnam,srv-elec-01,Electrical Repair & Wiring,7,6.45
2026-08-09,Visakhapatnam,srv-garden-01,Gardening & Balcony Greenery,6,6.64
2026-08-09,Visakhapatnam,srv-move-01,Moving & Heavy Lifting Assistance,5,4.92
2026-08-09,Visakhapatnam,srv-paint-01,Wall Painting & Waterproofing,3,3.08
2026-08-09,Visakhapatnam,srv-pest-01,Organic Pest Control,5,5.56
2026-08-09,Visakhapatnam,srv-plumb-01,Plumbing Repair & Leakage Fix,8,6.35
2026-08-09,Visakhapatnam,srv-soc-clean-01,Society Common Area Sanitization,2,2.0
2026-08-09,Visakhapatnam,srv-soc-event-01,Community Event Sound & Electrical Setup,3,3.36
2026-08-09,Visakhapatnam,srv-soc-tank-01,Water Sump & Overhead Tank Cleaning,2,1.96
2026-08-10,Ahmedabad,srv-ac-01,AC Deep Foam Jet Servicing,8,9.53
2026-08-10,Ahmedabad,srv-carp-01,Carpentry & Furniture Assembly,6,6.25
2026-08-10,Ahmedabad,srv-clean-01,Full Home Deep Cleaning,8,8.0
2026-08-10,Ahmedabad,srv-cook-01,Home Chef & Meal Preparation,7,6.61
2026-08-10,Ahmedabad,srv-elder-01,Elder Assistance & Companionship,6,5.6
2026-08-10,Ahmedabad,srv-elec-01,Electrical Repair & Wiring,9,9.29
2026-08-10,Ahmedabad,srv-garden-01,Gardening & Balcony Greenery,6,4.53
2026-08-10,Ahmedabad,srv-move-01,Moving & Heavy Lifting Assistance,3,3.38
2026-08-10,Ahmedabad,srv-paint-01,Wall Painting & Waterproofing,2,2.53
2026-08-10,Ahmedabad,srv-pest-01,Organic Pest Control,6,5.81
2026-08-10,Ahmedabad,srv-plumb-01,Plumbing Repair & Leakage Fix,7,7.3
2026-08-10,Ahmedabad,srv-soc-clean-01,Society Common Area Sanitization,3,2.39
2026-08-10,Ahmedabad,srv-soc-event-01,Community Event Sound & Electrical Setup,2,1.8
2026-08-10,Ahmedabad,srv-soc-tank-01,Water Sump & Overhead Tank Cleaning,2,1.9
2026-08-10,Bengaluru,srv-ac-01,AC Deep Foam Jet Servicing,10,11.39
2026-08-10,Bengaluru,srv-carp-01,Carpentry & Furniture Assembly,8,8.56
2026-08-10,Bengaluru,srv-clean-01,Full Home Deep Cleaning,12,10.94
2026-08-10,Bengaluru,srv-cook-01,Home Chef & Meal Preparation,9,9.27
2026-08-10,Bengaluru,srv-elder-01,Elder Assistance & Companionship,7,7.32
2026-08-10,Bengaluru,srv-elec-01,Electrical Repair & Wiring,16,12.26
2026-08-10,Bengaluru,srv-garden-01,Gardening & Balcony Greenery,6,7.62
2026-08-10,Bengaluru,srv-move-01,Moving & Heavy Lifting Assistance,4,5.53
2026-08-10,Bengaluru,srv-paint-01,Wall Painting & Waterproofing,4,3.58
2026-08-10,Bengaluru,srv-pest-01,Organic Pest Control,9,8.03
2026-08-10,Bengaluru,srv-plumb-01,Plumbing Repair & Leakage Fix,13,11.03
2026-08-10,Bengaluru,srv-soc-clean-01,Society Common Area Sanitization,3,3.31
2026-08-10,Bengaluru,srv-soc-event-01,Community Event Sound & Electrical Setup,3,2.29
2026-08-10,Bengaluru,srv-soc-tank-01,Water Sump & Overhead Tank Cleaning,3,2.48
2026-08-10,Bhopal,srv-ac-01,AC Deep Foam Jet Servicing,8,7.86
2026-08-10,Bhopal,srv-carp-01,Carpentry & Furniture Assembly,5,5.2
2026-08-10,Bhopal,srv-clean-01,Full Home Deep Cleaning,6,6.34
2026-08-10,Bhopal,srv-cook-01,Home Chef & Meal Preparation,5,5.58
2026-08-10,Bhopal,srv-elder-01,Elder Assistance & Companionship,5,4.12
2026-08-10,Bhopal,srv-elec-01,Electrical Repair & Wiring,8,7.56
2026-08-10,Bhopal,srv-garden-01,Gardening & Balcony Greenery,4,3.88
2026-08-10,Bhopal,srv-move-01,Moving & Heavy Lifting Assistance,2,2.86
2026-08-10,Bhopal,srv-paint-01,Wall Painting & Waterproofing,2,2.0
2026-08-10,Bhopal,srv-pest-01,Organic Pest Control,5,4.66
2026-08-10,Bhopal,srv-plumb-01,Plumbing Repair & Leakage Fix,7,5.79
2026-08-10,Bhopal,srv-soc-clean-01,Society Common Area Sanitization,2,2.0
2026-08-10,Bhopal,srv-soc-event-01,Community Event Sound & Electrical Setup,1,0.99
2026-08-10,Bhopal,srv-soc-tank-01,Water Sump & Overhead Tank Cleaning,1,1.79
2026-08-10,Chennai,srv-ac-01,AC Deep Foam Jet Servicing,8,10.1
2026-08-10,Chennai,srv-carp-01,Carpentry & Furniture Assembly,8,7.34
2026-08-10,Chennai,srv-clean-01,Full Home Deep Cleaning,8,8.56
2026-08-10,Chennai,srv-cook-01,Home Chef & Meal Preparation,7,7.64
2026-08-10,Chennai,srv-elder-01,Elder Assistance & Companionship,11,6.08
2026-08-10,Chennai,srv-elec-01,Electrical Repair & Wiring,10,10.6
2026-08-10,Chennai,srv-garden-01,Gardening & Balcony Greenery,5,5.79
2026-08-10,Chennai,srv-move-01,Moving & Heavy Lifting Assistance,4,4.24
2026-08-10,Chennai,srv-paint-01,Wall Painting & Waterproofing,3,2.69
2026-08-10,Chennai,srv-pest-01,Organic Pest Control,10,6.97
2026-08-10,Chennai,srv-plumb-01,Plumbing Repair & Leakage Fix,9,8.11
2026-08-10,Chennai,srv-soc-clean-01,Society Common Area Sanitization,3,2.96
2026-08-10,Chennai,srv-soc-event-01,Community Event Sound & Electrical Setup,2,2.01
2026-08-10,Chennai,srv-soc-tank-01,Water Sump & Overhead Tank Cleaning,2,2.17
2026-08-10,Coimbatore,srv-ac-01,AC Deep Foam Jet Servicing,7,8.78
2026-08-10,Coimbatore,srv-carp-01,Carpentry & Furniture Assembly,6,5.56
2026-08-10,Coimbatore,srv-clean-01,Full Home Deep Cleaning,7,6.98
2026-08-10,Coimbatore,srv-cook-01,Home Chef & Meal Preparation,6,5.68
2026-08-10,Coimbatore,srv-elder-01,Elder Assistance & Companionship,5,4.4
2026-08-10,Coimbatore,srv-elec-01,Electrical Repair & Wiring,8,7.84
2026-08-10,Coimbatore,srv-garden-01,Gardening & Balcony Greenery,5,4.08
2026-08-10,Coimbatore,srv-move-01,Moving & Heavy Lifting Assistance,3,2.51
2026-08-10,Coimbatore,srv-paint-01,Wall Painting & Waterproofing,2,2.0
2026-08-10,Coimbatore,srv-pest-01,Organic Pest Control,5,4.88
2026-08-10,Coimbatore,srv-plumb-01,Plumbing Repair & Leakage Fix,6,5.98
2026-08-10,Coimbatore,srv-soc-clean-01,Society Common Area Sanitization,2,1.98
2026-08-10,Coimbatore,srv-soc-event-01,Community Event Sound & Electrical Setup,1,1.11
2026-08-10,Coimbatore,srv-soc-tank-01,Water Sump & Overhead Tank Cleaning,1,1.39
2026-08-10,Delhi NCR,srv-ac-01,AC Deep Foam Jet Servicing,13,14.13
2026-08-10,Delhi NCR,srv-carp-01,Carpentry & Furniture Assembly,9,9.56
2026-08-10,Delhi NCR,srv-clean-01,Full Home Deep Cleaning,13,11.33
2026-08-10,Delhi NCR,srv-cook-01,Home Chef & Meal Preparation,10,10.13
2026-08-10,Delhi NCR,srv-elder-01,Elder Assistance & Companionship,7,7.57
2026-08-10,Delhi NCR,srv-elec-01,Electrical Repair & Wiring,13,13.24
2026-08-10,Delhi NCR,srv-garden-01,Gardening & Balcony Greenery,6,6.48
2026-08-10,Delhi NCR,srv-move-01,Moving & Heavy Lifting Assistance,4,4.46
2026-08-10,Delhi NCR,srv-paint-01,Wall Painting & Waterproofing,6,3.52
2026-08-10,Delhi NCR,srv-pest-01,Organic Pest Control,7,8.28
2026-08-10,Delhi NCR,srv-plumb-01,Plumbing Repair & Leakage Fix,9,10.97
2026-08-10,Delhi NCR,srv-soc-clean-01,Society Common Area Sanitization,4,3.46
2026-08-10,Delhi NCR,srv-soc-event-01,Community Event Sound & Electrical Setup,4,2.2
2026-08-10,Delhi NCR,srv-soc-tank-01,Water Sump & Overhead Tank Cleaning,3,2.6
2026-08-10,Gurugram,srv-ac-01,AC Deep Foam Jet Servicing,10,10.39
2026-08-10,Gurugram,srv-carp-01,Carpentry & Furniture Assembly,7,6.99
2026-08-10,Gurugram,srv-clean-01,Full Home Deep Cleaning,8,8.57
2026-08-10,Gurugram,srv-cook-01,Home Chef & Meal Preparation,8,6.86
2026-08-10,Gurugram,srv-elder-01,Elder Assistance & Companionship,5,5.51
2026-08-10,Gurugram,srv-elec-01,Electrical Repair & Wiring,9,9.47
2026-08-10,Gurugram,srv-garden-01,Gardening & Balcony Greenery,5,5.66
2026-08-10,Gurugram,srv-move-01,Moving & Heavy Lifting Assistance,3,3.22
2026-08-10,Gurugram,srv-paint-01,Wall Painting & Waterproofing,5,2.67
2026-08-10,Gurugram,srv-pest-01,Organic Pest Control,7,6.51
2026-08-10,Gurugram,srv-plumb-01,Plumbing Repair & Leakage Fix,13,8.26
2026-08-10,Gurugram,srv-soc-clean-01,Society Common Area Sanitization,3,2.25
2026-08-10,Gurugram,srv-soc-event-01,Community Event Sound & Electrical Setup,2,1.81
2026-08-10,Gurugram,srv-soc-tank-01,Water Sump & Overhead Tank Cleaning,2,2.11
2026-08-10,Hyderabad,srv-ac-01,AC Deep Foam Jet Servicing,10,12.75
2026-08-10,Hyderabad,srv-carp-01,Carpentry & Furniture Assembly,7,7.34
2026-08-10,Hyderabad,srv-clean-01,Full Home Deep Cleaning,9,9.0
2026-08-10,Hyderabad,srv-cook-01,Home Chef & Meal Preparation,8,8.49
2026-08-10,Hyderabad,srv-elder-01,Elder Assistance & Companionship,6,6.03
2026-08-10,Hyderabad,srv-elec-01,Electrical Repair & Wiring,12,9.74
2026-08-10,Hyderabad,srv-garden-01,Gardening & Balcony Greenery,6,6.62
2026-08-10,Hyderabad,srv-move-01,Moving & Heavy Lifting Assistance,4,4.03
2026-08-10,Hyderabad,srv-paint-01,Wall Painting & Waterproofing,3,2.91
2026-08-10,Hyderabad,srv-pest-01,Organic Pest Control,9,7.59
2026-08-10,Hyderabad,srv-plumb-01,Plumbing Repair & Leakage Fix,9,7.53
2026-08-10,Hyderabad,srv-soc-clean-01,Society Common Area Sanitization,3,2.78
2026-08-10,Hyderabad,srv-soc-event-01,Community Event Sound & Electrical Setup,2,1.98
2026-08-10,Hyderabad,srv-soc-tank-01,Water Sump & Overhead Tank Cleaning,2,2.18
2026-08-10,Indore,srv-ac-01,AC Deep Foam Jet Servicing,7,9.16
2026-08-10,Indore,srv-carp-01,Carpentry & Furniture Assembly,6,5.58
2026-08-10,Indore,srv-clean-01,Full Home Deep Cleaning,7,6.96
2026-08-10,Indore,srv-cook-01,Home Chef & Meal Preparation,6,6.16
2026-08-10,Indore,srv-elder-01,Elder Assistance & Companionship,5,4.63
2026-08-10,Indore,srv-elec-01,Electrical Repair & Wiring,8,7.85
2026-08-10,Indore,srv-garden-01,Gardening & Balcony Greenery,5,4.21
2026-08-10,Indore,srv-move-01,Moving & Heavy Lifting Assistance,3,2.8
2026-08-10,Indore,srv-paint-01,Wall Painting & Waterproofing,2,2.19
2026-08-10,Indore,srv-pest-01,Organic Pest Control,5,5.44
2026-08-10,Indore,srv-plumb-01,Plumbing Repair & Leakage Fix,6,6.58
2026-08-10,Indore,srv-soc-clean-01,Society Common Area Sanitization,2,2.06
2026-08-10,Indore,srv-soc-event-01,Community Event Sound & Electrical Setup,2,1.86
2026-08-10,Indore,srv-soc-tank-01,Water Sump & Overhead Tank Cleaning,2,1.87
2026-08-10,Jaipur,srv-ac-01,AC Deep Foam Jet Servicing,8,8.09
2026-08-10,Jaipur,srv-carp-01,Carpentry & Furniture Assembly,5,5.62
2026-08-10,Jaipur,srv-clean-01,Full Home Deep Cleaning,7,7.43
2026-08-10,Jaipur,srv-cook-01,Home Chef & Meal Preparation,5,6.28
2026-08-10,Jaipur,srv-elder-01,Elder Assistance & Companionship,5,5.3
2026-08-10,Jaipur,srv-elec-01,Electrical Repair & Wiring,9,7.8
2026-08-10,Jaipur,srv-garden-01,Gardening & Balcony Greenery,5,4.49
2026-08-10,Jaipur,srv-move-01,Moving & Heavy Lifting Assistance,3,2.77
2026-08-10,Jaipur,srv-paint-01,Wall Painting & Waterproofing,2,2.19
2026-08-10,Jaipur,srv-pest-01,Organic Pest Control,5,5.46
2026-08-10,Jaipur,srv-plumb-01,Plumbing Repair & Leakage Fix,8,6.97
2026-08-10,Jaipur,srv-soc-clean-01,Society Common Area Sanitization,2,2.12
2026-08-10,Jaipur,srv-soc-event-01,Community Event Sound & Electrical Setup,1,1.61
2026-08-10,Jaipur,srv-soc-tank-01,Water Sump & Overhead Tank Cleaning,2,1.94
2026-08-10,Kochi,srv-ac-01,AC Deep Foam Jet Servicing,9,8.73
2026-08-10,Kochi,srv-carp-01,Carpentry & Furniture Assembly,5,5.25
2026-08-10,Kochi,srv-clean-01,Full Home Deep Cleaning,8,7.05
2026-08-10,Kochi,srv-cook-01,Home Chef & Meal Preparation,7,5.8
2026-08-10,Kochi,srv-elder-01,Elder Assistance & Companionship,4,4.45
2026-08-10,Kochi,srv-elec-01,Electrical Repair & Wiring,14,7.89
2026-08-10,Kochi,srv-garden-01,Gardening & Balcony Greenery,5,4.0
2026-08-10,Kochi,srv-move-01,Moving & Heavy Lifting Assistance,2,2.88
2026-08-10,Kochi,srv-paint-01,Wall Painting & Waterproofing,2,2.06
2026-08-10,Kochi,srv-pest-01,Organic Pest Control,6,5.09
2026-08-10,Kochi,srv-plumb-01,Plumbing Repair & Leakage Fix,7,6.41
2026-08-10,Kochi,srv-soc-clean-01,Society Common Area Sanitization,2,2.11
2026-08-10,Kochi,srv-soc-event-01,Community Event Sound & Electrical Setup,1,1.15
2026-08-10,Kochi,srv-soc-tank-01,Water Sump & Overhead Tank Cleaning,1,1.56
2026-08-10,Kolkata,srv-ac-01,AC Deep Foam Jet Servicing,10,10.94
2026-08-10,Kolkata,srv-carp-01,Carpentry & Furniture Assembly,7,7.7
2026-08-10,Kolkata,srv-clean-01,Full Home Deep Cleaning,20,9.88
2026-08-10,Kolkata,srv-cook-01,Home Chef & Meal Preparation,8,9.04
2026-08-10,Kolkata,srv-elder-01,Elder Assistance & Companionship,7,6.37
2026-08-10,Kolkata,srv-elec-01,Electrical Repair & Wiring,10,11.22
2026-08-10,Kolkata,srv-garden-01,Gardening & Balcony Greenery,6,6.25
2026-08-10,Kolkata,srv-move-01,Moving & Heavy Lifting Assistance,4,4.28
2026-08-10,Kolkata,srv-paint-01,Wall Painting & Waterproofing,3,3.13
2026-08-10,Kolkata,srv-pest-01,Organic Pest Control,7,7.56
2026-08-10,Kolkata,srv-plumb-01,Plumbing Repair & Leakage Fix,8,9.24
2026-08-10,Kolkata,srv-soc-clean-01,Society Common Area Sanitization,3,3.19
2026-08-10,Kolkata,srv-soc-event-01,Community Event Sound & Electrical Setup,2,2.03
2026-08-10,Kolkata,srv-soc-tank-01,Water Sump & Overhead Tank Cleaning,2,2.02
2026-08-10,Lucknow,srv-ac-01,AC Deep Foam Jet Servicing,8,9.41
2026-08-10,Lucknow,srv-carp-01,Carpentry & Furniture Assembly,6,5.98
2026-08-10,Lucknow,srv-clean-01,Full Home Deep Cleaning,8,8.12
2026-08-10,Lucknow,srv-cook-01,Home Chef & Meal Preparation,7,6.64
2026-08-10,Lucknow,srv-elder-01,Elder Assistance & Companionship,5,5.02
2026-08-10,Lucknow,srv-elec-01,Electrical Repair & Wiring,10,8.42
2026-08-10,Lucknow,srv-garden-01,Gardening & Balcony Greenery,5,4.96
2026-08-10,Lucknow,srv-move-01,Moving & Heavy Lifting Assistance,3,2.97
2026-08-10,Lucknow,srv-paint-01,Wall Painting & Waterproofing,2,2.41
2026-08-10,Lucknow,srv-pest-01,Organic Pest Control,6,6.08
2026-08-10,Lucknow,srv-plumb-01,Plumbing Repair & Leakage Fix,8,7.73
2026-08-10,Lucknow,srv-soc-clean-01,Society Common Area Sanitization,2,2.31
2026-08-10,Lucknow,srv-soc-event-01,Community Event Sound & Electrical Setup,1,1.77
2026-08-10,Lucknow,srv-soc-tank-01,Water Sump & Overhead Tank Cleaning,2,1.93
2026-08-10,Mumbai,srv-ac-01,AC Deep Foam Jet Servicing,19,13.95
2026-08-10,Mumbai,srv-carp-01,Carpentry & Furniture Assembly,10,9.31
2026-08-10,Mumbai,srv-clean-01,Full Home Deep Cleaning,14,13.12
2026-08-10,Mumbai,srv-cook-01,Home Chef & Meal Preparation,10,10.2
2026-08-10,Mumbai,srv-elder-01,Elder Assistance & Companionship,9,7.48
2026-08-10,Mumbai,srv-elec-01,Electrical Repair & Wiring,12,13.0
2026-08-10,Mumbai,srv-garden-01,Gardening & Balcony Greenery,10,6.61
2026-08-10,Mumbai,srv-move-01,Moving & Heavy Lifting Assistance,5,5.45
2026-08-10,Mumbai,srv-paint-01,Wall Painting & Waterproofing,4,3.75
2026-08-10,Mumbai,srv-pest-01,Organic Pest Control,8,8.49
2026-08-10,Mumbai,srv-plumb-01,Plumbing Repair & Leakage Fix,12,10.0
2026-08-10,Mumbai,srv-soc-clean-01,Society Common Area Sanitization,4,3.52
2026-08-10,Mumbai,srv-soc-event-01,Community Event Sound & Electrical Setup,2,2.42
2026-08-10,Mumbai,srv-soc-tank-01,Water Sump & Overhead Tank Cleaning,2,2.47
2026-08-10,Nagpur,srv-ac-01,AC Deep Foam Jet Servicing,7,8.22
2026-08-10,Nagpur,srv-carp-01,Carpentry & Furniture Assembly,5,5.41
2026-08-10,Nagpur,srv-clean-01,Full Home Deep Cleaning,7,6.42
2026-08-10,Nagpur,srv-cook-01,Home Chef & Meal Preparation,6,5.82
2026-08-10,Nagpur,srv-elder-01,Elder Assistance & Companionship,5,4.54
2026-08-10,Nagpur,srv-elec-01,Electrical Repair & Wiring,7,7.7
2026-08-10,Nagpur,srv-garden-01,Gardening & Balcony Greenery,4,3.8
2026-08-10,Nagpur,srv-move-01,Moving & Heavy Lifting Assistance,3,2.89
2026-08-10,Nagpur,srv-paint-01,Wall Painting & Waterproofing,2,2.05
2026-08-10,Nagpur,srv-pest-01,Organic Pest Control,4,5.18
2026-08-10,Nagpur,srv-plumb-01,Plumbing Repair & Leakage Fix,5,6.2
2026-08-10,Nagpur,srv-soc-clean-01,Society Common Area Sanitization,2,2.1
2026-08-10,Nagpur,srv-soc-event-01,Community Event Sound & Electrical Setup,1,1.43
2026-08-10,Nagpur,srv-soc-tank-01,Water Sump & Overhead Tank Cleaning,1,1.86
2026-08-10,Patna,srv-ac-01,AC Deep Foam Jet Servicing,7,8.22
2026-08-10,Patna,srv-carp-01,Carpentry & Furniture Assembly,5,4.73
2026-08-10,Patna,srv-clean-01,Full Home Deep Cleaning,7,8.05
2026-08-10,Patna,srv-cook-01,Home Chef & Meal Preparation,5,5.47
2026-08-10,Patna,srv-elder-01,Elder Assistance & Companionship,4,4.43
2026-08-10,Patna,srv-elec-01,Electrical Repair & Wiring,8,7.78
2026-08-10,Patna,srv-garden-01,Gardening & Balcony Greenery,4,3.91
2026-08-10,Patna,srv-move-01,Moving & Heavy Lifting Assistance,2,2.93
2026-08-10,Patna,srv-paint-01,Wall Painting & Waterproofing,2,2.02
2026-08-10,Patna,srv-pest-01,Organic Pest Control,4,4.79
2026-08-10,Patna,srv-plumb-01,Plumbing Repair & Leakage Fix,5,5.97
2026-08-10,Patna,srv-soc-clean-01,Society Common Area Sanitization,2,1.99
2026-08-10,Patna,srv-soc-event-01,Community Event Sound & Electrical Setup,1,1.12
2026-08-10,Patna,srv-soc-tank-01,Water Sump & Overhead Tank Cleaning,2,1.83
2026-08-10,Pune,srv-ac-01,AC Deep Foam Jet Servicing,9,9.27
2026-08-10,Pune,srv-carp-01,Carpentry & Furniture Assembly,7,6.98
2026-08-10,Pune,srv-clean-01,Full Home Deep Cleaning,10,8.47
2026-08-10,Pune,srv-cook-01,Home Chef & Meal Preparation,7,7.29
2026-08-10,Pune,srv-elder-01,Elder Assistance & Companionship,6,5.91
2026-08-10,Pune,srv-elec-01,Electrical Repair & Wiring,9,9.02
2026-08-10,Pune,srv-garden-01,Gardening & Balcony Greenery,6,5.77
2026-08-10,Pune,srv-move-01,Moving & Heavy Lifting Assistance,3,3.24
2026-08-10,Pune,srv-paint-01,Wall Painting & Waterproofing,3,2.57
2026-08-10,Pune,srv-pest-01,Organic Pest Control,6,6.3
2026-08-10,Pune,srv-plumb-01,Plumbing Repair & Leakage Fix,8,7.24
2026-08-10,Pune,srv-soc-clean-01,Society Common Area Sanitization,3,2.81
2026-08-10,Pune,srv-soc-event-01,Community Event Sound & Electrical Setup,2,1.9
2026-08-10,Pune,srv-soc-tank-01,Water Sump & Overhead Tank Cleaning,2,2.0
2026-08-10,Surat,srv-ac-01,AC Deep Foam Jet Servicing,8,7.94
2026-08-10,Surat,srv-carp-01,Carpentry & Furniture Assembly,5,5.4
2026-08-10,Surat,srv-clean-01,Full Home Deep Cleaning,6,6.71
2026-08-10,Surat,srv-cook-01,Home Chef & Meal Preparation,6,5.85
2026-08-10,Surat,srv-elder-01,Elder Assistance & Companionship,4,4.64
2026-08-10,Surat,srv-elec-01,Electrical Repair & Wiring,9,8.56
2026-08-10,Surat,srv-garden-01,Gardening & Balcony Greenery,4,3.98
2026-08-10,Surat,srv-move-01,Moving & Heavy Lifting Assistance,2,2.9
2026-08-10,Surat,srv-paint-01,Wall Painting & Waterproofing,2,2.04
2026-08-10,Surat,srv-pest-01,Organic Pest Control,5,5.2
2026-08-10,Surat,srv-plumb-01,Plumbing Repair & Leakage Fix,11,6.58
2026-08-10,Surat,srv-soc-clean-01,Society Common Area Sanitization,2,2.07
2026-08-10,Surat,srv-soc-event-01,Community Event Sound & Electrical Setup,1,1.14
2026-08-10,Surat,srv-soc-tank-01,Water Sump & Overhead Tank Cleaning,1,1.48
2026-08-10,Vadodara,srv-ac-01,AC Deep Foam Jet Servicing,8,7.77
2026-08-10,Vadodara,srv-carp-01,Carpentry & Furniture Assembly,6,4.78
2026-08-10,Vadodara,srv-clean-01,Full Home Deep Cleaning,7,6.72
2026-08-10,Vadodara,srv-cook-01,Home Chef & Meal Preparation,6,5.49
2026-08-10,Vadodara,srv-elder-01,Elder Assistance & Companionship,4,4.37
2026-08-10,Vadodara,srv-elec-01,Electrical Repair & Wiring,7,6.72
2026-08-10,Vadodara,srv-garden-01,Gardening & Balcony Greenery,4,3.75
2026-08-10,Vadodara,srv-move-01,Moving & Heavy Lifting Assistance,2,2.51
2026-08-10,Vadodara,srv-paint-01,Wall Painting & Waterproofing,2,2.07
2026-08-10,Vadodara,srv-pest-01,Organic Pest Control,5,4.87
2026-08-10,Vadodara,srv-plumb-01,Plumbing Repair & Leakage Fix,12,6.29
2026-08-10,Vadodara,srv-soc-clean-01,Society Common Area Sanitization,3,1.98
2026-08-10,Vadodara,srv-soc-event-01,Community Event Sound & Electrical Setup,2,1.1
2026-08-10,Vadodara,srv-soc-tank-01,Water Sump & Overhead Tank Cleaning,1,1.51
2026-08-10,Visakhapatnam,srv-ac-01,AC Deep Foam Jet Servicing,8,7.86
2026-08-10,Visakhapatnam,srv-carp-01,Carpentry & Furniture Assembly,5,4.95
2026-08-10,Visakhapatnam,srv-clean-01,Full Home Deep Cleaning,7,6.57
2026-08-10,Visakhapatnam,srv-cook-01,Home Chef & Meal Preparation,5,5.45
2026-08-10,Visakhapatnam,srv-elder-01,Elder Assistance & Companionship,4,4.47
2026-08-10,Visakhapatnam,srv-elec-01,Electrical Repair & Wiring,7,7.43
2026-08-10,Visakhapatnam,srv-garden-01,Gardening & Balcony Greenery,4,4.05
2026-08-10,Visakhapatnam,srv-move-01,Moving & Heavy Lifting Assistance,2,2.73
2026-08-10,Visakhapatnam,srv-paint-01,Wall Painting & Waterproofing,2,2.06
2026-08-10,Visakhapatnam,srv-pest-01,Organic Pest Control,5,4.68
2026-08-10,Visakhapatnam,srv-plumb-01,Plumbing Repair & Leakage Fix,7,5.44
2026-08-10,Visakhapatnam,srv-soc-clean-01,Society Common Area Sanitization,2,2.06
2026-08-10,Visakhapatnam,srv-soc-event-01,Community Event Sound & Electrical Setup,1,1.12
2026-08-10,Visakhapatnam,srv-soc-tank-01,Water Sump & Overhead Tank Cleaning,1,1.85
2026-08-11,Ahmedabad,srv-ac-01,AC Deep Foam Jet Servicing,8,10.07
2026-08-11,Ahmedabad,srv-carp-01,Carpentry & Furniture Assembly,6,6.37
2026-08-11,Ahmedabad,srv-clean-01,Full Home Deep Cleaning,8,8.54
2026-08-11,Ahmedabad,srv-cook-01,Home Chef & Meal Preparation,6,6.7
2026-08-11,Ahmedabad,srv-elder-01,Elder Assistance & Companionship,5,5.75
2026-08-11,Ahmedabad,srv-elec-01,Electrical Repair & Wiring,11,9.26
2026-08-11,Ahmedabad,srv-garden-01,Gardening & Balcony Greenery,5,4.74
2026-08-11,Ahmedabad,srv-move-01,Moving & Heavy Lifting Assistance,3,3.12
2026-08-11,Ahmedabad,srv-paint-01,Wall Painting & Waterproofing,3,2.57
2026-08-11,Ahmedabad,srv-pest-01,Organic Pest Control,6,5.78
2026-08-11,Ahmedabad,srv-plumb-01,Plumbing Repair & Leakage Fix,6,7.45
2026-08-11,Ahmedabad,srv-soc-clean-01,Society Common Area Sanitization,2,2.48
2026-08-11,Ahmedabad,srv-soc-event-01,Community Event Sound & Electrical Setup,2,1.85
2026-08-11,Ahmedabad,srv-soc-tank-01,Water Sump & Overhead Tank Cleaning,2,2.0
2026-08-11,Bengaluru,srv-ac-01,AC Deep Foam Jet Servicing,11,12.37
2026-08-11,Bengaluru,srv-carp-01,Carpentry & Furniture Assembly,8,8.39
2026-08-11,Bengaluru,srv-clean-01,Full Home Deep Cleaning,10,10.89
2026-08-11,Bengaluru,srv-cook-01,Home Chef & Meal Preparation,9,9.15
2026-08-11,Bengaluru,srv-elder-01,Elder Assistance & Companionship,8,7.1
2026-08-11,Bengaluru,srv-elec-01,Electrical Repair & Wiring,13,11.62
2026-08-11,Bengaluru,srv-garden-01,Gardening & Balcony Greenery,7,6.61
2026-08-11,Bengaluru,srv-move-01,Moving & Heavy Lifting Assistance,5,4.38
2026-08-11,Bengaluru,srv-paint-01,Wall Painting & Waterproofing,3,3.6
2026-08-11,Bengaluru,srv-pest-01,Organic Pest Control,7,8.78
2026-08-11,Bengaluru,srv-plumb-01,Plumbing Repair & Leakage Fix,9,10.45
2026-08-11,Bengaluru,srv-soc-clean-01,Society Common Area Sanitization,3,3.37
2026-08-11,Bengaluru,srv-soc-event-01,Community Event Sound & Electrical Setup,2,2.5
2026-08-11,Bengaluru,srv-soc-tank-01,Water Sump & Overhead Tank Cleaning,2,2.48
2026-08-11,Bhopal,srv-ac-01,AC Deep Foam Jet Servicing,8,8.93
2026-08-11,Bhopal,srv-carp-01,Carpentry & Furniture Assembly,5,5.19
2026-08-11,Bhopal,srv-clean-01,Full Home Deep Cleaning,6,6.67
2026-08-11,Bhopal,srv-cook-01,Home Chef & Meal Preparation,5,5.61
2026-08-11,Bhopal,srv-elder-01,Elder Assistance & Companionship,4,4.32
2026-08-11,Bhopal,srv-elec-01,Electrical Repair & Wiring,7,8.27
2026-08-11,Bhopal,srv-garden-01,Gardening & Balcony Greenery,4,4.12
2026-08-11,Bhopal,srv-move-01,Moving & Heavy Lifting Assistance,2,2.32
2026-08-11,Bhopal,srv-paint-01,Wall Painting & Waterproofing,2,2.03
2026-08-11,Bhopal,srv-pest-01,Organic Pest Control,5,4.69
2026-08-11,Bhopal,srv-plumb-01,Plumbing Repair & Leakage Fix,6,6.0
2026-08-11,Bhopal,srv-soc-clean-01,Society Common Area Sanitization,2,2.04
2026-08-11,Bhopal,srv-soc-event-01,Community Event Sound & Electrical Setup,1,1.09
2026-08-11,Bhopal,srv-soc-tank-01,Water Sump & Overhead Tank Cleaning,2,1.7
2026-08-11,Chennai,srv-ac-01,AC Deep Foam Jet Servicing,9,10.27
2026-08-11,Chennai,srv-carp-01,Carpentry & Furniture Assembly,6,7.82
2026-08-11,Chennai,srv-clean-01,Full Home Deep Cleaning,9,9.49
2026-08-11,Chennai,srv-cook-01,Home Chef & Meal Preparation,8,8.07
2026-08-11,Chennai,srv-elder-01,Elder Assistance & Companionship,5,5.8
2026-08-11,Chennai,srv-elec-01,Electrical Repair & Wiring,9,10.13
2026-08-11,Chennai,srv-garden-01,Gardening & Balcony Greenery,6,5.73
2026-08-11,Chennai,srv-move-01,Moving & Heavy Lifting Assistance,3,3.65
2026-08-11,Chennai,srv-paint-01,Wall Painting & Waterproofing,3,2.77
2026-08-11,Chennai,srv-pest-01,Organic Pest Control,6,6.73
2026-08-11,Chennai,srv-plumb-01,Plumbing Repair & Leakage Fix,7,7.98
2026-08-11,Chennai,srv-soc-clean-01,Society Common Area Sanitization,2,2.91
2026-08-11,Chennai,srv-soc-event-01,Community Event Sound & Electrical Setup,3,2.02
2026-08-11,Chennai,srv-soc-tank-01,Water Sump & Overhead Tank Cleaning,3,2.13
2026-08-11,Coimbatore,srv-ac-01,AC Deep Foam Jet Servicing,6,8.75
2026-08-11,Coimbatore,srv-carp-01,Carpentry & Furniture Assembly,4,5.68
2026-08-11,Coimbatore,srv-clean-01,Full Home Deep Cleaning,7,7.17
2026-08-11,Coimbatore,srv-cook-01,Home Chef & Meal Preparation,8,5.76
2026-08-11,Coimbatore,srv-elder-01,Elder Assistance & Companionship,4,4.5
2026-08-11,Coimbatore,srv-elec-01,Electrical Repair & Wiring,9,7.37
2026-08-11,Coimbatore,srv-garden-01,Gardening & Balcony Greenery,4,4.41
2026-08-11,Coimbatore,srv-move-01,Moving & Heavy Lifting Assistance,2,2.59
2026-08-11,Coimbatore,srv-paint-01,Wall Painting & Waterproofing,2,2.03
2026-08-11,Coimbatore,srv-pest-01,Organic Pest Control,5,4.99
2026-08-11,Coimbatore,srv-plumb-01,Plumbing Repair & Leakage Fix,6,6.04
2026-08-11,Coimbatore,srv-soc-clean-01,Society Common Area Sanitization,2,2.02
2026-08-11,Coimbatore,srv-soc-event-01,Community Event Sound & Electrical Setup,1,1.16
2026-08-11,Coimbatore,srv-soc-tank-01,Water Sump & Overhead Tank Cleaning,2,1.33
2026-08-11,Delhi NCR,srv-ac-01,AC Deep Foam Jet Servicing,13,13.09
2026-08-11,Delhi NCR,srv-carp-01,Carpentry & Furniture Assembly,8,9.29
2026-08-11,Delhi NCR,srv-clean-01,Full Home Deep Cleaning,12,11.45
2026-08-11,Delhi NCR,srv-cook-01,Home Chef & Meal Preparation,10,9.23
2026-08-11,Delhi NCR,srv-elder-01,Elder Assistance & Companionship,8,7.26
2026-08-11,Delhi NCR,srv-elec-01,Electrical Repair & Wiring,18,12.68
2026-08-11,Delhi NCR,srv-garden-01,Gardening & Balcony Greenery,6,7.46
2026-08-11,Delhi NCR,srv-move-01,Moving & Heavy Lifting Assistance,4,4.05
2026-08-11,Delhi NCR,srv-paint-01,Wall Painting & Waterproofing,7,3.37
2026-08-11,Delhi NCR,srv-pest-01,Organic Pest Control,8,8.67
2026-08-11,Delhi NCR,srv-plumb-01,Plumbing Repair & Leakage Fix,11,11.25
2026-08-11,Delhi NCR,srv-soc-clean-01,Society Common Area Sanitization,4,3.79
2026-08-11,Delhi NCR,srv-soc-event-01,Community Event Sound & Electrical Setup,2,2.56
2026-08-11,Delhi NCR,srv-soc-tank-01,Water Sump & Overhead Tank Cleaning,3,2.34
2026-08-11,Gurugram,srv-ac-01,AC Deep Foam Jet Servicing,8,10.11
2026-08-11,Gurugram,srv-carp-01,Carpentry & Furniture Assembly,6,7.32
2026-08-11,Gurugram,srv-clean-01,Full Home Deep Cleaning,9,8.36
2026-08-11,Gurugram,srv-cook-01,Home Chef & Meal Preparation,6,7.06
2026-08-11,Gurugram,srv-elder-01,Elder Assistance & Companionship,6,5.56
2026-08-11,Gurugram,srv-elec-01,Electrical Repair & Wiring,8,9.29
2026-08-11,Gurugram,srv-garden-01,Gardening & Balcony Greenery,5,5.44
2026-08-11,Gurugram,srv-move-01,Moving & Heavy Lifting Assistance,3,3.07
2026-08-11,Gurugram,srv-paint-01,Wall Painting & Waterproofing,3,2.82
2026-08-11,Gurugram,srv-pest-01,Organic Pest Control,7,6.41
2026-08-11,Gurugram,srv-plumb-01,Plumbing Repair & Leakage Fix,6,8.13
2026-08-11,Gurugram,srv-soc-clean-01,Society Common Area Sanitization,3,2.34
2026-08-11,Gurugram,srv-soc-event-01,Community Event Sound & Electrical Setup,2,1.9
2026-08-11,Gurugram,srv-soc-tank-01,Water Sump & Overhead Tank Cleaning,2,2.15
2026-08-11,Hyderabad,srv-ac-01,AC Deep Foam Jet Servicing,11,11.98
2026-08-11,Hyderabad,srv-carp-01,Carpentry & Furniture Assembly,7,7.02
2026-08-11,Hyderabad,srv-clean-01,Full Home Deep Cleaning,9,9.23
2026-08-11,Hyderabad,srv-cook-01,Home Chef & Meal Preparation,10,8.49
2026-08-11,Hyderabad,srv-elder-01,Elder Assistance & Companionship,6,6.01
2026-08-11,Hyderabad,srv-elec-01,Electrical Repair & Wiring,12,10.8
2026-08-11,Hyderabad,srv-garden-01,Gardening & Balcony Greenery,7,6.65
2026-08-11,Hyderabad,srv-move-01,Moving & Heavy Lifting Assistance,4,3.75
2026-08-11,Hyderabad,srv-paint-01,Wall Painting & Waterproofing,3,3.04
2026-08-11,Hyderabad,srv-pest-01,Organic Pest Control,6,7.5
2026-08-11,Hyderabad,srv-plumb-01,Plumbing Repair & Leakage Fix,9,8.27
2026-08-11,Hyderabad,srv-soc-clean-01,Society Common Area Sanitization,3,2.89
2026-08-11,Hyderabad,srv-soc-event-01,Community Event Sound & Electrical Setup,2,2.08
2026-08-11,Hyderabad,srv-soc-tank-01,Water Sump & Overhead Tank Cleaning,2,2.14
2026-08-11,Indore,srv-ac-01,AC Deep Foam Jet Servicing,9,9.33
2026-08-11,Indore,srv-carp-01,Carpentry & Furniture Assembly,5,5.81
2026-08-11,Indore,srv-clean-01,Full Home Deep Cleaning,10,7.11
2026-08-11,Indore,srv-cook-01,Home Chef & Meal Preparation,7,6.35
2026-08-11,Indore,srv-elder-01,Elder Assistance & Companionship,5,4.83
2026-08-11,Indore,srv-elec-01,Electrical Repair & Wiring,8,7.84
2026-08-11,Indore,srv-garden-01,Gardening & Balcony Greenery,4,4.59
2026-08-11,Indore,srv-move-01,Moving & Heavy Lifting Assistance,3,2.85
2026-08-11,Indore,srv-paint-01,Wall Painting & Waterproofing,2,2.21
2026-08-11,Indore,srv-pest-01,Organic Pest Control,6,5.44
2026-08-11,Indore,srv-plumb-01,Plumbing Repair & Leakage Fix,7,6.73
2026-08-11,Indore,srv-soc-clean-01,Society Common Area Sanitization,2,2.08
2026-08-11,Indore,srv-soc-event-01,Community Event Sound & Electrical Setup,2,1.52
2026-08-11,Indore,srv-soc-tank-01,Water Sump & Overhead Tank Cleaning,1,1.85
2026-08-11,Jaipur,srv-ac-01,AC Deep Foam Jet Servicing,7,8.71
2026-08-11,Jaipur,srv-carp-01,Carpentry & Furniture Assembly,5,5.79
2026-08-11,Jaipur,srv-clean-01,Full Home Deep Cleaning,8,7.59
2026-08-11,Jaipur,srv-cook-01,Home Chef & Meal Preparation,6,5.9
2026-08-11,Jaipur,srv-elder-01,Elder Assistance & Companionship,5,5.02
2026-08-11,Jaipur,srv-elec-01,Electrical Repair & Wiring,9,7.95
2026-08-11,Jaipur,srv-garden-01,Gardening & Balcony Greenery,4,4.54
2026-08-11,Jaipur,srv-move-01,Moving & Heavy Lifting Assistance,2,3.1
2026-08-11,Jaipur,srv-paint-01,Wall Painting & Waterproofing,2,2.24
2026-08-11,Jaipur,srv-pest-01,Organic Pest Control,5,5.41
2026-08-11,Jaipur,srv-plumb-01,Plumbing Repair & Leakage Fix,6,7.18
2026-08-11,Jaipur,srv-soc-clean-01,Society Common Area Sanitization,2,2.15
2026-08-11,Jaipur,srv-soc-event-01,Community Event Sound & Electrical Setup,1,1.58
2026-08-11,Jaipur,srv-soc-tank-01,Water Sump & Overhead Tank Cleaning,2,1.94
2026-08-11,Kochi,srv-ac-01,AC Deep Foam Jet Servicing,8,9.3
2026-08-11,Kochi,srv-carp-01,Carpentry & Furniture Assembly,5,5.17
2026-08-11,Kochi,srv-clean-01,Full Home Deep Cleaning,6,7.47
2026-08-11,Kochi,srv-cook-01,Home Chef & Meal Preparation,6,5.96
2026-08-11,Kochi,srv-elder-01,Elder Assistance & Companionship,5,4.47
2026-08-11,Kochi,srv-elec-01,Electrical Repair & Wiring,7,9.89
2026-08-11,Kochi,srv-garden-01,Gardening & Balcony Greenery,5,4.31
2026-08-11,Kochi,srv-move-01,Moving & Heavy Lifting Assistance,3,2.68
2026-08-11,Kochi,srv-paint-01,Wall Painting & Waterproofing,2,2.09
2026-08-11,Kochi,srv-pest-01,Organic Pest Control,5,5.23
2026-08-11,Kochi,srv-plumb-01,Plumbing Repair & Leakage Fix,5,6.38
2026-08-11,Kochi,srv-soc-clean-01,Society Common Area Sanitization,2,2.14
2026-08-11,Kochi,srv-soc-event-01,Community Event Sound & Electrical Setup,2,1.16
2026-08-11,Kochi,srv-soc-tank-01,Water Sump & Overhead Tank Cleaning,1,1.64
2026-08-11,Kolkata,srv-ac-01,AC Deep Foam Jet Servicing,11,10.7
2026-08-11,Kolkata,srv-carp-01,Carpentry & Furniture Assembly,8,6.92
2026-08-11,Kolkata,srv-clean-01,Full Home Deep Cleaning,9,9.57
2026-08-11,Kolkata,srv-cook-01,Home Chef & Meal Preparation,9,8.95
2026-08-11,Kolkata,srv-elder-01,Elder Assistance & Companionship,6,6.51
2026-08-11,Kolkata,srv-elec-01,Electrical Repair & Wiring,11,11.45
2026-08-11,Kolkata,srv-garden-01,Gardening & Balcony Greenery,6,6.17
2026-08-11,Kolkata,srv-move-01,Moving & Heavy Lifting Assistance,4,4.09
2026-08-11,Kolkata,srv-paint-01,Wall Painting & Waterproofing,3,3.22
2026-08-11,Kolkata,srv-pest-01,Organic Pest Control,8,7.7
2026-08-11,Kolkata,srv-plumb-01,Plumbing Repair & Leakage Fix,10,9.17
2026-08-11,Kolkata,srv-soc-clean-01,Society Common Area Sanitization,3,3.26
2026-08-11,Kolkata,srv-soc-event-01,Community Event Sound & Electrical Setup,2,2.11
2026-08-11,Kolkata,srv-soc-tank-01,Water Sump & Overhead Tank Cleaning,3,2.07
2026-08-11,Lucknow,srv-ac-01,AC Deep Foam Jet Servicing,8,9.07
2026-08-11,Lucknow,srv-carp-01,Carpentry & Furniture Assembly,5,6.07
2026-08-11,Lucknow,srv-clean-01,Full Home Deep Cleaning,8,7.98
2026-08-11,Lucknow,srv-cook-01,Home Chef & Meal Preparation,8,6.85
2026-08-11,Lucknow,srv-elder-01,Elder Assistance & Companionship,5,5.08
2026-08-11,Lucknow,srv-elec-01,Electrical Repair & Wiring,8,8.82
2026-08-11,Lucknow,srv-garden-01,Gardening & Balcony Greenery,5,4.71
2026-08-11,Lucknow,srv-move-01,Moving & Heavy Lifting Assistance,3,3.25
2026-08-11,Lucknow,srv-paint-01,Wall Painting & Waterproofing,2,2.57
2026-08-11,Lucknow,srv-pest-01,Organic Pest Control,6,6.09
2026-08-11,Lucknow,srv-plumb-01,Plumbing Repair & Leakage Fix,6,8.02
2026-08-11,Lucknow,srv-soc-clean-01,Society Common Area Sanitization,2,2.36
2026-08-11,Lucknow,srv-soc-event-01,Community Event Sound & Electrical Setup,1,1.8
2026-08-11,Lucknow,srv-soc-tank-01,Water Sump & Overhead Tank Cleaning,2,1.97
2026-08-11,Mumbai,srv-ac-01,AC Deep Foam Jet Servicing,11,13.64
2026-08-11,Mumbai,srv-carp-01,Carpentry & Furniture Assembly,12,8.88
2026-08-11,Mumbai,srv-clean-01,Full Home Deep Cleaning,11,11.91
2026-08-11,Mumbai,srv-cook-01,Home Chef & Meal Preparation,10,10.01
2026-08-11,Mumbai,srv-elder-01,Elder Assistance & Companionship,7,7.52
2026-08-11,Mumbai,srv-elec-01,Electrical Repair & Wiring,12,12.47
2026-08-11,Mumbai,srv-garden-01,Gardening & Balcony Greenery,6,7.1
2026-08-11,Mumbai,srv-move-01,Moving & Heavy Lifting Assistance,4,5.31
2026-08-11,Mumbai,srv-paint-01,Wall Painting & Waterproofing,4,3.79
2026-08-11,Mumbai,srv-pest-01,Organic Pest Control,9,8.84
2026-08-11,Mumbai,srv-plumb-01,Plumbing Repair & Leakage Fix,11,11.03
2026-08-11,Mumbai,srv-soc-clean-01,Society Common Area Sanitization,4,3.82
2026-08-11,Mumbai,srv-soc-event-01,Community Event Sound & Electrical Setup,2,2.12
2026-08-11,Mumbai,srv-soc-tank-01,Water Sump & Overhead Tank Cleaning,3,1.87
2026-08-11,Nagpur,srv-ac-01,AC Deep Foam Jet Servicing,6,8.7
2026-08-11,Nagpur,srv-carp-01,Carpentry & Furniture Assembly,5,5.46
2026-08-11,Nagpur,srv-clean-01,Full Home Deep Cleaning,8,6.94
2026-08-11,Nagpur,srv-cook-01,Home Chef & Meal Preparation,7,5.87
2026-08-11,Nagpur,srv-elder-01,Elder Assistance & Companionship,5,4.6
2026-08-11,Nagpur,srv-elec-01,Electrical Repair & Wiring,7,7.91
2026-08-11,Nagpur,srv-garden-01,Gardening & Balcony Greenery,4,4.06
2026-08-11,Nagpur,srv-move-01,Moving & Heavy Lifting Assistance,2,2.8
2026-08-11,Nagpur,srv-paint-01,Wall Painting & Waterproofing,2,2.08
2026-08-11,Nagpur,srv-pest-01,Organic Pest Control,5,5.16
2026-08-11,Nagpur,srv-plumb-01,Plumbing Repair & Leakage Fix,6,6.09
2026-08-11,Nagpur,srv-soc-clean-01,Society Common Area Sanitization,2,2.16
2026-08-11,Nagpur,srv-soc-event-01,Community Event Sound & Electrical Setup,1,1.41
2026-08-11,Nagpur,srv-soc-tank-01,Water Sump & Overhead Tank Cleaning,2,1.82
2026-08-11,Patna,srv-ac-01,AC Deep Foam Jet Servicing,8,8.76
2026-08-11,Patna,srv-carp-01,Carpentry & Furniture Assembly,5,5.12
2026-08-11,Patna,srv-clean-01,Full Home Deep Cleaning,9,7.21
2026-08-11,Patna,srv-cook-01,Home Chef & Meal Preparation,6,5.36
2026-08-11,Patna,srv-elder-01,Elder Assistance & Companionship,4,4.49
2026-08-11,Patna,srv-elec-01,Electrical Repair & Wiring,7,7.85
2026-08-11,Patna,srv-garden-01,Gardening & Balcony Greenery,4,4.02
2026-08-11,Patna,srv-move-01,Moving & Heavy Lifting Assistance,3,2.5
2026-08-11,Patna,srv-paint-01,Wall Painting & Waterproofing,2,2.06
2026-08-11,Patna,srv-pest-01,Organic Pest Control,5,4.86
2026-08-11,Patna,srv-plumb-01,Plumbing Repair & Leakage Fix,6,5.81
2026-08-11,Patna,srv-soc-clean-01,Society Common Area Sanitization,2,2.04
2026-08-11,Patna,srv-soc-event-01,Community Event Sound & Electrical Setup,1,1.12
2026-08-11,Patna,srv-soc-tank-01,Water Sump & Overhead Tank Cleaning,3,1.86
2026-08-11,Pune,srv-ac-01,AC Deep Foam Jet Servicing,11,9.58
2026-08-11,Pune,srv-carp-01,Carpentry & Furniture Assembly,7,6.79
2026-08-11,Pune,srv-clean-01,Full Home Deep Cleaning,8,8.86
2026-08-11,Pune,srv-cook-01,Home Chef & Meal Preparation,8,7.23
2026-08-11,Pune,srv-elder-01,Elder Assistance & Companionship,6,6.04
2026-08-11,Pune,srv-elec-01,Electrical Repair & Wiring,10,9.34
2026-08-11,Pune,srv-garden-01,Gardening & Balcony Greenery,5,5.79
2026-08-11,Pune,srv-move-01,Moving & Heavy Lifting Assistance,3,3.24
2026-08-11,Pune,srv-paint-01,Wall Painting & Waterproofing,3,2.62
2026-08-11,Pune,srv-pest-01,Organic Pest Control,7,6.36
2026-08-11,Pune,srv-plumb-01,Plumbing Repair & Leakage Fix,7,7.72
2026-08-11,Pune,srv-soc-clean-01,Society Common Area Sanitization,3,2.89
2026-08-11,Pune,srv-soc-event-01,Community Event Sound & Electrical Setup,2,2.04
2026-08-11,Pune,srv-soc-tank-01,Water Sump & Overhead Tank Cleaning,2,2.07
2026-08-11,Surat,srv-ac-01,AC Deep Foam Jet Servicing,8,8.93
2026-08-11,Surat,srv-carp-01,Carpentry & Furniture Assembly,5,5.6
2026-08-11,Surat,srv-clean-01,Full Home Deep Cleaning,8,7.19
2026-08-11,Surat,srv-cook-01,Home Chef & Meal Preparation,6,6.1
2026-08-11,Surat,srv-elder-01,Elder Assistance & Companionship,5,4.88
2026-08-11,Surat,srv-elec-01,Electrical Repair & Wiring,9,8.56
2026-08-11,Surat,srv-garden-01,Gardening & Balcony Greenery,5,4.72
2026-08-11,Surat,srv-move-01,Moving & Heavy Lifting Assistance,3,2.53
2026-08-11,Surat,srv-paint-01,Wall Painting & Waterproofing,2,2.06
2026-08-11,Surat,srv-pest-01,Organic Pest Control,6,5.25
2026-08-11,Surat,srv-plumb-01,Plumbing Repair & Leakage Fix,7,7.04
2026-08-11,Surat,srv-soc-clean-01,Society Common Area Sanitization,2,2.1
2026-08-11,Surat,srv-soc-event-01,Community Event Sound & Electrical Setup,1,1.15
2026-08-11,Surat,srv-soc-tank-01,Water Sump & Overhead Tank Cleaning,1,1.48
2026-08-11,Vadodara,srv-ac-01,AC Deep Foam Jet Servicing,8,8.4
2026-08-11,Vadodara,srv-carp-01,Carpentry & Furniture Assembly,4,4.89
2026-08-11,Vadodara,srv-clean-01,Full Home Deep Cleaning,6,6.64
2026-08-11,Vadodara,srv-cook-01,Home Chef & Meal Preparation,6,5.47
2026-08-11,Vadodara,srv-elder-01,Elder Assistance & Companionship,4,4.38
2026-08-11,Vadodara,srv-elec-01,Electrical Repair & Wiring,8,6.54
2026-08-11,Vadodara,srv-garden-01,Gardening & Balcony Greenery,4,4.2
2026-08-11,Vadodara,srv-move-01,Moving & Heavy Lifting Assistance,2,2.43
2026-08-11,Vadodara,srv-paint-01,Wall Painting & Waterproofing,2,2.07
2026-08-11,Vadodara,srv-pest-01,Organic Pest Control,4,5.03
2026-08-11,Vadodara,srv-plumb-01,Plumbing Repair & Leakage Fix,6,6.23
2026-08-11,Vadodara,srv-soc-clean-01,Society Common Area Sanitization,2,2.06
2026-08-11,Vadodara,srv-soc-event-01,Community Event Sound & Electrical Setup,1,1.14
2026-08-11,Vadodara,srv-soc-tank-01,Water Sump & Overhead Tank Cleaning,1,1.46
2026-08-11,Visakhapatnam,srv-ac-01,AC Deep Foam Jet Servicing,7,8.39
2026-08-11,Visakhapatnam,srv-carp-01,Carpentry & Furniture Assembly,5,4.76
2026-08-11,Visakhapatnam,srv-clean-01,Full Home Deep Cleaning,7,6.72
2026-08-11,Visakhapatnam,srv-cook-01,Home Chef & Meal Preparation,6,5.46
2026-08-11,Visakhapatnam,srv-elder-01,Elder Assistance & Companionship,4,4.47
2026-08-11,Visakhapatnam,srv-elec-01,Electrical Repair & Wiring,7,7.58
2026-08-11,Visakhapatnam,srv-garden-01,Gardening & Balcony Greenery,4,4.33
2026-08-11,Visakhapatnam,srv-move-01,Moving & Heavy Lifting Assistance,3,2.58
2026-08-11,Visakhapatnam,srv-paint-01,Wall Painting & Waterproofing,2,2.08
2026-08-11,Visakhapatnam,srv-pest-01,Organic Pest Control,5,4.72
2026-08-11,Visakhapatnam,srv-plumb-01,Plumbing Repair & Leakage Fix,6,5.84
2026-08-11,Visakhapatnam,srv-soc-clean-01,Society Common Area Sanitization,2,2.09
2026-08-11,Visakhapatnam,srv-soc-event-01,Community Event Sound & Electrical Setup,1,1.13
2026-08-11,Visakhapatnam,srv-soc-tank-01,Water Sump & Overhead Tank Cleaning,2,1.73
2026-08-12,Ahmedabad,srv-ac-01,AC Deep Foam Jet Servicing,9,9.52
2026-08-12,Ahmedabad,srv-carp-01,Carpentry & Furniture Assembly,6,6.25
2026-08-12,Ahmedabad,srv-clean-01,Full Home Deep Cleaning,10,8.86
2026-08-12,Ahmedabad,srv-cook-01,Home Chef & Meal Preparation,7,6.69
2026-08-12,Ahmedabad,srv-elder-01,Elder Assistance & Companionship,5,5.84
2026-08-12,Ahmedabad,srv-elec-01,Electrical Repair & Wiring,8,9.2
2026-08-12,Ahmedabad,srv-garden-01,Gardening & Balcony Greenery,5,4.95
2026-08-12,Ahmedabad,srv-move-01,Moving & Heavy Lifting Assistance,3,3.1
2026-08-12,Ahmedabad,srv-paint-01,Wall Painting & Waterproofing,2,2.48
2026-08-12,Ahmedabad,srv-pest-01,Organic Pest Control,6,5.75
2026-08-12,Ahmedabad,srv-plumb-01,Plumbing Repair & Leakage Fix,9,7.51
2026-08-12,Ahmedabad,srv-soc-clean-01,Society Common Area Sanitization,2,2.63
2026-08-12,Ahmedabad,srv-soc-event-01,Community Event Sound & Electrical Setup,2,1.81
2026-08-12,Ahmedabad,srv-soc-tank-01,Water Sump & Overhead Tank Cleaning,2,1.98
2026-08-12,Bengaluru,srv-ac-01,AC Deep Foam Jet Servicing,12,12.21
2026-08-12,Bengaluru,srv-carp-01,Carpentry & Furniture Assembly,9,8.03
2026-08-12,Bengaluru,srv-clean-01,Full Home Deep Cleaning,12,10.66
2026-08-12,Bengaluru,srv-cook-01,Home Chef & Meal Preparation,9,9.23
2026-08-12,Bengaluru,srv-elder-01,Elder Assistance & Companionship,8,7.3
2026-08-12,Bengaluru,srv-elec-01,Electrical Repair & Wiring,12,12.28
2026-08-12,Bengaluru,srv-garden-01,Gardening & Balcony Greenery,7,7.53
2026-08-12,Bengaluru,srv-move-01,Moving & Heavy Lifting Assistance,4,4.53
2026-08-12,Bengaluru,srv-paint-01,Wall Painting & Waterproofing,3,3.3
2026-08-12,Bengaluru,srv-pest-01,Organic Pest Control,8,7.71
2026-08-12,Bengaluru,srv-plumb-01,Plumbing Repair & Leakage Fix,10,10.18
2026-08-12,Bengaluru,srv-soc-clean-01,Society Common Area Sanitization,4,3.34
2026-08-12,Bengaluru,srv-soc-event-01,Community Event Sound & Electrical Setup,3,2.13
2026-08-12,Bengaluru,srv-soc-tank-01,Water Sump & Overhead Tank Cleaning,2,2.34
2026-08-12,Bhopal,srv-ac-01,AC Deep Foam Jet Servicing,7,8.11
2026-08-12,Bhopal,srv-carp-01,Carpentry & Furniture Assembly,5,5.0
2026-08-12,Bhopal,srv-clean-01,Full Home Deep Cleaning,7,6.72
2026-08-12,Bhopal,srv-cook-01,Home Chef & Meal Preparation,6,5.96
2026-08-12,Bhopal,srv-elder-01,Elder Assistance & Companionship,5,4.31
2026-08-12,Bhopal,srv-elec-01,Electrical Repair & Wiring,8,7.82
2026-08-12,Bhopal,srv-garden-01,Gardening & Balcony Greenery,4,4.03
2026-08-12,Bhopal,srv-move-01,Moving & Heavy Lifting Assistance,3,2.29
2026-08-12,Bhopal,srv-paint-01,Wall Painting & Waterproofing,2,1.98
2026-08-12,Bhopal,srv-pest-01,Organic Pest Control,4,4.59
2026-08-12,Bhopal,srv-plumb-01,Plumbing Repair & Leakage Fix,7,5.96
2026-08-12,Bhopal,srv-soc-clean-01,Society Common Area Sanitization,2,2.0
2026-08-12,Bhopal,srv-soc-event-01,Community Event Sound & Electrical Setup,1,1.07
2026-08-12,Bhopal,srv-soc-tank-01,Water Sump & Overhead Tank Cleaning,1,1.77
2026-08-12,Chennai,srv-ac-01,AC Deep Foam Jet Servicing,9,9.85
2026-08-12,Chennai,srv-carp-01,Carpentry & Furniture Assembly,7,7.77
2026-08-12,Chennai,srv-clean-01,Full Home Deep Cleaning,10,8.96
2026-08-12,Chennai,srv-cook-01,Home Chef & Meal Preparation,9,7.88
2026-08-12,Chennai,srv-elder-01,Elder Assistance & Companionship,5,6.65
2026-08-12,Chennai,srv-elec-01,Electrical Repair & Wiring,10,10.13
2026-08-12,Chennai,srv-garden-01,Gardening & Balcony Greenery,5,6.0
2026-08-12,Chennai,srv-move-01,Moving & Heavy Lifting Assistance,3,3.62
2026-08-12,Chennai,srv-paint-01,Wall Painting & Waterproofing,3,2.63
2026-08-12,Chennai,srv-pest-01,Organic Pest Control,6,6.88
2026-08-12,Chennai,srv-plumb-01,Plumbing Repair & Leakage Fix,8,8.75
2026-08-12,Chennai,srv-soc-clean-01,Society Common Area Sanitization,3,2.45
2026-08-12,Chennai,srv-soc-event-01,Community Event Sound & Electrical Setup,3,2.15
2026-08-12,Chennai,srv-soc-tank-01,Water Sump & Overhead Tank Cleaning,2,2.26
2026-08-12,Coimbatore,srv-ac-01,AC Deep Foam Jet Servicing,8,9.28
2026-08-12,Coimbatore,srv-carp-01,Carpentry & Furniture Assembly,5,5.18
2026-08-12,Coimbatore,srv-clean-01,Full Home Deep Cleaning,8,6.68
2026-08-12,Coimbatore,srv-cook-01,Home Chef & Meal Preparation,5,5.78
2026-08-12,Coimbatore,srv-elder-01,Elder Assistance & Companionship,4,4.37
2026-08-12,Coimbatore,srv-elec-01,Electrical Repair & Wiring,7,7.53
2026-08-12,Coimbatore,srv-garden-01,Gardening & Balcony Greenery,5,4.27
2026-08-12,Coimbatore,srv-move-01,Moving & Heavy Lifting Assistance,2,2.33
2026-08-12,Coimbatore,srv-paint-01,Wall Painting & Waterproofing,2,1.98
2026-08-12,Coimbatore,srv-pest-01,Organic Pest Control,5,5.09
2026-08-12,Coimbatore,srv-plumb-01,Plumbing Repair & Leakage Fix,6,5.65
2026-08-12,Coimbatore,srv-soc-clean-01,Society Common Area Sanitization,2,2.0
2026-08-12,Coimbatore,srv-soc-event-01,Community Event Sound & Electrical Setup,1,1.06
2026-08-12,Coimbatore,srv-soc-tank-01,Water Sump & Overhead Tank Cleaning,1,1.39
2026-08-12,Delhi NCR,srv-ac-01,AC Deep Foam Jet Servicing,14,13.53
2026-08-12,Delhi NCR,srv-carp-01,Carpentry & Furniture Assembly,9,8.75
2026-08-12,Delhi NCR,srv-clean-01,Full Home Deep Cleaning,12,11.59
2026-08-12,Delhi NCR,srv-cook-01,Home Chef & Meal Preparation,11,9.51
2026-08-12,Delhi NCR,srv-elder-01,Elder Assistance & Companionship,7,7.66
2026-08-12,Delhi NCR,srv-elec-01,Electrical Repair & Wiring,12,13.46
2026-08-12,Delhi NCR,srv-garden-01,Gardening & Balcony Greenery,10,6.67
2026-08-12,Delhi NCR,srv-move-01,Moving & Heavy Lifting Assistance,4,3.98
2026-08-12,Delhi NCR,srv-paint-01,Wall Painting & Waterproofing,4,3.41
2026-08-12,Delhi NCR,srv-pest-01,Organic Pest Control,8,8.21
2026-08-12,Delhi NCR,srv-plumb-01,Plumbing Repair & Leakage Fix,9,10.72
2026-08-12,Delhi NCR,srv-soc-clean-01,Society Common Area Sanitization,3,3.56
2026-08-12,Delhi NCR,srv-soc-event-01,Community Event Sound & Electrical Setup,2,2.06
2026-08-12,Delhi NCR,srv-soc-tank-01,Water Sump & Overhead Tank Cleaning,3,2.59
2026-08-12,Gurugram,srv-ac-01,AC Deep Foam Jet Servicing,10,9.81
2026-08-12,Gurugram,srv-carp-01,Carpentry & Furniture Assembly,7,6.25
2026-08-12,Gurugram,srv-clean-01,Full Home Deep Cleaning,10,8.08
2026-08-12,Gurugram,srv-cook-01,Home Chef & Meal Preparation,9,6.86
2026-08-12,Gurugram,srv-elder-01,Elder Assistance & Companionship,5,5.32
2026-08-12,Gurugram,srv-elec-01,Electrical Repair & Wiring,10,8.71
2026-08-12,Gurugram,srv-garden-01,Gardening & Balcony Greenery,6,5.67
2026-08-12,Gurugram,srv-move-01,Moving & Heavy Lifting Assistance,3,2.96
2026-08-12,Gurugram,srv-paint-01,Wall Painting & Waterproofing,3,2.6
2026-08-12,Gurugram,srv-pest-01,Organic Pest Control,7,6.31
2026-08-12,Gurugram,srv-plumb-01,Plumbing Repair & Leakage Fix,7,8.05
2026-08-12,Gurugram,srv-soc-clean-01,Society Common Area Sanitization,2,2.54
2026-08-12,Gurugram,srv-soc-event-01,Community Event Sound & Electrical Setup,1,1.83
2026-08-12,Gurugram,srv-soc-tank-01,Water Sump & Overhead Tank Cleaning,2,2.02
2026-08-12,Hyderabad,srv-ac-01,AC Deep Foam Jet Servicing,10,11.69
2026-08-12,Hyderabad,srv-carp-01,Carpentry & Furniture Assembly,7,7.65
2026-08-12,Hyderabad,srv-clean-01,Full Home Deep Cleaning,9,8.9
2026-08-12,Hyderabad,srv-cook-01,Home Chef & Meal Preparation,9,8.44
2026-08-12,Hyderabad,srv-elder-01,Elder Assistance & Companionship,7,6.09
2026-08-12,Hyderabad,srv-elec-01,Electrical Repair & Wiring,12,10.58
2026-08-12,Hyderabad,srv-garden-01,Gardening & Balcony Greenery,6,5.98
2026-08-12,Hyderabad,srv-move-01,Moving & Heavy Lifting Assistance,3,3.63
2026-08-12,Hyderabad,srv-paint-01,Wall Painting & Waterproofing,3,2.97
2026-08-12,Hyderabad,srv-pest-01,Organic Pest Control,7,7.93
2026-08-12,Hyderabad,srv-plumb-01,Plumbing Repair & Leakage Fix,9,8.3
2026-08-12,Hyderabad,srv-soc-clean-01,Society Common Area Sanitization,3,2.6
2026-08-12,Hyderabad,srv-soc-event-01,Community Event Sound & Electrical Setup,2,2.15
2026-08-12,Hyderabad,srv-soc-tank-01,Water Sump & Overhead Tank Cleaning,2,2.08
2026-08-12,Indore,srv-ac-01,AC Deep Foam Jet Servicing,7,8.62
2026-08-12,Indore,srv-carp-01,Carpentry & Furniture Assembly,5,5.83
2026-08-12,Indore,srv-clean-01,Full Home Deep Cleaning,8,7.17
2026-08-12,Indore,srv-cook-01,Home Chef & Meal Preparation,6,6.3
2026-08-12,Indore,srv-elder-01,Elder Assistance & Companionship,5,4.88
2026-08-12,Indore,srv-elec-01,Electrical Repair & Wiring,9,7.83
2026-08-12,Indore,srv-garden-01,Gardening & Balcony Greenery,4,4.5
2026-08-12,Indore,srv-move-01,Moving & Heavy Lifting Assistance,3,2.72
2026-08-12,Indore,srv-paint-01,Wall Painting & Waterproofing,2,2.16
2026-08-12,Indore,srv-pest-01,Organic Pest Control,5,5.54
2026-08-12,Indore,srv-plumb-01,Plumbing Repair & Leakage Fix,7,6.79
2026-08-12,Indore,srv-soc-clean-01,Society Common Area Sanitization,2,2.04
2026-08-12,Indore,srv-soc-event-01,Community Event Sound & Electrical Setup,2,1.57
2026-08-12,Indore,srv-soc-tank-01,Water Sump & Overhead Tank Cleaning,2,1.57
2026-08-12,Jaipur,srv-ac-01,AC Deep Foam Jet Servicing,9,8.17
2026-08-12,Jaipur,srv-carp-01,Carpentry & Furniture Assembly,5,5.64
2026-08-12,Jaipur,srv-clean-01,Full Home Deep Cleaning,7,7.62
2026-08-12,Jaipur,srv-cook-01,Home Chef & Meal Preparation,6,6.25
2026-08-12,Jaipur,srv-elder-01,Elder Assistance & Companionship,4,4.97
2026-08-12,Jaipur,srv-elec-01,Electrical Repair & Wiring,9,8.13
2026-08-12,Jaipur,srv-garden-01,Gardening & Balcony Greenery,6,4.73
2026-08-12,Jaipur,srv-move-01,Moving & Heavy Lifting Assistance,2,2.68
2026-08-12,Jaipur,srv-paint-01,Wall Painting & Waterproofing,3,2.19
2026-08-12,Jaipur,srv-pest-01,Organic Pest Control,6,5.41
2026-08-12,Jaipur,srv-plumb-01,Plumbing Repair & Leakage Fix,6,6.58
2026-08-12,Jaipur,srv-soc-clean-01,Society Common Area Sanitization,3,2.11
2026-08-12,Jaipur,srv-soc-event-01,Community Event Sound & Electrical Setup,1,1.54
2026-08-12,Jaipur,srv-soc-tank-01,Water Sump & Overhead Tank Cleaning,2,1.9
2026-08-12,Kochi,srv-ac-01,AC Deep Foam Jet Servicing,8,9.23
2026-08-12,Kochi,srv-carp-01,Carpentry & Furniture Assembly,6,5.31
2026-08-12,Kochi,srv-clean-01,Full Home Deep Cleaning,8,6.48
2026-08-12,Kochi,srv-cook-01,Home Chef & Meal Preparation,6,6.06
2026-08-12,Kochi,srv-elder-01,Elder Assistance & Companionship,4,4.41
2026-08-12,Kochi,srv-elec-01,Electrical Repair & Wiring,9,8.65
2026-08-12,Kochi,srv-garden-01,Gardening & Balcony Greenery,4,4.46
2026-08-12,Kochi,srv-move-01,Moving & Heavy Lifting Assistance,2,2.72
2026-08-12,Kochi,srv-paint-01,Wall Painting & Waterproofing,2,2.02
2026-08-12,Kochi,srv-pest-01,Organic Pest Control,5,5.24
2026-08-12,Kochi,srv-plumb-01,Plumbing Repair & Leakage Fix,5,6.29
2026-08-12,Kochi,srv-soc-clean-01,Society Common Area Sanitization,2,2.07
2026-08-12,Kochi,srv-soc-event-01,Community Event Sound & Electrical Setup,1,1.18
2026-08-12,Kochi,srv-soc-tank-01,Water Sump & Overhead Tank Cleaning,2,1.54
2026-08-12,Kolkata,srv-ac-01,AC Deep Foam Jet Servicing,12,11.21
2026-08-12,Kolkata,srv-carp-01,Carpentry & Furniture Assembly,9,7.41
2026-08-12,Kolkata,srv-clean-01,Full Home Deep Cleaning,14,9.17
2026-08-12,Kolkata,srv-cook-01,Home Chef & Meal Preparation,7,9.03
2026-08-12,Kolkata,srv-elder-01,Elder Assistance & Companionship,6,6.24
2026-08-12,Kolkata,srv-elec-01,Electrical Repair & Wiring,10,11.67
2026-08-12,Kolkata,srv-garden-01,Gardening & Balcony Greenery,6,6.27
2026-08-12,Kolkata,srv-move-01,Moving & Heavy Lifting Assistance,4,4.02
2026-08-12,Kolkata,srv-paint-01,Wall Painting & Waterproofing,3,3.19
2026-08-12,Kolkata,srv-pest-01,Organic Pest Control,8,7.72
2026-08-12,Kolkata,srv-plumb-01,Plumbing Repair & Leakage Fix,9,9.11
2026-08-12,Kolkata,srv-soc-clean-01,Society Common Area Sanitization,3,3.21
2026-08-12,Kolkata,srv-soc-event-01,Community Event Sound & Electrical Setup,2,2.07
2026-08-12,Kolkata,srv-soc-tank-01,Water Sump & Overhead Tank Cleaning,2,2.18
2026-08-12,Lucknow,srv-ac-01,AC Deep Foam Jet Servicing,10,8.82
2026-08-12,Lucknow,srv-carp-01,Carpentry & Furniture Assembly,5,5.86
2026-08-12,Lucknow,srv-clean-01,Full Home Deep Cleaning,8,8.73
2026-08-12,Lucknow,srv-cook-01,Home Chef & Meal Preparation,6,6.79
2026-08-12,Lucknow,srv-elder-01,Elder Assistance & Companionship,5,5.05
2026-08-12,Lucknow,srv-elec-01,Electrical Repair & Wiring,10,9.12
2026-08-12,Lucknow,srv-garden-01,Gardening & Balcony Greenery,5,4.96
2026-08-12,Lucknow,srv-move-01,Moving & Heavy Lifting Assistance,3,3.19
2026-08-12,Lucknow,srv-paint-01,Wall Painting & Waterproofing,3,2.45
2026-08-12,Lucknow,srv-pest-01,Organic Pest Control,6,5.92
2026-08-12,Lucknow,srv-plumb-01,Plumbing Repair & Leakage Fix,8,7.77
2026-08-12,Lucknow,srv-soc-clean-01,Society Common Area Sanitization,2,2.35
2026-08-12,Lucknow,srv-soc-event-01,Community Event Sound & Electrical Setup,2,1.66
2026-08-12,Lucknow,srv-soc-tank-01,Water Sump & Overhead Tank Cleaning,2,1.96
2026-08-12,Mumbai,srv-ac-01,AC Deep Foam Jet Servicing,14,14.36
2026-08-12,Mumbai,srv-carp-01,Carpentry & Furniture Assembly,10,9.77
2026-08-12,Mumbai,srv-clean-01,Full Home Deep Cleaning,14,12.94
2026-08-12,Mumbai,srv-cook-01,Home Chef & Meal Preparation,11,9.73
2026-08-12,Mumbai,srv-elder-01,Elder Assistance & Companionship,8,7.99
2026-08-12,Mumbai,srv-elec-01,Electrical Repair & Wiring,14,14.42
2026-08-12,Mumbai,srv-garden-01,Gardening & Balcony Greenery,8,6.79
2026-08-12,Mumbai,srv-move-01,Moving & Heavy Lifting Assistance,4,4.77
2026-08-12,Mumbai,srv-paint-01,Wall Painting & Waterproofing,3,3.64
2026-08-12,Mumbai,srv-pest-01,Organic Pest Control,9,8.49
2026-08-12,Mumbai,srv-plumb-01,Plumbing Repair & Leakage Fix,11,11.52
2026-08-12,Mumbai,srv-soc-clean-01,Society Common Area Sanitization,4,3.81
2026-08-12,Mumbai,srv-soc-event-01,Community Event Sound & Electrical Setup,2,2.24
2026-08-12,Mumbai,srv-soc-tank-01,Water Sump & Overhead Tank Cleaning,2,2.5
2026-08-12,Nagpur,srv-ac-01,AC Deep Foam Jet Servicing,7,8.56
2026-08-12,Nagpur,srv-carp-01,Carpentry & Furniture Assembly,6,5.44
2026-08-12,Nagpur,srv-clean-01,Full Home Deep Cleaning,7,7.09
2026-08-12,Nagpur,srv-cook-01,Home Chef & Meal Preparation,6,5.95
2026-08-12,Nagpur,srv-elder-01,Elder Assistance & Companionship,4,4.64
2026-08-12,Nagpur,srv-elec-01,Electrical Repair & Wiring,9,7.73
2026-08-12,Nagpur,srv-garden-01,Gardening & Balcony Greenery,4,4.29
2026-08-12,Nagpur,srv-move-01,Moving & Heavy Lifting Assistance,3,2.64
2026-08-12,Nagpur,srv-paint-01,Wall Painting & Waterproofing,2,2.02
2026-08-12,Nagpur,srv-pest-01,Organic Pest Control,5,5.28
2026-08-12,Nagpur,srv-plumb-01,Plumbing Repair & Leakage Fix,5,6.24
2026-08-12,Nagpur,srv-soc-clean-01,Society Common Area Sanitization,2,2.05
2026-08-12,Nagpur,srv-soc-event-01,Community Event Sound & Electrical Setup,1,1.38
2026-08-12,Nagpur,srv-soc-tank-01,Water Sump & Overhead Tank Cleaning,2,1.79
2026-08-12,Patna,srv-ac-01,AC Deep Foam Jet Servicing,8,8.92
2026-08-12,Patna,srv-carp-01,Carpentry & Furniture Assembly,4,5.09
2026-08-12,Patna,srv-clean-01,Full Home Deep Cleaning,7,7.05
2026-08-12,Patna,srv-cook-01,Home Chef & Meal Preparation,5,5.56
2026-08-12,Patna,srv-elder-01,Elder Assistance & Companionship,5,4.4
2026-08-12,Patna,srv-elec-01,Electrical Repair & Wiring,8,8.1
2026-08-12,Patna,srv-garden-01,Gardening & Balcony Greenery,4,3.99
2026-08-12,Patna,srv-move-01,Moving & Heavy Lifting Assistance,3,2.5
2026-08-12,Patna,srv-paint-01,Wall Painting & Waterproofing,2,1.97
2026-08-12,Patna,srv-pest-01,Organic Pest Control,5,4.83
2026-08-12,Patna,srv-plumb-01,Plumbing Repair & Leakage Fix,6,5.85
2026-08-12,Patna,srv-soc-clean-01,Society Common Area Sanitization,2,1.97
2026-08-12,Patna,srv-soc-event-01,Community Event Sound & Electrical Setup,1,1.15
2026-08-12,Patna,srv-soc-tank-01,Water Sump & Overhead Tank Cleaning,1,1.89
2026-08-12,Pune,srv-ac-01,AC Deep Foam Jet Servicing,10,9.53
2026-08-12,Pune,srv-carp-01,Carpentry & Furniture Assembly,7,6.74
2026-08-12,Pune,srv-clean-01,Full Home Deep Cleaning,9,8.9
2026-08-12,Pune,srv-cook-01,Home Chef & Meal Preparation,6,7.13
2026-08-12,Pune,srv-elder-01,Elder Assistance & Companionship,5,6.14
2026-08-12,Pune,srv-elec-01,Electrical Repair & Wiring,15,9.25
2026-08-12,Pune,srv-garden-01,Gardening & Balcony Greenery,6,5.86
2026-08-12,Pune,srv-move-01,Moving & Heavy Lifting Assistance,3,3.15
2026-08-12,Pune,srv-paint-01,Wall Painting & Waterproofing,3,2.51
2026-08-12,Pune,srv-pest-01,Organic Pest Control,6,6.3
2026-08-12,Pune,srv-plumb-01,Plumbing Repair & Leakage Fix,7,7.37
2026-08-12,Pune,srv-soc-clean-01,Society Common Area Sanitization,5,2.74
2026-08-12,Pune,srv-soc-event-01,Community Event Sound & Electrical Setup,2,1.97
2026-08-12,Pune,srv-soc-tank-01,Water Sump & Overhead Tank Cleaning,2,1.94
2026-08-12,Surat,srv-ac-01,AC Deep Foam Jet Servicing,8,8.3
2026-08-12,Surat,srv-carp-01,Carpentry & Furniture Assembly,6,5.43
2026-08-12,Surat,srv-clean-01,Full Home Deep Cleaning,8,7.3
2026-08-12,Surat,srv-cook-01,Home Chef & Meal Preparation,6,5.95
2026-08-12,Surat,srv-elder-01,Elder Assistance & Companionship,4,4.86
2026-08-12,Surat,srv-elec-01,Electrical Repair & Wiring,7,8.82
2026-08-12,Surat,srv-garden-01,Gardening & Balcony Greenery,4,4.6
2026-08-12,Surat,srv-move-01,Moving & Heavy Lifting Assistance,2,2.81
2026-08-12,Surat,srv-paint-01,Wall Painting & Waterproofing,2,2.01
2026-08-12,Surat,srv-pest-01,Organic Pest Control,5,5.24
2026-08-12,Surat,srv-plumb-01,Plumbing Repair & Leakage Fix,6,6.69
2026-08-12,Surat,srv-soc-clean-01,Society Common Area Sanitization,2,2.07
2026-08-12,Surat,srv-soc-event-01,Community Event Sound & Electrical Setup,2,1.13
2026-08-12,Surat,srv-soc-tank-01,Water Sump & Overhead Tank Cleaning,2,1.38
2026-08-12,Vadodara,srv-ac-01,AC Deep Foam Jet Servicing,7,9.1
2026-08-12,Vadodara,srv-carp-01,Carpentry & Furniture Assembly,5,4.99
2026-08-12,Vadodara,srv-clean-01,Full Home Deep Cleaning,7,6.68
2026-08-12,Vadodara,srv-cook-01,Home Chef & Meal Preparation,6,5.51
2026-08-12,Vadodara,srv-elder-01,Elder Assistance & Companionship,4,4.25
2026-08-12,Vadodara,srv-elec-01,Electrical Repair & Wiring,8,7.13
2026-08-12,Vadodara,srv-garden-01,Gardening & Balcony Greenery,4,3.85
2026-08-12,Vadodara,srv-move-01,Moving & Heavy Lifting Assistance,3,2.25
2026-08-12,Vadodara,srv-paint-01,Wall Painting & Waterproofing,2,1.97
2026-08-12,Vadodara,srv-pest-01,Organic Pest Control,4,4.73
2026-08-12,Vadodara,srv-plumb-01,Plumbing Repair & Leakage Fix,6,6.34
2026-08-12,Vadodara,srv-soc-clean-01,Society Common Area Sanitization,2,1.99
2026-08-12,Vadodara,srv-soc-event-01,Community Event Sound & Electrical Setup,1,1.08
2026-08-12,Vadodara,srv-soc-tank-01,Water Sump & Overhead Tank Cleaning,3,1.36
2026-08-12,Visakhapatnam,srv-ac-01,AC Deep Foam Jet Servicing,6,7.84
2026-08-12,Visakhapatnam,srv-carp-01,Carpentry & Furniture Assembly,5,4.77
2026-08-12,Visakhapatnam,srv-clean-01,Full Home Deep Cleaning,6,6.71
2026-08-12,Visakhapatnam,srv-cook-01,Home Chef & Meal Preparation,6,5.4
2026-08-12,Visakhapatnam,srv-elder-01,Elder Assistance & Companionship,4,4.39
2026-08-12,Visakhapatnam,srv-elec-01,Electrical Repair & Wiring,6,7.35
2026-08-12,Visakhapatnam,srv-garden-01,Gardening & Balcony Greenery,4,3.95
2026-08-12,Visakhapatnam,srv-move-01,Moving & Heavy Lifting Assistance,2,2.78
2026-08-12,Visakhapatnam,srv-paint-01,Wall Painting & Waterproofing,2,2.03
2026-08-12,Visakhapatnam,srv-pest-01,Organic Pest Control,5,5.06
2026-08-12,Visakhapatnam,srv-plumb-01,Plumbing Repair & Leakage Fix,6,5.53
2026-08-12,Visakhapatnam,srv-soc-clean-01,Society Common Area Sanitization,2,2.05
2026-08-12,Visakhapatnam,srv-soc-event-01,Community Event Sound & Electrical Setup,1,1.12
2026-08-12,Visakhapatnam,srv-soc-tank-01,Water Sump & Overhead Tank Cleaning,2,1.83
2026-08-13,Ahmedabad,srv-ac-01,AC Deep Foam Jet Servicing,9,9.43
2026-08-13,Ahmedabad,srv-carp-01,Carpentry & Furniture Assembly,5,6.18
2026-08-13,Ahmedabad,srv-clean-01,Full Home Deep Cleaning,7,8.02
2026-08-13,Ahmedabad,srv-cook-01,Home Chef & Meal Preparation,6,6.59
2026-08-13,Ahmedabad,srv-elder-01,Elder Assistance & Companionship,6,5.45
2026-08-13,Ahmedabad,srv-elec-01,Electrical Repair & Wiring,10,9.2
2026-08-13,Ahmedabad,srv-garden-01,Gardening & Balcony Greenery,6,4.77
2026-08-13,Ahmedabad,srv-move-01,Moving & Heavy Lifting Assistance,3,2.95
2026-08-13,Ahmedabad,srv-paint-01,Wall Painting & Waterproofing,2,2.43
2026-08-13,Ahmedabad,srv-pest-01,Organic Pest Control,6,5.83
2026-08-13,Ahmedabad,srv-plumb-01,Plumbing Repair & Leakage Fix,8,6.77
2026-08-13,Ahmedabad,srv-soc-clean-01,Society Common Area Sanitization,3,2.5
2026-08-13,Ahmedabad,srv-soc-event-01,Community Event Sound & Electrical Setup,2,1.91
2026-08-13,Ahmedabad,srv-soc-tank-01,Water Sump & Overhead Tank Cleaning,2,1.99
2026-08-13,Bengaluru,srv-ac-01,AC Deep Foam Jet Servicing,10,12.46
2026-08-13,Bengaluru,srv-carp-01,Carpentry & Furniture Assembly,9,7.54
2026-08-13,Bengaluru,srv-clean-01,Full Home Deep Cleaning,10,10.8
2026-08-13,Bengaluru,srv-cook-01,Home Chef & Meal Preparation,14,9.08
2026-08-13,Bengaluru,srv-elder-01,Elder Assistance & Companionship,8,7.24
2026-08-13,Bengaluru,srv-elec-01,Electrical Repair & Wiring,12,12.48
2026-08-13,Bengaluru,srv-garden-01,Gardening & Balcony Greenery,7,6.27
2026-08-13,Bengaluru,srv-move-01,Moving & Heavy Lifting Assistance,4,4.27
2026-08-13,Bengaluru,srv-paint-01,Wall Painting & Waterproofing,3,3.43
2026-08-13,Bengaluru,srv-pest-01,Organic Pest Control,9,8.03
2026-08-13,Bengaluru,srv-plumb-01,Plumbing Repair & Leakage Fix,11,9.94
2026-08-13,Bengaluru,srv-soc-clean-01,Society Common Area Sanitization,3,3.33
2026-08-13,Bengaluru,srv-soc-event-01,Community Event Sound & Electrical Setup,2,2.41
2026-08-13,Bengaluru,srv-soc-tank-01,Water Sump & Overhead Tank Cleaning,2,2.28
2026-08-13,Bhopal,srv-ac-01,AC Deep Foam Jet Servicing,8,7.79
2026-08-13,Bhopal,srv-carp-01,Carpentry & Furniture Assembly,5,5.14
2026-08-13,Bhopal,srv-clean-01,Full Home Deep Cleaning,8,6.71
2026-08-13,Bhopal,srv-cook-01,Home Chef & Meal Preparation,5,5.51
2026-08-13,Bhopal,srv-elder-01,Elder Assistance & Companionship,4,4.29
2026-08-13,Bhopal,srv-elec-01,Electrical Repair & Wiring,7,7.92
2026-08-13,Bhopal,srv-garden-01,Gardening & Balcony Greenery,4,4.34
2026-08-13,Bhopal,srv-move-01,Moving & Heavy Lifting Assistance,2,2.73
2026-08-13,Bhopal,srv-paint-01,Wall Painting & Waterproofing,2,2.04
2026-08-13,Bhopal,srv-pest-01,Organic Pest Control,6,4.72
2026-08-13,Bhopal,srv-plumb-01,Plumbing Repair & Leakage Fix,6,6.14
2026-08-13,Bhopal,srv-soc-clean-01,Society Common Area Sanitization,2,2.07
2026-08-13,Bhopal,srv-soc-event-01,Community Event Sound & Electrical Setup,1,1.13
2026-08-13,Bhopal,srv-soc-tank-01,Water Sump & Overhead Tank Cleaning,1,1.69
2026-08-13,Chennai,srv-ac-01,AC Deep Foam Jet Servicing,9,10.69
2026-08-13,Chennai,srv-carp-01,Carpentry & Furniture Assembly,7,8.13
2026-08-13,Chennai,srv-clean-01,Full Home Deep Cleaning,11,9.49
2026-08-13,Chennai,srv-cook-01,Home Chef & Meal Preparation,9,8.07
2026-08-13,Chennai,srv-elder-01,Elder Assistance & Companionship,5,6.1
2026-08-13,Chennai,srv-elec-01,Electrical Repair & Wiring,12,10.88
2026-08-13,Chennai,srv-garden-01,Gardening & Balcony Greenery,5,5.82
2026-08-13,Chennai,srv-move-01,Moving & Heavy Lifting Assistance,4,3.44
2026-08-13,Chennai,srv-paint-01,Wall Painting & Waterproofing,3,2.9
2026-08-13,Chennai,srv-pest-01,Organic Pest Control,6,6.96
2026-08-13,Chennai,srv-plumb-01,Plumbing Repair & Leakage Fix,8,8.63
2026-08-13,Chennai,srv-soc-clean-01,Society Common Area Sanitization,2,2.61
2026-08-13,Chennai,srv-soc-event-01,Community Event Sound & Electrical Setup,2,2.17
2026-08-13,Chennai,srv-soc-tank-01,Water Sump & Overhead Tank Cleaning,2,2.15
2026-08-13,Coimbatore,srv-ac-01,AC Deep Foam Jet Servicing,16,8.99
2026-08-13,Coimbatore,srv-carp-01,Carpentry & Furniture Assembly,6,4.86
2026-08-13,Coimbatore,srv-clean-01,Full Home Deep Cleaning,7,6.64
2026-08-13,Coimbatore,srv-cook-01,Home Chef & Meal Preparation,12,5.12
2026-08-13,Coimbatore,srv-elder-01,Elder Assistance & Companionship,5,4.24
2026-08-13,Coimbatore,srv-elec-01,Electrical Repair & Wiring,7,7.65
2026-08-13,Coimbatore,srv-garden-01,Gardening & Balcony Greenery,4,4.48
2026-08-13,Coimbatore,srv-move-01,Moving & Heavy Lifting Assistance,2,2.31
2026-08-13,Coimbatore,srv-paint-01,Wall Painting & Waterproofing,2,1.95
2026-08-13,Coimbatore,srv-pest-01,Organic Pest Control,5,4.85
2026-08-13,Coimbatore,srv-plumb-01,Plumbing Repair & Leakage Fix,5,5.91
2026-08-13,Coimbatore,srv-soc-clean-01,Society Common Area Sanitization,2,1.95
2026-08-13,Coimbatore,srv-soc-event-01,Community Event Sound & Electrical Setup,1,1.02
2026-08-13,Coimbatore,srv-soc-tank-01,Water Sump & Overhead Tank Cleaning,1,1.28
2026-08-13,Delhi NCR,srv-ac-01,AC Deep Foam Jet Servicing,13,14.1
2026-08-13,Delhi NCR,srv-carp-01,Carpentry & Furniture Assembly,8,8.83
2026-08-13,Delhi NCR,srv-clean-01,Full Home Deep Cleaning,12,12.34
2026-08-13,Delhi NCR,srv-cook-01,Home Chef & Meal Preparation,11,9.57
2026-08-13,Delhi NCR,srv-elder-01,Elder Assistance & Companionship,8,7.45
2026-08-13,Delhi NCR,srv-elec-01,Electrical Repair & Wiring,12,13.77
2026-08-13,Delhi NCR,srv-garden-01,Gardening & Balcony Greenery,7,8.22
2026-08-13,Delhi NCR,srv-move-01,Moving & Heavy Lifting Assistance,4,4.0
2026-08-13,Delhi NCR,srv-paint-01,Wall Painting & Waterproofing,4,3.69
2026-08-13,Delhi NCR,srv-pest-01,Organic Pest Control,9,8.46
2026-08-13,Delhi NCR,srv-plumb-01,Plumbing Repair & Leakage Fix,12,10.86
2026-08-13,Delhi NCR,srv-soc-clean-01,Society Common Area Sanitization,4,3.4
2026-08-13,Delhi NCR,srv-soc-event-01,Community Event Sound & Electrical Setup,2,2.08
2026-08-13,Delhi NCR,srv-soc-tank-01,Water Sump & Overhead Tank Cleaning,3,2.44
2026-08-13,Gurugram,srv-ac-01,AC Deep Foam Jet Servicing,8,10.48
2026-08-13,Gurugram,srv-carp-01,Carpentry & Furniture Assembly,13,6.54
2026-08-13,Gurugram,srv-clean-01,Full Home Deep Cleaning,9,8.5
2026-08-13,Gurugram,srv-cook-01,Home Chef & Meal Preparation,7,6.94
2026-08-13,Gurugram,srv-elder-01,Elder Assistance & Companionship,5,5.51
2026-08-13,Gurugram,srv-elec-01,Electrical Repair & Wiring,9,9.53
2026-08-13,Gurugram,srv-garden-01,Gardening & Balcony Greenery,5,5.55
2026-08-13,Gurugram,srv-move-01,Moving & Heavy Lifting Assistance,3,3.0
2026-08-13,Gurugram,srv-paint-01,Wall Painting & Waterproofing,2,2.95
2026-08-13,Gurugram,srv-pest-01,Organic Pest Control,6,6.69
2026-08-13,Gurugram,srv-plumb-01,Plumbing Repair & Leakage Fix,7,7.92
2026-08-13,Gurugram,srv-soc-clean-01,Society Common Area Sanitization,3,2.31
2026-08-13,Gurugram,srv-soc-event-01,Community Event Sound & Electrical Setup,2,1.71
2026-08-13,Gurugram,srv-soc-tank-01,Water Sump & Overhead Tank Cleaning,2,2.04
2026-08-13,Hyderabad,srv-ac-01,AC Deep Foam Jet Servicing,10,12.48
2026-08-13,Hyderabad,srv-carp-01,Carpentry & Furniture Assembly,8,6.82
2026-08-13,Hyderabad,srv-clean-01,Full Home Deep Cleaning,9,9.07
2026-08-13,Hyderabad,srv-cook-01,Home Chef & Meal Preparation,8,8.68
2026-08-13,Hyderabad,srv-elder-01,Elder Assistance & Companionship,5,6.07
2026-08-13,Hyderabad,srv-elec-01,Electrical Repair & Wiring,12,10.37
2026-08-13,Hyderabad,srv-garden-01,Gardening & Balcony Greenery,7,5.96
2026-08-13,Hyderabad,srv-move-01,Moving & Heavy Lifting Assistance,4,3.73
2026-08-13,Hyderabad,srv-paint-01,Wall Painting & Waterproofing,3,2.99
2026-08-13,Hyderabad,srv-pest-01,Organic Pest Control,6,7.6
2026-08-13,Hyderabad,srv-plumb-01,Plumbing Repair & Leakage Fix,9,7.85
2026-08-13,Hyderabad,srv-soc-clean-01,Society Common Area Sanitization,3,2.61
2026-08-13,Hyderabad,srv-soc-event-01,Community Event Sound & Electrical Setup,2,2.03
2026-08-13,Hyderabad,srv-soc-tank-01,Water Sump & Overhead Tank Cleaning,2,2.1
2026-08-13,Indore,srv-ac-01,AC Deep Foam Jet Servicing,7,9.26
2026-08-13,Indore,srv-carp-01,Carpentry & Furniture Assembly,5,5.54
2026-08-13,Indore,srv-clean-01,Full Home Deep Cleaning,6,7.27
2026-08-13,Indore,srv-cook-01,Home Chef & Meal Preparation,6,6.17
2026-08-13,Indore,srv-elder-01,Elder Assistance & Companionship,4,4.8
2026-08-13,Indore,srv-elec-01,Electrical Repair & Wiring,7,8.51
2026-08-13,Indore,srv-garden-01,Gardening & Balcony Greenery,5,4.5
2026-08-13,Indore,srv-move-01,Moving & Heavy Lifting Assistance,3,2.9
2026-08-13,Indore,srv-paint-01,Wall Painting & Waterproofing,2,2.16
2026-08-13,Indore,srv-pest-01,Organic Pest Control,6,5.48
2026-08-13,Indore,srv-plumb-01,Plumbing Repair & Leakage Fix,6,6.94
2026-08-13,Indore,srv-soc-clean-01,Society Common Area Sanitization,3,2.03
2026-08-13,Indore,srv-soc-event-01,Community Event Sound & Electrical Setup,2,1.49
2026-08-13,Indore,srv-soc-tank-01,Water Sump & Overhead Tank Cleaning,2,1.64
2026-08-13,Jaipur,srv-ac-01,AC Deep Foam Jet Servicing,9,8.54
2026-08-13,Jaipur,srv-carp-01,Carpentry & Furniture Assembly,6,5.65
2026-08-13,Jaipur,srv-clean-01,Full Home Deep Cleaning,7,7.46
2026-08-13,Jaipur,srv-cook-01,Home Chef & Meal Preparation,7,6.14
2026-08-13,Jaipur,srv-elder-01,Elder Assistance & Companionship,4,4.87
2026-08-13,Jaipur,srv-elec-01,Electrical Repair & Wiring,9,8.03
2026-08-13,Jaipur,srv-garden-01,Gardening & Balcony Greenery,5,4.82
2026-08-13,Jaipur,srv-move-01,Moving & Heavy Lifting Assistance,2,2.7
2026-08-13,Jaipur,srv-paint-01,Wall Painting & Waterproofing,2,2.26
2026-08-13,Jaipur,srv-pest-01,Organic Pest Control,5,5.5
2026-08-13,Jaipur,srv-plumb-01,Plumbing Repair & Leakage Fix,6,6.87
2026-08-13,Jaipur,srv-soc-clean-01,Society Common Area Sanitization,2,2.22
2026-08-13,Jaipur,srv-soc-event-01,Community Event Sound & Electrical Setup,2,1.54
2026-08-13,Jaipur,srv-soc-tank-01,Water Sump & Overhead Tank Cleaning,2,1.82
2026-08-13,Kochi,srv-ac-01,AC Deep Foam Jet Servicing,8,8.92
2026-08-13,Kochi,srv-carp-01,Carpentry & Furniture Assembly,6,5.13
2026-08-13,Kochi,srv-clean-01,Full Home Deep Cleaning,7,7.95
2026-08-13,Kochi,srv-cook-01,Home Chef & Meal Preparation,5,6.11
2026-08-13,Kochi,srv-elder-01,Elder Assistance & Companionship,6,4.43
2026-08-13,Kochi,srv-elec-01,Electrical Repair & Wiring,7,8.64
2026-08-13,Kochi,srv-garden-01,Gardening & Balcony Greenery,4,4.37
2026-08-13,Kochi,srv-move-01,Moving & Heavy Lifting Assistance,3,2.63
2026-08-13,Kochi,srv-paint-01,Wall Painting & Waterproofing,2,2.04
2026-08-13,Kochi,srv-pest-01,Organic Pest Control,6,5.35
2026-08-13,Kochi,srv-plumb-01,Plumbing Repair & Leakage Fix,6,6.35
2026-08-13,Kochi,srv-soc-clean-01,Society Common Area Sanitization,2,2.07
2026-08-13,Kochi,srv-soc-event-01,Community Event Sound & Electrical Setup,2,1.14
2026-08-13,Kochi,srv-soc-tank-01,Water Sump & Overhead Tank Cleaning,2,1.55
2026-08-13,Kolkata,srv-ac-01,AC Deep Foam Jet Servicing,12,11.16
2026-08-13,Kolkata,srv-carp-01,Carpentry & Furniture Assembly,7,8.22
2026-08-13,Kolkata,srv-clean-01,Full Home Deep Cleaning,16,10.04
2026-08-13,Kolkata,srv-cook-01,Home Chef & Meal Preparation,8,8.57
2026-08-13,Kolkata,srv-elder-01,Elder Assistance & Companionship,6,6.92
2026-08-13,Kolkata,srv-elec-01,Electrical Repair & Wiring,11,11.54
2026-08-13,Kolkata,srv-garden-01,Gardening & Balcony Greenery,8,6.65
2026-08-13,Kolkata,srv-move-01,Moving & Heavy Lifting Assistance,4,4.23
2026-08-13,Kolkata,srv-paint-01,Wall Painting & Waterproofing,4,3.28
2026-08-13,Kolkata,srv-pest-01,Organic Pest Control,7,8.59
2026-08-13,Kolkata,srv-plumb-01,Plumbing Repair & Leakage Fix,10,9.55
2026-08-13,Kolkata,srv-soc-clean-01,Society Common Area Sanitization,3,3.26
2026-08-13,Kolkata,srv-soc-event-01,Community Event Sound & Electrical Setup,2,2.11
2026-08-13,Kolkata,srv-soc-tank-01,Water Sump & Overhead Tank Cleaning,2,2.18
2026-08-13,Lucknow,srv-ac-01,AC Deep Foam Jet Servicing,8,8.26
2026-08-13,Lucknow,srv-carp-01,Carpentry & Furniture Assembly,6,5.78
2026-08-13,Lucknow,srv-clean-01,Full Home Deep Cleaning,7,8.91
2026-08-13,Lucknow,srv-cook-01,Home Chef & Meal Preparation,6,6.62
2026-08-13,Lucknow,srv-elder-01,Elder Assistance & Companionship,5,4.83
2026-08-13,Lucknow,srv-elec-01,Electrical Repair & Wiring,10,8.98
2026-08-13,Lucknow,srv-garden-01,Gardening & Balcony Greenery,5,4.91
2026-08-13,Lucknow,srv-move-01,Moving & Heavy Lifting Assistance,3,3.18
2026-08-13,Lucknow,srv-paint-01,Wall Painting & Waterproofing,3,2.39
2026-08-13,Lucknow,srv-pest-01,Organic Pest Control,5,5.94
2026-08-13,Lucknow,srv-plumb-01,Plumbing Repair & Leakage Fix,8,7.77
2026-08-13,Lucknow,srv-soc-clean-01,Society Common Area Sanitization,2,2.16
2026-08-13,Lucknow,srv-soc-event-01,Community Event Sound & Electrical Setup,2,1.65
2026-08-13,Lucknow,srv-soc-tank-01,Water Sump & Overhead Tank Cleaning,2,1.94
2026-08-13,Mumbai,srv-ac-01,AC Deep Foam Jet Servicing,11,13.8
2026-08-13,Mumbai,srv-carp-01,Carpentry & Furniture Assembly,8,9.17
2026-08-13,Mumbai,srv-clean-01,Full Home Deep Cleaning,13,12.01
2026-08-13,Mumbai,srv-cook-01,Home Chef & Meal Preparation,12,9.93
2026-08-13,Mumbai,srv-elder-01,Elder Assistance & Companionship,9,7.94
2026-08-13,Mumbai,srv-elec-01,Electrical Repair & Wiring,14,13.49
2026-08-13,Mumbai,srv-garden-01,Gardening & Balcony Greenery,9,7.29
2026-08-13,Mumbai,srv-move-01,Moving & Heavy Lifting Assistance,5,4.51
2026-08-13,Mumbai,srv-paint-01,Wall Painting & Waterproofing,3,3.52
2026-08-13,Mumbai,srv-pest-01,Organic Pest Control,12,8.4
2026-08-13,Mumbai,srv-plumb-01,Plumbing Repair & Leakage Fix,10,10.69
2026-08-13,Mumbai,srv-soc-clean-01,Society Common Area Sanitization,4,3.89
2026-08-13,Mumbai,srv-soc-event-01,Community Event Sound & Electrical Setup,2,2.13
2026-08-13,Mumbai,srv-soc-tank-01,Water Sump & Overhead Tank Cleaning,3,2.35
2026-08-13,Nagpur,srv-ac-01,AC Deep Foam Jet Servicing,7,8.18
2026-08-13,Nagpur,srv-carp-01,Carpentry & Furniture Assembly,6,5.51
2026-08-13,Nagpur,srv-clean-01,Full Home Deep Cleaning,11,6.89
2026-08-13,Nagpur,srv-cook-01,Home Chef & Meal Preparation,5,5.97
2026-08-13,Nagpur,srv-elder-01,Elder Assistance & Companionship,6,4.43
2026-08-13,Nagpur,srv-elec-01,Electrical Repair & Wiring,9,7.7
2026-08-13,Nagpur,srv-garden-01,Gardening & Balcony Greenery,5,4.34
2026-08-13,Nagpur,srv-move-01,Moving & Heavy Lifting Assistance,3,2.66
2026-08-13,Nagpur,srv-paint-01,Wall Painting & Waterproofing,2,2.02
2026-08-13,Nagpur,srv-pest-01,Organic Pest Control,5,5.23
2026-08-13,Nagpur,srv-plumb-01,Plumbing Repair & Leakage Fix,7,6.15
2026-08-13,Nagpur,srv-soc-clean-01,Society Common Area Sanitization,2,2.05
2026-08-13,Nagpur,srv-soc-event-01,Community Event Sound & Electrical Setup,2,1.46
2026-08-13,Nagpur,srv-soc-tank-01,Water Sump & Overhead Tank Cleaning,1,1.8
2026-08-13,Patna,srv-ac-01,AC Deep Foam Jet Servicing,7,8.5
2026-08-13,Patna,srv-carp-01,Carpentry & Furniture Assembly,5,4.95
2026-08-13,Patna,srv-clean-01,Full Home Deep Cleaning,8,7.26
2026-08-13,Patna,srv-cook-01,Home Chef & Meal Preparation,6,5.43
2026-08-13,Patna,srv-elder-01,Elder Assistance & Companionship,4,4.36
2026-08-13,Patna,srv-elec-01,Electrical Repair & Wiring,10,8.06
2026-08-13,Patna,srv-garden-01,Gardening & Balcony Greenery,5,4.29
2026-08-13,Patna,srv-move-01,Moving & Heavy Lifting Assistance,2,2.44
2026-08-13,Patna,srv-paint-01,Wall Painting & Waterproofing,2,1.97
2026-08-13,Patna,srv-pest-01,Organic Pest Control,5,4.8
2026-08-13,Patna,srv-plumb-01,Plumbing Repair & Leakage Fix,7,5.9
2026-08-13,Patna,srv-soc-clean-01,Society Common Area Sanitization,2,1.95
2026-08-13,Patna,srv-soc-event-01,Community Event Sound & Electrical Setup,2,1.04
2026-08-13,Patna,srv-soc-tank-01,Water Sump & Overhead Tank Cleaning,2,1.66
2026-08-13,Pune,srv-ac-01,AC Deep Foam Jet Servicing,9,9.67
2026-08-13,Pune,srv-carp-01,Carpentry & Furniture Assembly,7,6.61
2026-08-13,Pune,srv-clean-01,Full Home Deep Cleaning,9,8.57
2026-08-13,Pune,srv-cook-01,Home Chef & Meal Preparation,8,7.05
2026-08-13,Pune,srv-elder-01,Elder Assistance & Companionship,6,5.5
2026-08-13,Pune,srv-elec-01,Electrical Repair & Wiring,11,9.85
2026-08-13,Pune,srv-garden-01,Gardening & Balcony Greenery,5,5.64
2026-08-13,Pune,srv-move-01,Moving & Heavy Lifting Assistance,3,3.12
2026-08-13,Pune,srv-paint-01,Wall Painting & Waterproofing,3,2.69
2026-08-13,Pune,srv-pest-01,Organic Pest Control,11,6.57
2026-08-13,Pune,srv-plumb-01,Plumbing Repair & Leakage Fix,7,7.81
2026-08-13,Pune,srv-soc-clean-01,Society Common Area Sanitization,3,2.5
2026-08-13,Pune,srv-soc-event-01,Community Event Sound & Electrical Setup,2,1.99
2026-08-13,Pune,srv-soc-tank-01,Water Sump & Overhead Tank Cleaning,2,2.0
2026-08-13,Surat,srv-ac-01,AC Deep Foam Jet Servicing,7,8.31
2026-08-13,Surat,srv-carp-01,Carpentry & Furniture Assembly,5,5.46
2026-08-13,Surat,srv-clean-01,Full Home Deep Cleaning,7,7.36
2026-08-13,Surat,srv-cook-01,Home Chef & Meal Preparation,5,5.84
2026-08-13,Surat,srv-elder-01,Elder Assistance & Companionship,5,4.61
2026-08-13,Surat,srv-elec-01,Electrical Repair & Wiring,8,8.8
2026-08-13,Surat,srv-garden-01,Gardening & Balcony Greenery,9,4.44
2026-08-13,Surat,srv-move-01,Moving & Heavy Lifting Assistance,2,2.62
2026-08-13,Surat,srv-paint-01,Wall Painting & Waterproofing,2,2.01
2026-08-13,Surat,srv-pest-01,Organic Pest Control,5,5.2
2026-08-13,Surat,srv-plumb-01,Plumbing Repair & Leakage Fix,9,7.03
2026-08-13,Surat,srv-soc-clean-01,Society Common Area Sanitization,2,2.0
2026-08-13,Surat,srv-soc-event-01,Community Event Sound & Electrical Setup,2,1.28
2026-08-13,Surat,srv-soc-tank-01,Water Sump & Overhead Tank Cleaning,2,1.46
2026-08-13,Vadodara,srv-ac-01,AC Deep Foam Jet Servicing,8,8.43
2026-08-13,Vadodara,srv-carp-01,Carpentry & Furniture Assembly,5,4.99
2026-08-13,Vadodara,srv-clean-01,Full Home Deep Cleaning,6,6.29
2026-08-13,Vadodara,srv-cook-01,Home Chef & Meal Preparation,6,5.56
2026-08-13,Vadodara,srv-elder-01,Elder Assistance & Companionship,4,4.38
2026-08-13,Vadodara,srv-elec-01,Electrical Repair & Wiring,7,7.4
2026-08-13,Vadodara,srv-garden-01,Gardening & Balcony Greenery,4,3.98
2026-08-13,Vadodara,srv-move-01,Moving & Heavy Lifting Assistance,2,2.48
2026-08-13,Vadodara,srv-paint-01,Wall Painting & Waterproofing,2,1.98
2026-08-13,Vadodara,srv-pest-01,Organic Pest Control,5,4.63
2026-08-13,Vadodara,srv-plumb-01,Plumbing Repair & Leakage Fix,6,6.25
2026-08-13,Vadodara,srv-soc-clean-01,Society Common Area Sanitization,2,1.99
2026-08-13,Vadodara,srv-soc-event-01,Community Event Sound & Electrical Setup,1,1.07
2026-08-13,Vadodara,srv-soc-tank-01,Water Sump & Overhead Tank Cleaning,1,1.7
2026-08-13,Visakhapatnam,srv-ac-01,AC Deep Foam Jet Servicing,7,7.18
2026-08-13,Visakhapatnam,srv-carp-01,Carpentry & Furniture Assembly,6,4.77
2026-08-13,Visakhapatnam,srv-clean-01,Full Home Deep Cleaning,7,6.71
2026-08-13,Visakhapatnam,srv-cook-01,Home Chef & Meal Preparation,6,5.38
2026-08-13,Visakhapatnam,srv-elder-01,Elder Assistance & Companionship,4,4.3
2026-08-13,Visakhapatnam,srv-elec-01,Electrical Repair & Wiring,8,7.22
2026-08-13,Visakhapatnam,srv-garden-01,Gardening & Balcony Greenery,5,3.96
2026-08-13,Visakhapatnam,srv-move-01,Moving & Heavy Lifting Assistance,2,2.35
2026-08-13,Visakhapatnam,srv-paint-01,Wall Painting & Waterproofing,2,2.02
2026-08-13,Visakhapatnam,srv-pest-01,Organic Pest Control,5,5.04
2026-08-13,Visakhapatnam,srv-plumb-01,Plumbing Repair & Leakage Fix,6,5.82
2026-08-13,Visakhapatnam,srv-soc-clean-01,Society Common Area Sanitization,2,2.04
2026-08-13,Visakhapatnam,srv-soc-event-01,Community Event Sound & Electrical Setup,1,1.08
2026-08-13,Visakhapatnam,srv-soc-tank-01,Water Sump & Overhead Tank Cleaning,1,1.63
2026-08-14,Ahmedabad,srv-ac-01,AC Deep Foam Jet Servicing,9,9.61
2026-08-14,Ahmedabad,srv-carp-01,Carpentry & Furniture Assembly,6,6.21
2026-08-14,Ahmedabad,srv-clean-01,Full Home Deep Cleaning,9,8.03
2026-08-14,Ahmedabad,srv-cook-01,Home Chef & Meal Preparation,6,6.67
2026-08-14,Ahmedabad,srv-elder-01,Elder Assistance & Companionship,5,5.14
2026-08-14,Ahmedabad,srv-elec-01,Electrical Repair & Wiring,10,9.19
2026-08-14,Ahmedabad,srv-garden-01,Gardening & Balcony Greenery,6,4.81
2026-08-14,Ahmedabad,srv-move-01,Moving & Heavy Lifting Assistance,3,2.99
2026-08-14,Ahmedabad,srv-paint-01,Wall Painting & Waterproofing,2,2.55
2026-08-14,Ahmedabad,srv-pest-01,Organic Pest Control,6,5.83
2026-08-14,Ahmedabad,srv-plumb-01,Plumbing Repair & Leakage Fix,8,6.99
2026-08-14,Ahmedabad,srv-soc-clean-01,Society Common Area Sanitization,3,2.62
2026-08-14,Ahmedabad,srv-soc-event-01,Community Event Sound & Electrical Setup,2,1.97
2026-08-14,Ahmedabad,srv-soc-tank-01,Water Sump & Overhead Tank Cleaning,2,2.03
2026-08-14,Bengaluru,srv-ac-01,AC Deep Foam Jet Servicing,12,11.96
2026-08-14,Bengaluru,srv-carp-01,Carpentry & Furniture Assembly,7,8.69
2026-08-14,Bengaluru,srv-clean-01,Full Home Deep Cleaning,10,10.74
2026-08-14,Bengaluru,srv-cook-01,Home Chef & Meal Preparation,9,8.68
2026-08-14,Bengaluru,srv-elder-01,Elder Assistance & Companionship,7,7.2
2026-08-14,Bengaluru,srv-elec-01,Electrical Repair & Wiring,12,11.9
2026-08-14,Bengaluru,srv-garden-01,Gardening & Balcony Greenery,6,6.57
2026-08-14,Bengaluru,srv-move-01,Moving & Heavy Lifting Assistance,4,4.39
2026-08-14,Bengaluru,srv-paint-01,Wall Painting & Waterproofing,3,3.33
2026-08-14,Bengaluru,srv-pest-01,Organic Pest Control,9,7.87
2026-08-14,Bengaluru,srv-plumb-01,Plumbing Repair & Leakage Fix,11,10.53
2026-08-14,Bengaluru,srv-soc-clean-01,Society Common Area Sanitization,3,3.34
2026-08-14,Bengaluru,srv-soc-event-01,Community Event Sound & Electrical Setup,2,2.23
2026-08-14,Bengaluru,srv-soc-tank-01,Water Sump & Overhead Tank Cleaning,3,2.33
2026-08-14,Bhopal,srv-ac-01,AC Deep Foam Jet Servicing,8,7.65
2026-08-14,Bhopal,srv-carp-01,Carpentry & Furniture Assembly,5,5.05
2026-08-14,Bhopal,srv-clean-01,Full Home Deep Cleaning,7,6.72
2026-08-14,Bhopal,srv-cook-01,Home Chef & Meal Preparation,6,5.92
2026-08-14,Bhopal,srv-elder-01,Elder Assistance & Companionship,4,4.22
2026-08-14,Bhopal,srv-elec-01,Electrical Repair & Wiring,7,7.42
2026-08-14,Bhopal,srv-garden-01,Gardening & Balcony Greenery,5,4.04
2026-08-14,Bhopal,srv-move-01,Moving & Heavy Lifting Assistance,3,2.2
2026-08-14,Bhopal,srv-paint-01,Wall Painting & Waterproofing,2,1.99
2026-08-14,Bhopal,srv-pest-01,Organic Pest Control,5,4.85
2026-08-14,Bhopal,srv-plumb-01,Plumbing Repair & Leakage Fix,7,6.03
2026-08-14,Bhopal,srv-soc-clean-01,Society Common Area Sanitization,2,2.02
2026-08-14,Bhopal,srv-soc-event-01,Community Event Sound & Electrical Setup,1,1.08
2026-08-14,Bhopal,srv-soc-tank-01,Water Sump & Overhead Tank Cleaning,2,1.49
2026-08-14,Chennai,srv-ac-01,AC Deep Foam Jet Servicing,8,9.64
2026-08-14,Chennai,srv-carp-01,Carpentry & Furniture Assembly,6,7.16
2026-08-14,Chennai,srv-clean-01,Full Home Deep Cleaning,9,9.78
2026-08-14,Chennai,srv-cook-01,Home Chef & Meal Preparation,7,7.78
2026-08-14,Chennai,srv-elder-01,Elder Assistance & Companionship,5,6.32
2026-08-14,Chennai,srv-elec-01,Electrical Repair & Wiring,9,10.51
2026-08-14,Chennai,srv-garden-01,Gardening & Balcony Greenery,6,5.93
2026-08-14,Chennai,srv-move-01,Moving & Heavy Lifting Assistance,4,3.55
2026-08-14,Chennai,srv-paint-01,Wall Painting & Waterproofing,3,2.99
2026-08-14,Chennai,srv-pest-01,Organic Pest Control,8,6.8
2026-08-14,Chennai,srv-plumb-01,Plumbing Repair & Leakage Fix,7,9.14
2026-08-14,Chennai,srv-soc-clean-01,Society Common Area Sanitization,2,2.61
2026-08-14,Chennai,srv-soc-event-01,Community Event Sound & Electrical Setup,2,2.09
2026-08-14,Chennai,srv-soc-tank-01,Water Sump & Overhead Tank Cleaning,2,2.15
2026-08-14,Coimbatore,srv-ac-01,AC Deep Foam Jet Servicing,7,7.33
2026-08-14,Coimbatore,srv-carp-01,Carpentry & Furniture Assembly,5,5.58
2026-08-14,Coimbatore,srv-clean-01,Full Home Deep Cleaning,6,6.6
2026-08-14,Coimbatore,srv-cook-01,Home Chef & Meal Preparation,5,5.52
2026-08-14,Coimbatore,srv-elder-01,Elder Assistance & Companionship,4,4.38
2026-08-14,Coimbatore,srv-elec-01,Electrical Repair & Wiring,8,7.43
2026-08-14,Coimbatore,srv-garden-01,Gardening & Balcony Greenery,4,4.3
2026-08-14,Coimbatore,srv-move-01,Moving & Heavy Lifting Assistance,2,2.26
2026-08-14,Coimbatore,srv-paint-01,Wall Painting & Waterproofing,2,1.97
2026-08-14,Coimbatore,srv-pest-01,Organic Pest Control,5,4.79
2026-08-14,Coimbatore,srv-plumb-01,Plumbing Repair & Leakage Fix,7,5.68
2026-08-14,Coimbatore,srv-soc-clean-01,Society Common Area Sanitization,2,1.96
2026-08-14,Coimbatore,srv-soc-event-01,Community Event Sound & Electrical Setup,1,1.03
2026-08-14,Coimbatore,srv-soc-tank-01,Water Sump & Overhead Tank Cleaning,2,1.28
2026-08-14,Delhi NCR,srv-ac-01,AC Deep Foam Jet Servicing,11,13.72
2026-08-14,Delhi NCR,srv-carp-01,Carpentry & Furniture Assembly,10,9.24
2026-08-14,Delhi NCR,srv-clean-01,Full Home Deep Cleaning,12,12.71
2026-08-14,Delhi NCR,srv-cook-01,Home Chef & Meal Preparation,8,9.55
2026-08-14,Delhi NCR,srv-elder-01,Elder Assistance & Companionship,7,7.67
2026-08-14,Delhi NCR,srv-elec-01,Electrical Repair & Wiring,12,12.56
2026-08-14,Delhi NCR,srv-garden-01,Gardening & Balcony Greenery,8,6.88
2026-08-14,Delhi NCR,srv-move-01,Moving & Heavy Lifting Assistance,4,4.05
2026-08-14,Delhi NCR,srv-paint-01,Wall Painting & Waterproofing,3,3.6
2026-08-14,Delhi NCR,srv-pest-01,Organic Pest Control,8,8.64
2026-08-14,Delhi NCR,srv-plumb-01,Plumbing Repair & Leakage Fix,10,10.6
2026-08-14,Delhi NCR,srv-soc-clean-01,Society Common Area Sanitization,4,3.74
2026-08-14,Delhi NCR,srv-soc-event-01,Community Event Sound & Electrical Setup,2,2.1
2026-08-14,Delhi NCR,srv-soc-tank-01,Water Sump & Overhead Tank Cleaning,2,2.68
2026-08-14,Gurugram,srv-ac-01,AC Deep Foam Jet Servicing,13,9.42
2026-08-14,Gurugram,srv-carp-01,Carpentry & Furniture Assembly,6,7.99
2026-08-14,Gurugram,srv-clean-01,Full Home Deep Cleaning,9,8.18
2026-08-14,Gurugram,srv-cook-01,Home Chef & Meal Preparation,7,6.85
2026-08-14,Gurugram,srv-elder-01,Elder Assistance & Companionship,5,5.54
2026-08-14,Gurugram,srv-elec-01,Electrical Repair & Wiring,9,9.28
2026-08-14,Gurugram,srv-garden-01,Gardening & Balcony Greenery,5,5.88
2026-08-14,Gurugram,srv-move-01,Moving & Heavy Lifting Assistance,3,2.96
2026-08-14,Gurugram,srv-paint-01,Wall Painting & Waterproofing,3,2.51
2026-08-14,Gurugram,srv-pest-01,Organic Pest Control,6,6.04
2026-08-14,Gurugram,srv-plumb-01,Plumbing Repair & Leakage Fix,8,7.78
2026-08-14,Gurugram,srv-soc-clean-01,Society Common Area Sanitization,3,2.3
2026-08-14,Gurugram,srv-soc-event-01,Community Event Sound & Electrical Setup,2,1.82
2026-08-14,Gurugram,srv-soc-tank-01,Water Sump & Overhead Tank Cleaning,2,2.03
2026-08-14,Hyderabad,srv-ac-01,AC Deep Foam Jet Servicing,10,11.55
2026-08-14,Hyderabad,srv-carp-01,Carpentry & Furniture Assembly,8,7.16
2026-08-14,Hyderabad,srv-clean-01,Full Home Deep Cleaning,10,9.03
2026-08-14,Hyderabad,srv-cook-01,Home Chef & Meal Preparation,8,8.19
2026-08-14,Hyderabad,srv-elder-01,Elder Assistance & Companionship,6,5.94
2026-08-14,Hyderabad,srv-elec-01,Electrical Repair & Wiring,10,11.11
2026-08-14,Hyderabad,srv-garden-01,Gardening & Balcony Greenery,7,5.83
2026-08-14,Hyderabad,srv-move-01,Moving & Heavy Lifting Assistance,4,3.49
2026-08-14,Hyderabad,srv-paint-01,Wall Painting & Waterproofing,3,3.03
2026-08-14,Hyderabad,srv-pest-01,Organic Pest Control,7,7.46
2026-08-14,Hyderabad,srv-plumb-01,Plumbing Repair & Leakage Fix,8,7.88
2026-08-14,Hyderabad,srv-soc-clean-01,Society Common Area Sanitization,3,2.77
2026-08-14,Hyderabad,srv-soc-event-01,Community Event Sound & Electrical Setup,2,2.01
2026-08-14,Hyderabad,srv-soc-tank-01,Water Sump & Overhead Tank Cleaning,2,2.07
2026-08-14,Indore,srv-ac-01,AC Deep Foam Jet Servicing,7,8.68
2026-08-14,Indore,srv-carp-01,Carpentry & Furniture Assembly,5,5.59
2026-08-14,Indore,srv-clean-01,Full Home Deep Cleaning,8,7.16
2026-08-14,Indore,srv-cook-01,Home Chef & Meal Preparation,6,6.18
2026-08-14,Indore,srv-elder-01,Elder Assistance & Companionship,4,4.59
2026-08-14,Indore,srv-elec-01,Electrical Repair & Wiring,8,7.79
2026-08-14,Indore,srv-garden-01,Gardening & Balcony Greenery,5,4.56
2026-08-14,Indore,srv-move-01,Moving & Heavy Lifting Assistance,3,2.85
2026-08-14,Indore,srv-paint-01,Wall Painting & Waterproofing,2,2.19
2026-08-14,Indore,srv-pest-01,Organic Pest Control,6,5.53
2026-08-14,Indore,srv-plumb-01,Plumbing Repair & Leakage Fix,7,6.54
2026-08-14,Indore,srv-soc-clean-01,Society Common Area Sanitization,2,2.07
2026-08-14,Indore,srv-soc-event-01,Community Event Sound & Electrical Setup,2,1.64
2026-08-14,Indore,srv-soc-tank-01,Water Sump & Overhead Tank Cleaning,2,1.57
2026-08-14,Jaipur,srv-ac-01,AC Deep Foam Jet Servicing,8,8.4
2026-08-14,Jaipur,srv-carp-01,Carpentry & Furniture Assembly,5,5.57
2026-08-14,Jaipur,srv-clean-01,Full Home Deep Cleaning,8,7.59
2026-08-14,Jaipur,srv-cook-01,Home Chef & Meal Preparation,5,6.05
2026-08-14,Jaipur,srv-elder-01,Elder Assistance & Companionship,4,4.95
2026-08-14,Jaipur,srv-elec-01,Electrical Repair & Wiring,9,7.65
2026-08-14,Jaipur,srv-garden-01,Gardening & Balcony Greenery,5,4.88
2026-08-14,Jaipur,srv-move-01,Moving & Heavy Lifting Assistance,3,2.58
2026-08-14,Jaipur,srv-paint-01,Wall Painting & Waterproofing,3,2.25
2026-08-14,Jaipur,srv-pest-01,Organic Pest Control,6,5.35
2026-08-14,Jaipur,srv-plumb-01,Plumbing Repair & Leakage Fix,7,6.65
2026-08-14,Jaipur,srv-soc-clean-01,Society Common Area Sanitization,2,2.2
2026-08-14,Jaipur,srv-soc-event-01,Community Event Sound & Electrical Setup,1,1.57
2026-08-14,Jaipur,srv-soc-tank-01,Water Sump & Overhead Tank Cleaning,2,1.92
2026-08-14,Kochi,srv-ac-01,AC Deep Foam Jet Servicing,7,8.51
2026-08-14,Kochi,srv-carp-01,Carpentry & Furniture Assembly,5,5.28
2026-08-14,Kochi,srv-clean-01,Full Home Deep Cleaning,8,7.71
2026-08-14,Kochi,srv-cook-01,Home Chef & Meal Preparation,6,5.82
2026-08-14,Kochi,srv-elder-01,Elder Assistance & Companionship,4,4.52
2026-08-14,Kochi,srv-elec-01,Electrical Repair & Wiring,7,8.62
2026-08-14,Kochi,srv-garden-01,Gardening & Balcony Greenery,5,4.36
2026-08-14,Kochi,srv-move-01,Moving & Heavy Lifting Assistance,2,2.81
2026-08-14,Kochi,srv-paint-01,Wall Painting & Waterproofing,2,2.06
2026-08-14,Kochi,srv-pest-01,Organic Pest Control,6,5.35
2026-08-14,Kochi,srv-plumb-01,Plumbing Repair & Leakage Fix,7,6.27
2026-08-14,Kochi,srv-soc-clean-01,Society Common Area Sanitization,2,2.14
2026-08-14,Kochi,srv-soc-event-01,Community Event Sound & Electrical Setup,1,1.26
2026-08-14,Kochi,srv-soc-tank-01,Water Sump & Overhead Tank Cleaning,2,1.57
2026-08-14,Kolkata,srv-ac-01,AC Deep Foam Jet Servicing,9,10.53
2026-08-14,Kolkata,srv-carp-01,Carpentry & Furniture Assembly,8,7.95
2026-08-14,Kolkata,srv-clean-01,Full Home Deep Cleaning,11,8.91
2026-08-14,Kolkata,srv-cook-01,Home Chef & Meal Preparation,8,8.73
2026-08-14,Kolkata,srv-elder-01,Elder Assistance & Companionship,6,6.23
2026-08-14,Kolkata,srv-elec-01,Electrical Repair & Wiring,10,10.74
2026-08-14,Kolkata,srv-garden-01,Gardening & Balcony Greenery,5,6.18
2026-08-14,Kolkata,srv-move-01,Moving & Heavy Lifting Assistance,4,3.94
2026-08-14,Kolkata,srv-paint-01,Wall Painting & Waterproofing,3,3.16
2026-08-14,Kolkata,srv-pest-01,Organic Pest Control,8,7.45
2026-08-14,Kolkata,srv-plumb-01,Plumbing Repair & Leakage Fix,8,8.74
2026-08-14,Kolkata,srv-soc-clean-01,Society Common Area Sanitization,3,3.18
2026-08-14,Kolkata,srv-soc-event-01,Community Event Sound & Electrical Setup,2,2.04
2026-08-14,Kolkata,srv-soc-tank-01,Water Sump & Overhead Tank Cleaning,2,2.11
2026-08-14,Lucknow,srv-ac-01,AC Deep Foam Jet Servicing,9,8.83
2026-08-14,Lucknow,srv-carp-01,Carpentry & Furniture Assembly,8,5.89
2026-08-14,Lucknow,srv-clean-01,Full Home Deep Cleaning,8,7.71
2026-08-14,Lucknow,srv-cook-01,Home Chef & Meal Preparation,7,6.6
2026-08-14,Lucknow,srv-elder-01,Elder Assistance & Companionship,5,5.15
2026-08-14,Lucknow,srv-elec-01,Electrical Repair & Wiring,9,8.91
2026-08-14,Lucknow,srv-garden-01,Gardening & Balcony Greenery,5,4.79
2026-08-14,Lucknow,srv-move-01,Moving & Heavy Lifting Assistance,3,3.15
2026-08-14,Lucknow,srv-paint-01,Wall Painting & Waterproofing,3,2.43
2026-08-14,Lucknow,srv-pest-01,Organic Pest Control,6,5.81
2026-08-14,Lucknow,srv-plumb-01,Plumbing Repair & Leakage Fix,7,7.82
2026-08-14,Lucknow,srv-soc-clean-01,Society Common Area Sanitization,2,2.15
2026-08-14,Lucknow,srv-soc-event-01,Community Event Sound & Electrical Setup,2,1.69
2026-08-14,Lucknow,srv-soc-tank-01,Water Sump & Overhead Tank Cleaning,2,1.94
2026-08-14,Mumbai,srv-ac-01,AC Deep Foam Jet Servicing,11,13.45
2026-08-14,Mumbai,srv-carp-01,Carpentry & Furniture Assembly,10,9.21
2026-08-14,Mumbai,srv-clean-01,Full Home Deep Cleaning,15,11.58
2026-08-14,Mumbai,srv-cook-01,Home Chef & Meal Preparation,10,9.53
2026-08-14,Mumbai,srv-elder-01,Elder Assistance & Companionship,9,7.59
2026-08-14,Mumbai,srv-elec-01,Electrical Repair & Wiring,14,12.94
2026-08-14,Mumbai,srv-garden-01,Gardening & Balcony Greenery,8,8.13
2026-08-14,Mumbai,srv-move-01,Moving & Heavy Lifting Assistance,4,4.76
2026-08-14,Mumbai,srv-paint-01,Wall Painting & Waterproofing,4,3.39
2026-08-14,Mumbai,srv-pest-01,Organic Pest Control,8,8.98
2026-08-14,Mumbai,srv-plumb-01,Plumbing Repair & Leakage Fix,10,10.53
2026-08-14,Mumbai,srv-soc-clean-01,Society Common Area Sanitization,4,3.83
2026-08-14,Mumbai,srv-soc-event-01,Community Event Sound & Electrical Setup,3,2.16
2026-08-14,Mumbai,srv-soc-tank-01,Water Sump & Overhead Tank Cleaning,2,2.49
2026-08-14,Nagpur,srv-ac-01,AC Deep Foam Jet Servicing,7,7.88
2026-08-14,Nagpur,srv-carp-01,Carpentry & Furniture Assembly,6,5.61
2026-08-14,Nagpur,srv-clean-01,Full Home Deep Cleaning,8,7.41
2026-08-14,Nagpur,srv-cook-01,Home Chef & Meal Preparation,6,5.72
2026-08-14,Nagpur,srv-elder-01,Elder Assistance & Companionship,4,4.69
2026-08-14,Nagpur,srv-elec-01,Electrical Repair & Wiring,9,7.7
2026-08-14,Nagpur,srv-garden-01,Gardening & Balcony Greenery,5,4.15
2026-08-14,Nagpur,srv-move-01,Moving & Heavy Lifting Assistance,3,2.9
2026-08-14,Nagpur,srv-paint-01,Wall Painting & Waterproofing,3,2.02
2026-08-14,Nagpur,srv-pest-01,Organic Pest Control,11,5.16
2026-08-14,Nagpur,srv-plumb-01,Plumbing Repair & Leakage Fix,6,6.15
2026-08-14,Nagpur,srv-soc-clean-01,Society Common Area Sanitization,2,2.05
2026-08-14,Nagpur,srv-soc-event-01,Community Event Sound & Electrical Setup,2,1.51
2026-08-14,Nagpur,srv-soc-tank-01,Water Sump & Overhead Tank Cleaning,2,1.52
2026-08-14,Patna,srv-ac-01,AC Deep Foam Jet Servicing,7,8.2
2026-08-14,Patna,srv-carp-01,Carpentry & Furniture Assembly,5,5.01
2026-08-14,Patna,srv-clean-01,Full Home Deep Cleaning,6,7.61
2026-08-14,Patna,srv-cook-01,Home Chef & Meal Preparation,6,5.51
2026-08-14,Patna,srv-elder-01,Elder Assistance & Companionship,4,4.4
2026-08-14,Patna,srv-elec-01,Electrical Repair & Wiring,8,7.54
2026-08-14,Patna,srv-garden-01,Gardening & Balcony Greenery,4,4.12
2026-08-14,Patna,srv-move-01,Moving & Heavy Lifting Assistance,3,2.32
2026-08-14,Patna,srv-paint-01,Wall Painting & Waterproofing,2,1.99
2026-08-14,Patna,srv-pest-01,Organic Pest Control,5,4.71
2026-08-14,Patna,srv-plumb-01,Plumbing Repair & Leakage Fix,5,5.86
2026-08-14,Patna,srv-soc-clean-01,Society Common Area Sanitization,2,1.97
2026-08-14,Patna,srv-soc-event-01,Community Event Sound & Electrical Setup,2,1.15
2026-08-14,Patna,srv-soc-tank-01,Water Sump & Overhead Tank Cleaning,2,1.85
2026-08-14,Pune,srv-ac-01,AC Deep Foam Jet Servicing,10,9.44
2026-08-14,Pune,srv-carp-01,Carpentry & Furniture Assembly,7,6.89
2026-08-14,Pune,srv-clean-01,Full Home Deep Cleaning,9,8.44
2026-08-14,Pune,srv-cook-01,Home Chef & Meal Preparation,7,7.37
2026-08-14,Pune,srv-elder-01,Elder Assistance & Companionship,5,6.05
2026-08-14,Pune,srv-elec-01,Electrical Repair & Wiring,9,10.37
2026-08-14,Pune,srv-garden-01,Gardening & Balcony Greenery,6,5.88
2026-08-14,Pune,srv-move-01,Moving & Heavy Lifting Assistance,3,3.1
2026-08-14,Pune,srv-paint-01,Wall Painting & Waterproofing,3,2.63
2026-08-14,Pune,srv-pest-01,Organic Pest Control,6,6.61
2026-08-14,Pune,srv-plumb-01,Plumbing Repair & Leakage Fix,9,7.33
2026-08-14,Pune,srv-soc-clean-01,Society Common Area Sanitization,3,2.6
2026-08-14,Pune,srv-soc-event-01,Community Event Sound & Electrical Setup,3,2.0
2026-08-14,Pune,srv-soc-tank-01,Water Sump & Overhead Tank Cleaning,2,1.99
2026-08-14,Surat,srv-ac-01,AC Deep Foam Jet Servicing,8,8.2
2026-08-14,Surat,srv-carp-01,Carpentry & Furniture Assembly,6,5.37
2026-08-14,Surat,srv-clean-01,Full Home Deep Cleaning,6,7.27
2026-08-14,Surat,srv-cook-01,Home Chef & Meal Preparation,5,5.78
2026-08-14,Surat,srv-elder-01,Elder Assistance & Companionship,4,4.84
2026-08-14,Surat,srv-elec-01,Electrical Repair & Wiring,7,8.34
2026-08-14,Surat,srv-garden-01,Gardening & Balcony Greenery,5,4.4
2026-08-14,Surat,srv-move-01,Moving & Heavy Lifting Assistance,4,2.46
2026-08-14,Surat,srv-paint-01,Wall Painting & Waterproofing,2,2.01
2026-08-14,Surat,srv-pest-01,Organic Pest Control,5,5.17
2026-08-14,Surat,srv-plumb-01,Plumbing Repair & Leakage Fix,7,6.91
2026-08-14,Surat,srv-soc-clean-01,Society Common Area Sanitization,2,2.0
2026-08-14,Surat,srv-soc-event-01,Community Event Sound & Electrical Setup,2,1.2
2026-08-14,Surat,srv-soc-tank-01,Water Sump & Overhead Tank Cleaning,1,1.48
2026-08-14,Vadodara,srv-ac-01,AC Deep Foam Jet Servicing,8,7.7
2026-08-14,Vadodara,srv-carp-01,Carpentry & Furniture Assembly,5,5.13
2026-08-14,Vadodara,srv-clean-01,Full Home Deep Cleaning,6,6.4
2026-08-14,Vadodara,srv-cook-01,Home Chef & Meal Preparation,6,5.58
2026-08-14,Vadodara,srv-elder-01,Elder Assistance & Companionship,4,4.37
2026-08-14,Vadodara,srv-elec-01,Electrical Repair & Wiring,6,7.25
2026-08-14,Vadodara,srv-garden-01,Gardening & Balcony Greenery,5,4.16
2026-08-14,Vadodara,srv-move-01,Moving & Heavy Lifting Assistance,2,2.28
2026-08-14,Vadodara,srv-paint-01,Wall Painting & Waterproofing,2,1.99
2026-08-14,Vadodara,srv-pest-01,Organic Pest Control,5,4.74
2026-08-14,Vadodara,srv-plumb-01,Plumbing Repair & Leakage Fix,6,6.18
2026-08-14,Vadodara,srv-soc-clean-01,Society Common Area Sanitization,2,2.0
2026-08-14,Vadodara,srv-soc-event-01,Community Event Sound & Electrical Setup,1,1.08
2026-08-14,Vadodara,srv-soc-tank-01,Water Sump & Overhead Tank Cleaning,2,1.45
2026-08-14,Visakhapatnam,srv-ac-01,AC Deep Foam Jet Servicing,8,7.34
2026-08-14,Visakhapatnam,srv-carp-01,Carpentry & Furniture Assembly,5,5.04
2026-08-14,Visakhapatnam,srv-clean-01,Full Home Deep Cleaning,7,6.91
2026-08-14,Visakhapatnam,srv-cook-01,Home Chef & Meal Preparation,6,5.4
2026-08-14,Visakhapatnam,srv-elder-01,Elder Assistance & Companionship,5,4.41
2026-08-14,Visakhapatnam,srv-elec-01,Electrical Repair & Wiring,7,7.29
2026-08-14,Visakhapatnam,srv-garden-01,Gardening & Balcony Greenery,5,4.44
2026-08-14,Visakhapatnam,srv-move-01,Moving & Heavy Lifting Assistance,3,2.34
2026-08-14,Visakhapatnam,srv-paint-01,Wall Painting & Waterproofing,2,2.03
2026-08-14,Visakhapatnam,srv-pest-01,Organic Pest Control,6,5.16
2026-08-14,Visakhapatnam,srv-plumb-01,Plumbing Repair & Leakage Fix,6,5.64
2026-08-14,Visakhapatnam,srv-soc-clean-01,Society Common Area Sanitization,2,2.06
2026-08-14,Visakhapatnam,srv-soc-event-01,Community Event Sound & Electrical Setup,2,1.09
2026-08-14,Visakhapatnam,srv-soc-tank-01,Water Sump & Overhead Tank Cleaning,1,1.68
2026-08-15,Ahmedabad,srv-ac-01,AC Deep Foam Jet Servicing,9,10.77
2026-08-15,Ahmedabad,srv-carp-01,Carpentry & Furniture Assembly,7,6.87
2026-08-15,Ahmedabad,srv-clean-01,Full Home Deep Cleaning,14,15.61
2026-08-15,Ahmedabad,srv-cook-01,Home Chef & Meal Preparation,7,6.85
2026-08-15,Ahmedabad,srv-elder-01,Elder Assistance & Companionship,5,5.36
2026-08-15,Ahmedabad,srv-elec-01,Electrical Repair & Wiring,9,9.56
2026-08-15,Ahmedabad,srv-garden-01,Gardening & Balcony Greenery,9,8.0
2026-08-15,Ahmedabad,srv-move-01,Moving & Heavy Lifting Assistance,6,5.82
2026-08-15,Ahmedabad,srv-paint-01,Wall Painting & Waterproofing,4,3.56
2026-08-15,Ahmedabad,srv-pest-01,Organic Pest Control,7,7.02
2026-08-15,Ahmedabad,srv-plumb-01,Plumbing Repair & Leakage Fix,9,8.35
2026-08-15,Ahmedabad,srv-soc-clean-01,Society Common Area Sanitization,3,3.15
2026-08-15,Ahmedabad,srv-soc-event-01,Community Event Sound & Electrical Setup,4,4.06
2026-08-15,Ahmedabad,srv-soc-tank-01,Water Sump & Overhead Tank Cleaning,2,2.24
2026-08-15,Bengaluru,srv-ac-01,AC Deep Foam Jet Servicing,14,13.15
2026-08-15,Bengaluru,srv-carp-01,Carpentry & Furniture Assembly,11,9.73
2026-08-15,Bengaluru,srv-clean-01,Full Home Deep Cleaning,19,21.36
2026-08-15,Bengaluru,srv-cook-01,Home Chef & Meal Preparation,9,10.01
2026-08-15,Bengaluru,srv-elder-01,Elder Assistance & Companionship,7,7.02
2026-08-15,Bengaluru,srv-elec-01,Electrical Repair & Wiring,11,11.19
2026-08-15,Bengaluru,srv-garden-01,Gardening & Balcony Greenery,10,11.19
2026-08-15,Bengaluru,srv-move-01,Moving & Heavy Lifting Assistance,10,8.0
2026-08-15,Bengaluru,srv-paint-01,Wall Painting & Waterproofing,5,4.84
2026-08-15,Bengaluru,srv-pest-01,Organic Pest Control,9,10.79
2026-08-15,Bengaluru,srv-plumb-01,Plumbing Repair & Leakage Fix,12,12.0
2026-08-15,Bengaluru,srv-soc-clean-01,Society Common Area Sanitization,6,4.69
2026-08-15,Bengaluru,srv-soc-event-01,Community Event Sound & Electrical Setup,5,5.35
2026-08-15,Bengaluru,srv-soc-tank-01,Water Sump & Overhead Tank Cleaning,3,2.87
2026-08-15,Bhopal,srv-ac-01,AC Deep Foam Jet Servicing,8,8.7
2026-08-15,Bhopal,srv-carp-01,Carpentry & Furniture Assembly,7,6.08
2026-08-15,Bhopal,srv-clean-01,Full Home Deep Cleaning,13,12.09
2026-08-15,Bhopal,srv-cook-01,Home Chef & Meal Preparation,5,5.86
2026-08-15,Bhopal,srv-elder-01,Elder Assistance & Companionship,4,4.0
2026-08-15,Bhopal,srv-elec-01,Electrical Repair & Wiring,7,6.42
2026-08-15,Bhopal,srv-garden-01,Gardening & Balcony Greenery,8,7.5
2026-08-15,Bhopal,srv-move-01,Moving & Heavy Lifting Assistance,5,5.22
2026-08-15,Bhopal,srv-paint-01,Wall Painting & Waterproofing,3,2.87
2026-08-15,Bhopal,srv-pest-01,Organic Pest Control,6,5.77
2026-08-15,Bhopal,srv-plumb-01,Plumbing Repair & Leakage Fix,8,6.87
2026-08-15,Bhopal,srv-soc-clean-01,Society Common Area Sanitization,5,2.62
2026-08-15,Bhopal,srv-soc-event-01,Community Event Sound & Electrical Setup,4,3.08
2026-08-15,Bhopal,srv-soc-tank-01,Water Sump & Overhead Tank Cleaning,2,1.83
2026-08-15,Chennai,srv-ac-01,AC Deep Foam Jet Servicing,10,10.68
2026-08-15,Chennai,srv-carp-01,Carpentry & Furniture Assembly,9,8.56
2026-08-15,Chennai,srv-clean-01,Full Home Deep Cleaning,18,18.17
2026-08-15,Chennai,srv-cook-01,Home Chef & Meal Preparation,9,8.1
2026-08-15,Chennai,srv-elder-01,Elder Assistance & Companionship,6,6.03
2026-08-15,Chennai,srv-elec-01,Electrical Repair & Wiring,9,9.09
2026-08-15,Chennai,srv-garden-01,Gardening & Balcony Greenery,10,9.42
2026-08-15,Chennai,srv-move-01,Moving & Heavy Lifting Assistance,8,7.8
2026-08-15,Chennai,srv-paint-01,Wall Painting & Waterproofing,4,4.0
2026-08-15,Chennai,srv-pest-01,Organic Pest Control,9,8.25
2026-08-15,Chennai,srv-plumb-01,Plumbing Repair & Leakage Fix,9,9.46
2026-08-15,Chennai,srv-soc-clean-01,Society Common Area Sanitization,4,3.5
2026-08-15,Chennai,srv-soc-event-01,Community Event Sound & Electrical Setup,4,4.91
2026-08-15,Chennai,srv-soc-tank-01,Water Sump & Overhead Tank Cleaning,3,2.65
2026-08-15,Coimbatore,srv-ac-01,AC Deep Foam Jet Servicing,8,9.44
2026-08-15,Coimbatore,srv-carp-01,Carpentry & Furniture Assembly,7,6.53
2026-08-15,Coimbatore,srv-clean-01,Full Home Deep Cleaning,12,13.16
2026-08-15,Coimbatore,srv-cook-01,Home Chef & Meal Preparation,6,6.42
2026-08-15,Coimbatore,srv-elder-01,Elder Assistance & Companionship,4,4.04
2026-08-15,Coimbatore,srv-elec-01,Electrical Repair & Wiring,7,7.26
2026-08-15,Coimbatore,srv-garden-01,Gardening & Balcony Greenery,7,7.43
2026-08-15,Coimbatore,srv-move-01,Moving & Heavy Lifting Assistance,6,5.05
2026-08-15,Coimbatore,srv-paint-01,Wall Painting & Waterproofing,3,2.92
2026-08-15,Coimbatore,srv-pest-01,Organic Pest Control,6,5.74
2026-08-15,Coimbatore,srv-plumb-01,Plumbing Repair & Leakage Fix,7,6.84
2026-08-15,Coimbatore,srv-soc-clean-01,Society Common Area Sanitization,3,2.47
2026-08-15,Coimbatore,srv-soc-event-01,Community Event Sound & Electrical Setup,3,3.32
2026-08-15,Coimbatore,srv-soc-tank-01,Water Sump & Overhead Tank Cleaning,2,1.9
2026-08-15,Delhi NCR,srv-ac-01,AC Deep Foam Jet Servicing,15,13.86
2026-08-15,Delhi NCR,srv-carp-01,Carpentry & Furniture Assembly,9,10.68
2026-08-15,Delhi NCR,srv-clean-01,Full Home Deep Cleaning,19,24.05
2026-08-15,Delhi NCR,srv-cook-01,Home Chef & Meal Preparation,15,9.95
2026-08-15,Delhi NCR,srv-elder-01,Elder Assistance & Companionship,8,6.96
2026-08-15,Delhi NCR,srv-elec-01,Electrical Repair & Wiring,11,11.48
2026-08-15,Delhi NCR,srv-garden-01,Gardening & Balcony Greenery,12,10.71
2026-08-15,Delhi NCR,srv-move-01,Moving & Heavy Lifting Assistance,8,8.81
2026-08-15,Delhi NCR,srv-paint-01,Wall Painting & Waterproofing,5,5.73
2026-08-15,Delhi NCR,srv-pest-01,Organic Pest Control,11,9.39
2026-08-15,Delhi NCR,srv-plumb-01,Plumbing Repair & Leakage Fix,12,11.29
2026-08-15,Delhi NCR,srv-soc-clean-01,Society Common Area Sanitization,4,4.4
2026-08-15,Delhi NCR,srv-soc-event-01,Community Event Sound & Electrical Setup,6,5.05
2026-08-15,Delhi NCR,srv-soc-tank-01,Water Sump & Overhead Tank Cleaning,5,2.94
2026-08-15,Gurugram,srv-ac-01,AC Deep Foam Jet Servicing,11,10.83
2026-08-15,Gurugram,srv-carp-01,Carpentry & Furniture Assembly,8,8.76
2026-08-15,Gurugram,srv-clean-01,Full Home Deep Cleaning,18,15.14
2026-08-15,Gurugram,srv-cook-01,Home Chef & Meal Preparation,8,7.2
2026-08-15,Gurugram,srv-elder-01,Elder Assistance & Companionship,6,5.35
2026-08-15,Gurugram,srv-elec-01,Electrical Repair & Wiring,7,8.68
2026-08-15,Gurugram,srv-garden-01,Gardening & Balcony Greenery,9,9.38
2026-08-15,Gurugram,srv-move-01,Moving & Heavy Lifting Assistance,5,5.86
2026-08-15,Gurugram,srv-paint-01,Wall Painting & Waterproofing,4,3.99
2026-08-15,Gurugram,srv-pest-01,Organic Pest Control,6,7.61
2026-08-15,Gurugram,srv-plumb-01,Plumbing Repair & Leakage Fix,7,9.59
2026-08-15,Gurugram,srv-soc-clean-01,Society Common Area Sanitization,3,3.12
2026-08-15,Gurugram,srv-soc-event-01,Community Event Sound & Electrical Setup,4,4.1
2026-08-15,Gurugram,srv-soc-tank-01,Water Sump & Overhead Tank Cleaning,2,2.43
2026-08-15,Hyderabad,srv-ac-01,AC Deep Foam Jet Servicing,11,12.13
2026-08-15,Hyderabad,srv-carp-01,Carpentry & Furniture Assembly,8,8.32
2026-08-15,Hyderabad,srv-clean-01,Full Home Deep Cleaning,16,18.17
2026-08-15,Hyderabad,srv-cook-01,Home Chef & Meal Preparation,9,9.44
2026-08-15,Hyderabad,srv-elder-01,Elder Assistance & Companionship,5,5.55
2026-08-15,Hyderabad,srv-elec-01,Electrical Repair & Wiring,11,8.69
2026-08-15,Hyderabad,srv-garden-01,Gardening & Balcony Greenery,10,9.63
2026-08-15,Hyderabad,srv-move-01,Moving & Heavy Lifting Assistance,8,7.73
2026-08-15,Hyderabad,srv-paint-01,Wall Painting & Waterproofing,5,4.11
2026-08-15,Hyderabad,srv-pest-01,Organic Pest Control,7,8.37
2026-08-15,Hyderabad,srv-plumb-01,Plumbing Repair & Leakage Fix,11,9.98
2026-08-15,Hyderabad,srv-soc-clean-01,Society Common Area Sanitization,7,3.54
2026-08-15,Hyderabad,srv-soc-event-01,Community Event Sound & Electrical Setup,5,4.76
2026-08-15,Hyderabad,srv-soc-tank-01,Water Sump & Overhead Tank Cleaning,3,2.48
2026-08-15,Indore,srv-ac-01,AC Deep Foam Jet Servicing,8,10.87
2026-08-15,Indore,srv-carp-01,Carpentry & Furniture Assembly,7,6.81
2026-08-15,Indore,srv-clean-01,Full Home Deep Cleaning,14,13.28
2026-08-15,Indore,srv-cook-01,Home Chef & Meal Preparation,6,6.63
2026-08-15,Indore,srv-elder-01,Elder Assistance & Companionship,4,4.43
2026-08-15,Indore,srv-elec-01,Electrical Repair & Wiring,6,6.79
2026-08-15,Indore,srv-garden-01,Gardening & Balcony Greenery,7,7.54
2026-08-15,Indore,srv-move-01,Moving & Heavy Lifting Assistance,5,5.74
2026-08-15,Indore,srv-paint-01,Wall Painting & Waterproofing,3,3.06
2026-08-15,Indore,srv-pest-01,Organic Pest Control,6,6.56
2026-08-15,Indore,srv-plumb-01,Plumbing Repair & Leakage Fix,8,7.55
2026-08-15,Indore,srv-soc-clean-01,Society Common Area Sanitization,3,2.51
2026-08-15,Indore,srv-soc-event-01,Community Event Sound & Electrical Setup,3,3.5
2026-08-15,Indore,srv-soc-tank-01,Water Sump & Overhead Tank Cleaning,2,2.04
2026-08-15,Jaipur,srv-ac-01,AC Deep Foam Jet Servicing,9,9.62
2026-08-15,Jaipur,srv-carp-01,Carpentry & Furniture Assembly,7,6.74
2026-08-15,Jaipur,srv-clean-01,Full Home Deep Cleaning,13,13.9
2026-08-15,Jaipur,srv-cook-01,Home Chef & Meal Preparation,7,6.53
2026-08-15,Jaipur,srv-elder-01,Elder Assistance & Companionship,5,4.68
2026-08-15,Jaipur,srv-elec-01,Electrical Repair & Wiring,6,7.31
2026-08-15,Jaipur,srv-garden-01,Gardening & Balcony Greenery,8,7.79
2026-08-15,Jaipur,srv-move-01,Moving & Heavy Lifting Assistance,6,5.79
2026-08-15,Jaipur,srv-paint-01,Wall Painting & Waterproofing,3,3.3
2026-08-15,Jaipur,srv-pest-01,Organic Pest Control,6,6.23
2026-08-15,Jaipur,srv-plumb-01,Plumbing Repair & Leakage Fix,8,7.63
2026-08-15,Jaipur,srv-soc-clean-01,Society Common Area Sanitization,5,3.01
2026-08-15,Jaipur,srv-soc-event-01,Community Event Sound & Electrical Setup,4,3.41
2026-08-15,Jaipur,srv-soc-tank-01,Water Sump & Overhead Tank Cleaning,2,2.17
2026-08-15,Kochi,srv-ac-01,AC Deep Foam Jet Servicing,8,9.05
2026-08-15,Kochi,srv-carp-01,Carpentry & Furniture Assembly,6,6.02
2026-08-15,Kochi,srv-clean-01,Full Home Deep Cleaning,12,15.11
2026-08-15,Kochi,srv-cook-01,Home Chef & Meal Preparation,6,5.97
2026-08-15,Kochi,srv-elder-01,Elder Assistance & Companionship,4,4.32
2026-08-15,Kochi,srv-elec-01,Electrical Repair & Wiring,7,7.33
2026-08-15,Kochi,srv-garden-01,Gardening & Balcony Greenery,7,7.67
2026-08-15,Kochi,srv-move-01,Moving & Heavy Lifting Assistance,6,5.51
2026-08-15,Kochi,srv-paint-01,Wall Painting & Waterproofing,3,3.1
2026-08-15,Kochi,srv-pest-01,Organic Pest Control,6,6.09
2026-08-15,Kochi,srv-plumb-01,Plumbing Repair & Leakage Fix,7,7.38
2026-08-15,Kochi,srv-soc-clean-01,Society Common Area Sanitization,3,2.78
2026-08-15,Kochi,srv-soc-event-01,Community Event Sound & Electrical Setup,3,3.22
2026-08-15,Kochi,srv-soc-tank-01,Water Sump & Overhead Tank Cleaning,2,1.92
2026-08-15,Kolkata,srv-ac-01,AC Deep Foam Jet Servicing,11,11.76
2026-08-15,Kolkata,srv-carp-01,Carpentry & Furniture Assembly,9,8.71
2026-08-15,Kolkata,srv-clean-01,Full Home Deep Cleaning,20,21.14
2026-08-15,Kolkata,srv-cook-01,Home Chef & Meal Preparation,8,9.58
2026-08-15,Kolkata,srv-elder-01,Elder Assistance & Companionship,7,6.59
2026-08-15,Kolkata,srv-elec-01,Electrical Repair & Wiring,10,9.47
2026-08-15,Kolkata,srv-garden-01,Gardening & Balcony Greenery,9,9.84
2026-08-15,Kolkata,srv-move-01,Moving & Heavy Lifting Assistance,8,8.21
2026-08-15,Kolkata,srv-paint-01,Wall Painting & Waterproofing,4,4.07
2026-08-15,Kolkata,srv-pest-01,Organic Pest Control,9,8.79
2026-08-15,Kolkata,srv-plumb-01,Plumbing Repair & Leakage Fix,9,10.09
2026-08-15,Kolkata,srv-soc-clean-01,Society Common Area Sanitization,4,4.1
2026-08-15,Kolkata,srv-soc-event-01,Community Event Sound & Electrical Setup,4,4.82
2026-08-15,Kolkata,srv-soc-tank-01,Water Sump & Overhead Tank Cleaning,2,2.49
2026-08-15,Lucknow,srv-ac-01,AC Deep Foam Jet Servicing,11,10.87
2026-08-15,Lucknow,srv-carp-01,Carpentry & Furniture Assembly,7,7.11
2026-08-15,Lucknow,srv-clean-01,Full Home Deep Cleaning,14,15.67
2026-08-15,Lucknow,srv-cook-01,Home Chef & Meal Preparation,7,6.73
2026-08-15,Lucknow,srv-elder-01,Elder Assistance & Companionship,5,5.05
2026-08-15,Lucknow,srv-elec-01,Electrical Repair & Wiring,8,7.73
2026-08-15,Lucknow,srv-garden-01,Gardening & Balcony Greenery,9,7.58
2026-08-15,Lucknow,srv-move-01,Moving & Heavy Lifting Assistance,5,6.3
2026-08-15,Lucknow,srv-paint-01,Wall Painting & Waterproofing,4,3.53
2026-08-15,Lucknow,srv-pest-01,Organic Pest Control,7,6.76
2026-08-15,Lucknow,srv-plumb-01,Plumbing Repair & Leakage Fix,9,8.46
2026-08-15,Lucknow,srv-soc-clean-01,Society Common Area Sanitization,3,2.96
2026-08-15,Lucknow,srv-soc-event-01,Community Event Sound & Electrical Setup,3,3.5
2026-08-15,Lucknow,srv-soc-tank-01,Water Sump & Overhead Tank Cleaning,2,2.18
2026-08-15,Mumbai,srv-ac-01,AC Deep Foam Jet Servicing,15,13.99
2026-08-15,Mumbai,srv-carp-01,Carpentry & Furniture Assembly,12,10.39
2026-08-15,Mumbai,srv-clean-01,Full Home Deep Cleaning,22,23.35
2026-08-15,Mumbai,srv-cook-01,Home Chef & Meal Preparation,10,9.99
2026-08-15,Mumbai,srv-elder-01,Elder Assistance & Companionship,7,6.97
2026-08-15,Mumbai,srv-elec-01,Electrical Repair & Wiring,12,11.73
2026-08-15,Mumbai,srv-garden-01,Gardening & Balcony Greenery,13,11.67
2026-08-15,Mumbai,srv-move-01,Moving & Heavy Lifting Assistance,9,8.12
2026-08-15,Mumbai,srv-paint-01,Wall Painting & Waterproofing,6,5.42
2026-08-15,Mumbai,srv-pest-01,Organic Pest Control,9,9.98
2026-08-15,Mumbai,srv-plumb-01,Plumbing Repair & Leakage Fix,11,11.87
2026-08-15,Mumbai,srv-soc-clean-01,Society Common Area Sanitization,4,4.46
2026-08-15,Mumbai,srv-soc-event-01,Community Event Sound & Electrical Setup,5,5.45
2026-08-15,Mumbai,srv-soc-tank-01,Water Sump & Overhead Tank Cleaning,3,2.96
2026-08-15,Nagpur,srv-ac-01,AC Deep Foam Jet Servicing,9,8.62
2026-08-15,Nagpur,srv-carp-01,Carpentry & Furniture Assembly,6,6.5
2026-08-15,Nagpur,srv-clean-01,Full Home Deep Cleaning,15,13.49
2026-08-15,Nagpur,srv-cook-01,Home Chef & Meal Preparation,6,6.07
2026-08-15,Nagpur,srv-elder-01,Elder Assistance & Companionship,4,4.42
2026-08-15,Nagpur,srv-elec-01,Electrical Repair & Wiring,7,6.82
2026-08-15,Nagpur,srv-garden-01,Gardening & Balcony Greenery,8,7.34
2026-08-15,Nagpur,srv-move-01,Moving & Heavy Lifting Assistance,5,6.09
2026-08-15,Nagpur,srv-paint-01,Wall Painting & Waterproofing,3,3.15
2026-08-15,Nagpur,srv-pest-01,Organic Pest Control,5,5.99
2026-08-15,Nagpur,srv-plumb-01,Plumbing Repair & Leakage Fix,7,7.21
2026-08-15,Nagpur,srv-soc-clean-01,Society Common Area Sanitization,2,2.57
2026-08-15,Nagpur,srv-soc-event-01,Community Event Sound & Electrical Setup,3,3.33
2026-08-15,Nagpur,srv-soc-tank-01,Water Sump & Overhead Tank Cleaning,2,1.94
2026-08-15,Patna,srv-ac-01,AC Deep Foam Jet Servicing,8,8.84
2026-08-15,Patna,srv-carp-01,Carpentry & Furniture Assembly,6,5.85
2026-08-15,Patna,srv-clean-01,Full Home Deep Cleaning,12,13.59
2026-08-15,Patna,srv-cook-01,Home Chef & Meal Preparation,5,5.9
2026-08-15,Patna,srv-elder-01,Elder Assistance & Companionship,4,4.04
2026-08-15,Patna,srv-elec-01,Electrical Repair & Wiring,7,6.75
2026-08-15,Patna,srv-garden-01,Gardening & Balcony Greenery,6,6.42
2026-08-15,Patna,srv-move-01,Moving & Heavy Lifting Assistance,6,5.87
2026-08-15,Patna,srv-paint-01,Wall Painting & Waterproofing,3,2.91
2026-08-15,Patna,srv-pest-01,Organic Pest Control,6,5.65
2026-08-15,Patna,srv-plumb-01,Plumbing Repair & Leakage Fix,7,7.01
2026-08-15,Patna,srv-soc-clean-01,Society Common Area Sanitization,2,2.42
2026-08-15,Patna,srv-soc-event-01,Community Event Sound & Electrical Setup,3,3.08
2026-08-15,Patna,srv-soc-tank-01,Water Sump & Overhead Tank Cleaning,2,2.05
2026-08-15,Pune,srv-ac-01,AC Deep Foam Jet Servicing,13,10.45
2026-08-15,Pune,srv-carp-01,Carpentry & Furniture Assembly,7,7.62
2026-08-15,Pune,srv-clean-01,Full Home Deep Cleaning,14,18.39
2026-08-15,Pune,srv-cook-01,Home Chef & Meal Preparation,7,7.63
2026-08-15,Pune,srv-elder-01,Elder Assistance & Companionship,5,6.04
2026-08-15,Pune,srv-elec-01,Electrical Repair & Wiring,9,13.23
2026-08-15,Pune,srv-garden-01,Gardening & Balcony Greenery,10,9.3
2026-08-15,Pune,srv-move-01,Moving & Heavy Lifting Assistance,7,6.28
2026-08-15,Pune,srv-paint-01,Wall Painting & Waterproofing,3,3.51
2026-08-15,Pune,srv-pest-01,Organic Pest Control,8,7.49
2026-08-15,Pune,srv-plumb-01,Plumbing Repair & Leakage Fix,8,8.91
2026-08-15,Pune,srv-soc-clean-01,Society Common Area Sanitization,3,3.48
2026-08-15,Pune,srv-soc-event-01,Community Event Sound & Electrical Setup,5,4.43
2026-08-15,Pune,srv-soc-tank-01,Water Sump & Overhead Tank Cleaning,2,2.28
2026-08-15,Surat,srv-ac-01,AC Deep Foam Jet Servicing,9,9.3
2026-08-15,Surat,srv-carp-01,Carpentry & Furniture Assembly,9,6.43
2026-08-15,Surat,srv-clean-01,Full Home Deep Cleaning,12,13.74
2026-08-15,Surat,srv-cook-01,Home Chef & Meal Preparation,6,5.95
2026-08-15,Surat,srv-elder-01,Elder Assistance & Companionship,4,4.57
2026-08-15,Surat,srv-elec-01,Electrical Repair & Wiring,7,7.53
2026-08-15,Surat,srv-garden-01,Gardening & Balcony Greenery,8,7.81
2026-08-15,Surat,srv-move-01,Moving & Heavy Lifting Assistance,5,5.76
2026-08-15,Surat,srv-paint-01,Wall Painting & Waterproofing,3,2.97
2026-08-15,Surat,srv-pest-01,Organic Pest Control,6,6.12
2026-08-15,Surat,srv-plumb-01,Plumbing Repair & Leakage Fix,13,7.83
2026-08-15,Surat,srv-soc-clean-01,Society Common Area Sanitization,2,2.33
2026-08-15,Surat,srv-soc-event-01,Community Event Sound & Electrical Setup,3,3.31
2026-08-15,Surat,srv-soc-tank-01,Water Sump & Overhead Tank Cleaning,2,1.9
2026-08-15,Vadodara,srv-ac-01,AC Deep Foam Jet Servicing,9,8.4
2026-08-15,Vadodara,srv-carp-01,Carpentry & Furniture Assembly,5,5.8
2026-08-15,Vadodara,srv-clean-01,Full Home Deep Cleaning,18,12.2
2026-08-15,Vadodara,srv-cook-01,Home Chef & Meal Preparation,5,5.88
2026-08-15,Vadodara,srv-elder-01,Elder Assistance & Companionship,4,4.06
2026-08-15,Vadodara,srv-elec-01,Electrical Repair & Wiring,7,6.31
2026-08-15,Vadodara,srv-garden-01,Gardening & Balcony Greenery,6,6.66
2026-08-15,Vadodara,srv-move-01,Moving & Heavy Lifting Assistance,6,4.92
2026-08-15,Vadodara,srv-paint-01,Wall Painting & Waterproofing,3,2.86
2026-08-15,Vadodara,srv-pest-01,Organic Pest Control,6,5.46
2026-08-15,Vadodara,srv-plumb-01,Plumbing Repair & Leakage Fix,8,6.8
2026-08-15,Vadodara,srv-soc-clean-01,Society Common Area Sanitization,3,2.4
2026-08-15,Vadodara,srv-soc-event-01,Community Event Sound & Electrical Setup,3,3.08
2026-08-15,Vadodara,srv-soc-tank-01,Water Sump & Overhead Tank Cleaning,2,1.86
2026-08-15,Visakhapatnam,srv-ac-01,AC Deep Foam Jet Servicing,7,7.98
2026-08-15,Visakhapatnam,srv-carp-01,Carpentry & Furniture Assembly,6,5.79
2026-08-15,Visakhapatnam,srv-clean-01,Full Home Deep Cleaning,14,13.13
2026-08-15,Visakhapatnam,srv-cook-01,Home Chef & Meal Preparation,6,5.84
2026-08-15,Visakhapatnam,srv-elder-01,Elder Assistance & Companionship,4,3.98
2026-08-15,Visakhapatnam,srv-elec-01,Electrical Repair & Wiring,7,6.49
2026-08-15,Visakhapatnam,srv-garden-01,Gardening & Balcony Greenery,8,6.48
2026-08-15,Visakhapatnam,srv-move-01,Moving & Heavy Lifting Assistance,7,5.0
2026-08-15,Visakhapatnam,srv-paint-01,Wall Painting & Waterproofing,3,2.98
2026-08-15,Visakhapatnam,srv-pest-01,Organic Pest Control,6,5.82
2026-08-15,Visakhapatnam,srv-plumb-01,Plumbing Repair & Leakage Fix,8,6.49
2026-08-15,Visakhapatnam,srv-soc-clean-01,Society Common Area Sanitization,2,2.77
2026-08-15,Visakhapatnam,srv-soc-event-01,Community Event Sound & Electrical Setup,3,3.29
2026-08-15,Visakhapatnam,srv-soc-tank-01,Water Sump & Overhead Tank Cleaning,2,1.88
2026-08-16,Ahmedabad,srv-ac-01,AC Deep Foam Jet Servicing,10,9.89
2026-08-16,Ahmedabad,srv-carp-01,Carpentry & Furniture Assembly,7,6.87
2026-08-16,Ahmedabad,srv-clean-01,Full Home Deep Cleaning,17,14.24
2026-08-16,Ahmedabad,srv-cook-01,Home Chef & Meal Preparation,14,6.92
2026-08-16,Ahmedabad,srv-elder-01,Elder Assistance & Companionship,5,5.46
2026-08-16,Ahmedabad,srv-elec-01,Electrical Repair & Wiring,9,9.4
2026-08-16,Ahmedabad,srv-garden-01,Gardening & Balcony Greenery,9,8.08
2026-08-16,Ahmedabad,srv-move-01,Moving & Heavy Lifting Assistance,7,6.37
2026-08-16,Ahmedabad,srv-paint-01,Wall Painting & Waterproofing,4,3.74
2026-08-16,Ahmedabad,srv-pest-01,Organic Pest Control,9,6.95
2026-08-16,Ahmedabad,srv-plumb-01,Plumbing Repair & Leakage Fix,8,8.66
2026-08-16,Ahmedabad,srv-soc-clean-01,Society Common Area Sanitization,2,2.24
2026-08-16,Ahmedabad,srv-soc-event-01,Community Event Sound & Electrical Setup,4,4.17
2026-08-16,Ahmedabad,srv-soc-tank-01,Water Sump & Overhead Tank Cleaning,2,2.15
2026-08-16,Bengaluru,srv-ac-01,AC Deep Foam Jet Servicing,15,13.64
2026-08-16,Bengaluru,srv-carp-01,Carpentry & Furniture Assembly,8,9.83
2026-08-16,Bengaluru,srv-clean-01,Full Home Deep Cleaning,30,23.27
2026-08-16,Bengaluru,srv-cook-01,Home Chef & Meal Preparation,10,9.86
2026-08-16,Bengaluru,srv-elder-01,Elder Assistance & Companionship,8,6.93
2026-08-16,Bengaluru,srv-elec-01,Electrical Repair & Wiring,11,11.19
2026-08-16,Bengaluru,srv-garden-01,Gardening & Balcony Greenery,12,9.72
2026-08-16,Bengaluru,srv-move-01,Moving & Heavy Lifting Assistance,9,7.88
2026-08-16,Bengaluru,srv-paint-01,Wall Painting & Waterproofing,5,4.77
2026-08-16,Bengaluru,srv-pest-01,Organic Pest Control,10,9.51
2026-08-16,Bengaluru,srv-plumb-01,Plumbing Repair & Leakage Fix,13,12.02
2026-08-16,Bengaluru,srv-soc-clean-01,Society Common Area Sanitization,3,4.33
2026-08-16,Bengaluru,srv-soc-event-01,Community Event Sound & Electrical Setup,6,5.23
2026-08-16,Bengaluru,srv-soc-tank-01,Water Sump & Overhead Tank Cleaning,3,3.19
2026-08-16,Bhopal,srv-ac-01,AC Deep Foam Jet Servicing,7,7.96
2026-08-16,Bhopal,srv-carp-01,Carpentry & Furniture Assembly,5,6.08
2026-08-16,Bhopal,srv-clean-01,Full Home Deep Cleaning,13,12.61
2026-08-16,Bhopal,srv-cook-01,Home Chef & Meal Preparation,6,5.8
2026-08-16,Bhopal,srv-elder-01,Elder Assistance & Companionship,4,4.26
2026-08-16,Bhopal,srv-elec-01,Electrical Repair & Wiring,6,6.66
2026-08-16,Bhopal,srv-garden-01,Gardening & Balcony Greenery,7,7.23
2026-08-16,Bhopal,srv-move-01,Moving & Heavy Lifting Assistance,6,5.15
2026-08-16,Bhopal,srv-paint-01,Wall Painting & Waterproofing,2,3.08
2026-08-16,Bhopal,srv-pest-01,Organic Pest Control,6,5.69
2026-08-16,Bhopal,srv-plumb-01,Plumbing Repair & Leakage Fix,6,7.38
2026-08-16,Bhopal,srv-soc-clean-01,Society Common Area Sanitization,2,1.92
2026-08-16,Bhopal,srv-soc-event-01,Community Event Sound & Electrical Setup,4,3.51
2026-08-16,Bhopal,srv-soc-tank-01,Water Sump & Overhead Tank Cleaning,2,1.85
2026-08-16,Chennai,srv-ac-01,AC Deep Foam Jet Servicing,11,10.51
2026-08-16,Chennai,srv-carp-01,Carpentry & Furniture Assembly,13,8.65
2026-08-16,Chennai,srv-clean-01,Full Home Deep Cleaning,19,21.62
2026-08-16,Chennai,srv-cook-01,Home Chef & Meal Preparation,8,8.1
2026-08-16,Chennai,srv-elder-01,Elder Assistance & Companionship,6,6.11
2026-08-16,Chennai,srv-elec-01,Electrical Repair & Wiring,16,9.18
2026-08-16,Chennai,srv-garden-01,Gardening & Balcony Greenery,11,8.99
2026-08-16,Chennai,srv-move-01,Moving & Heavy Lifting Assistance,7,7.83
2026-08-16,Chennai,srv-paint-01,Wall Painting & Waterproofing,4,4.07
2026-08-16,Chennai,srv-pest-01,Organic Pest Control,9,8.17
2026-08-16,Chennai,srv-plumb-01,Plumbing Repair & Leakage Fix,9,9.08
2026-08-16,Chennai,srv-soc-clean-01,Society Common Area Sanitization,2,2.43
2026-08-16,Chennai,srv-soc-event-01,Community Event Sound & Electrical Setup,5,4.81
2026-08-16,Chennai,srv-soc-tank-01,Water Sump & Overhead Tank Cleaning,2,2.43
2026-08-16,Coimbatore,srv-ac-01,AC Deep Foam Jet Servicing,7,9.05
2026-08-16,Coimbatore,srv-carp-01,Carpentry & Furniture Assembly,5,6.57
2026-08-16,Coimbatore,srv-clean-01,Full Home Deep Cleaning,15,12.83
2026-08-16,Coimbatore,srv-cook-01,Home Chef & Meal Preparation,7,6.25
2026-08-16,Coimbatore,srv-elder-01,Elder Assistance & Companionship,4,4.05
2026-08-16,Coimbatore,srv-elec-01,Electrical Repair & Wiring,7,6.76
2026-08-16,Coimbatore,srv-garden-01,Gardening & Balcony Greenery,8,7.01
2026-08-16,Coimbatore,srv-move-01,Moving & Heavy Lifting Assistance,5,5.25
2026-08-16,Coimbatore,srv-paint-01,Wall Painting & Waterproofing,4,3.03
2026-08-16,Coimbatore,srv-pest-01,Organic Pest Control,6,5.6
2026-08-16,Coimbatore,srv-plumb-01,Plumbing Repair & Leakage Fix,7,7.01
2026-08-16,Coimbatore,srv-soc-clean-01,Society Common Area Sanitization,2,1.97
2026-08-16,Coimbatore,srv-soc-event-01,Community Event Sound & Electrical Setup,3,3.35
2026-08-16,Coimbatore,srv-soc-tank-01,Water Sump & Overhead Tank Cleaning,2,1.89
2026-08-16,Delhi NCR,srv-ac-01,AC Deep Foam Jet Servicing,14,15.7
2026-08-16,Delhi NCR,srv-carp-01,Carpentry & Furniture Assembly,10,10.01
2026-08-16,Delhi NCR,srv-clean-01,Full Home Deep Cleaning,21,24.17
2026-08-16,Delhi NCR,srv-cook-01,Home Chef & Meal Preparation,9,8.89
2026-08-16,Delhi NCR,srv-elder-01,Elder Assistance & Companionship,7,7.91
2026-08-16,Delhi NCR,srv-elec-01,Electrical Repair & Wiring,12,11.11
2026-08-16,Delhi NCR,srv-garden-01,Gardening & Balcony Greenery,16,11.29
2026-08-16,Delhi NCR,srv-move-01,Moving & Heavy Lifting Assistance,10,10.11
2026-08-16,Delhi NCR,srv-paint-01,Wall Painting & Waterproofing,5,5.18
2026-08-16,Delhi NCR,srv-pest-01,Organic Pest Control,11,9.72
2026-08-16,Delhi NCR,srv-plumb-01,Plumbing Repair & Leakage Fix,14,11.53
2026-08-16,Delhi NCR,srv-soc-clean-01,Society Common Area Sanitization,3,3.54
2026-08-16,Delhi NCR,srv-soc-event-01,Community Event Sound & Electrical Setup,6,5.3
2026-08-16,Delhi NCR,srv-soc-tank-01,Water Sump & Overhead Tank Cleaning,3,3.31
2026-08-16,Gurugram,srv-ac-01,AC Deep Foam Jet Servicing,10,11.58
2026-08-16,Gurugram,srv-carp-01,Carpentry & Furniture Assembly,7,9.17
2026-08-16,Gurugram,srv-clean-01,Full Home Deep Cleaning,14,18.0
2026-08-16,Gurugram,srv-cook-01,Home Chef & Meal Preparation,7,7.38
2026-08-16,Gurugram,srv-elder-01,Elder Assistance & Companionship,5,5.49
2026-08-16,Gurugram,srv-elec-01,Electrical Repair & Wiring,9,8.44
2026-08-16,Gurugram,srv-garden-01,Gardening & Balcony Greenery,9,9.02
2026-08-16,Gurugram,srv-move-01,Moving & Heavy Lifting Assistance,6,5.84
2026-08-16,Gurugram,srv-paint-01,Wall Painting & Waterproofing,3,3.66
2026-08-16,Gurugram,srv-pest-01,Organic Pest Control,7,7.59
2026-08-16,Gurugram,srv-plumb-01,Plumbing Repair & Leakage Fix,8,8.72
2026-08-16,Gurugram,srv-soc-clean-01,Society Common Area Sanitization,2,2.2
2026-08-16,Gurugram,srv-soc-event-01,Community Event Sound & Electrical Setup,4,4.18
2026-08-16,Gurugram,srv-soc-tank-01,Water Sump & Overhead Tank Cleaning,2,2.33
2026-08-16,Hyderabad,srv-ac-01,AC Deep Foam Jet Servicing,11,11.47
2026-08-16,Hyderabad,srv-carp-01,Carpentry & Furniture Assembly,9,8.03
2026-08-16,Hyderabad,srv-clean-01,Full Home Deep Cleaning,17,17.26
2026-08-16,Hyderabad,srv-cook-01,Home Chef & Meal Preparation,9,9.52
2026-08-16,Hyderabad,srv-elder-01,Elder Assistance & Companionship,5,5.64
2026-08-16,Hyderabad,srv-elec-01,Electrical Repair & Wiring,9,8.99
2026-08-16,Hyderabad,srv-garden-01,Gardening & Balcony Greenery,9,9.75
2026-08-16,Hyderabad,srv-move-01,Moving & Heavy Lifting Assistance,8,7.8
2026-08-16,Hyderabad,srv-paint-01,Wall Painting & Waterproofing,4,4.17
2026-08-16,Hyderabad,srv-pest-01,Organic Pest Control,9,8.08
2026-08-16,Hyderabad,srv-plumb-01,Plumbing Repair & Leakage Fix,11,9.46
2026-08-16,Hyderabad,srv-soc-clean-01,Society Common Area Sanitization,3,2.96
2026-08-16,Hyderabad,srv-soc-event-01,Community Event Sound & Electrical Setup,5,5.09
2026-08-16,Hyderabad,srv-soc-tank-01,Water Sump & Overhead Tank Cleaning,2,2.69
2026-08-16,Indore,srv-ac-01,AC Deep Foam Jet Servicing,12,9.51
2026-08-16,Indore,srv-carp-01,Carpentry & Furniture Assembly,7,6.43
2026-08-16,Indore,srv-clean-01,Full Home Deep Cleaning,15,12.93
2026-08-16,Indore,srv-cook-01,Home Chef & Meal Preparation,6,6.36
2026-08-16,Indore,srv-elder-01,Elder Assistance & Companionship,5,4.54
2026-08-16,Indore,srv-elec-01,Electrical Repair & Wiring,7,6.86
2026-08-16,Indore,srv-garden-01,Gardening & Balcony Greenery,7,7.54
2026-08-16,Indore,srv-move-01,Moving & Heavy Lifting Assistance,5,5.56
2026-08-16,Indore,srv-paint-01,Wall Painting & Waterproofing,3,3.08
2026-08-16,Indore,srv-pest-01,Organic Pest Control,6,6.71
2026-08-16,Indore,srv-plumb-01,Plumbing Repair & Leakage Fix,7,7.7
2026-08-16,Indore,srv-soc-clean-01,Society Common Area Sanitization,2,2.04
2026-08-16,Indore,srv-soc-event-01,Community Event Sound & Electrical Setup,3,3.42
2026-08-16,Indore,srv-soc-tank-01,Water Sump & Overhead Tank Cleaning,2,1.95
2026-08-16,Jaipur,srv-ac-01,AC Deep Foam Jet Servicing,10,9.35
2026-08-16,Jaipur,srv-carp-01,Carpentry & Furniture Assembly,7,6.43
2026-08-16,Jaipur,srv-clean-01,Full Home Deep Cleaning,13,13.92
2026-08-16,Jaipur,srv-cook-01,Home Chef & Meal Preparation,6,6.36
2026-08-16,Jaipur,srv-elder-01,Elder Assistance & Companionship,4,4.83
2026-08-16,Jaipur,srv-elec-01,Electrical Repair & Wiring,7,7.21
2026-08-16,Jaipur,srv-garden-01,Gardening & Balcony Greenery,9,7.91
2026-08-16,Jaipur,srv-move-01,Moving & Heavy Lifting Assistance,6,5.69
2026-08-16,Jaipur,srv-paint-01,Wall Painting & Waterproofing,3,3.44
2026-08-16,Jaipur,srv-pest-01,Organic Pest Control,7,6.19
2026-08-16,Jaipur,srv-plumb-01,Plumbing Repair & Leakage Fix,8,8.57
2026-08-16,Jaipur,srv-soc-clean-01,Society Common Area Sanitization,3,2.12
2026-08-16,Jaipur,srv-soc-event-01,Community Event Sound & Electrical Setup,3,3.55
2026-08-16,Jaipur,srv-soc-tank-01,Water Sump & Overhead Tank Cleaning,2,2.07
2026-08-16,Kochi,srv-ac-01,AC Deep Foam Jet Servicing,8,8.8
2026-08-16,Kochi,srv-carp-01,Carpentry & Furniture Assembly,7,5.91
2026-08-16,Kochi,srv-clean-01,Full Home Deep Cleaning,15,12.75
2026-08-16,Kochi,srv-cook-01,Home Chef & Meal Preparation,6,5.99
2026-08-16,Kochi,srv-elder-01,Elder Assistance & Companionship,4,4.47
2026-08-16,Kochi,srv-elec-01,Electrical Repair & Wiring,6,7.43
2026-08-16,Kochi,srv-garden-01,Gardening & Balcony Greenery,7,7.31
2026-08-16,Kochi,srv-move-01,Moving & Heavy Lifting Assistance,5,5.55
2026-08-16,Kochi,srv-paint-01,Wall Painting & Waterproofing,3,3.19
2026-08-16,Kochi,srv-pest-01,Organic Pest Control,5,6.09
2026-08-16,Kochi,srv-plumb-01,Plumbing Repair & Leakage Fix,8,7.3
2026-08-16,Kochi,srv-soc-clean-01,Society Common Area Sanitization,2,2.06
2026-08-16,Kochi,srv-soc-event-01,Community Event Sound & Electrical Setup,3,3.27
2026-08-16,Kochi,srv-soc-tank-01,Water Sump & Overhead Tank Cleaning,2,1.98
2026-08-16,Kolkata,srv-ac-01,AC Deep Foam Jet Servicing,12,11.57
2026-08-16,Kolkata,srv-carp-01,Carpentry & Furniture Assembly,8,9.16
2026-08-16,Kolkata,srv-clean-01,Full Home Deep Cleaning,22,21.75
2026-08-16,Kolkata,srv-cook-01,Home Chef & Meal Preparation,7,9.01
2026-08-16,Kolkata,srv-elder-01,Elder Assistance & Companionship,5,6.33
2026-08-16,Kolkata,srv-elec-01,Electrical Repair & Wiring,9,10.42
2026-08-16,Kolkata,srv-garden-01,Gardening & Balcony Greenery,11,9.4
2026-08-16,Kolkata,srv-move-01,Moving & Heavy Lifting Assistance,9,8.5
2026-08-16,Kolkata,srv-paint-01,Wall Painting & Waterproofing,4,4.29
2026-08-16,Kolkata,srv-pest-01,Organic Pest Control,7,9.0
2026-08-16,Kolkata,srv-plumb-01,Plumbing Repair & Leakage Fix,10,10.56
2026-08-16,Kolkata,srv-soc-clean-01,Society Common Area Sanitization,3,3.44
2026-08-16,Kolkata,srv-soc-event-01,Community Event Sound & Electrical Setup,5,4.7
2026-08-16,Kolkata,srv-soc-tank-01,Water Sump & Overhead Tank Cleaning,3,2.43
2026-08-16,Lucknow,srv-ac-01,AC Deep Foam Jet Servicing,11,10.6
2026-08-16,Lucknow,srv-carp-01,Carpentry & Furniture Assembly,10,7.14
2026-08-16,Lucknow,srv-clean-01,Full Home Deep Cleaning,17,14.84
2026-08-16,Lucknow,srv-cook-01,Home Chef & Meal Preparation,8,6.76
2026-08-16,Lucknow,srv-elder-01,Elder Assistance & Companionship,5,4.72
2026-08-16,Lucknow,srv-elec-01,Electrical Repair & Wiring,8,7.76
2026-08-16,Lucknow,srv-garden-01,Gardening & Balcony Greenery,8,7.94
2026-08-16,Lucknow,srv-move-01,Moving & Heavy Lifting Assistance,5,5.89
2026-08-16,Lucknow,srv-paint-01,Wall Painting & Waterproofing,4,3.81
2026-08-16,Lucknow,srv-pest-01,Organic Pest Control,6,7.22
2026-08-16,Lucknow,srv-plumb-01,Plumbing Repair & Leakage Fix,8,8.76
2026-08-16,Lucknow,srv-soc-clean-01,Society Common Area Sanitization,2,2.62
2026-08-16,Lucknow,srv-soc-event-01,Community Event Sound & Electrical Setup,4,3.48
2026-08-16,Lucknow,srv-soc-tank-01,Water Sump & Overhead Tank Cleaning,2,2.07
2026-08-16,Mumbai,srv-ac-01,AC Deep Foam Jet Servicing,14,14.91
2026-08-16,Mumbai,srv-carp-01,Carpentry & Furniture Assembly,10,12.34
2026-08-16,Mumbai,srv-clean-01,Full Home Deep Cleaning,20,22.26
2026-08-16,Mumbai,srv-cook-01,Home Chef & Meal Preparation,11,10.19
2026-08-16,Mumbai,srv-elder-01,Elder Assistance & Companionship,8,7.8
2026-08-16,Mumbai,srv-elec-01,Electrical Repair & Wiring,12,13.62
2026-08-16,Mumbai,srv-garden-01,Gardening & Balcony Greenery,11,12.7
2026-08-16,Mumbai,srv-move-01,Moving & Heavy Lifting Assistance,10,9.0
2026-08-16,Mumbai,srv-paint-01,Wall Painting & Waterproofing,6,5.49
2026-08-16,Mumbai,srv-pest-01,Organic Pest Control,10,13.15
2026-08-16,Mumbai,srv-plumb-01,Plumbing Repair & Leakage Fix,12,11.83
2026-08-16,Mumbai,srv-soc-clean-01,Society Common Area Sanitization,4,3.69
2026-08-16,Mumbai,srv-soc-event-01,Community Event Sound & Electrical Setup,5,5.44
2026-08-16,Mumbai,srv-soc-tank-01,Water Sump & Overhead Tank Cleaning,3,3.16
2026-08-16,Nagpur,srv-ac-01,AC Deep Foam Jet Servicing,8,8.94
2026-08-16,Nagpur,srv-carp-01,Carpentry & Furniture Assembly,6,6.17
2026-08-16,Nagpur,srv-clean-01,Full Home Deep Cleaning,14,12.35
2026-08-16,Nagpur,srv-cook-01,Home Chef & Meal Preparation,5,6.01
2026-08-16,Nagpur,srv-elder-01,Elder Assistance & Companionship,5,4.54
2026-08-16,Nagpur,srv-elec-01,Electrical Repair & Wiring,8,6.68
2026-08-16,Nagpur,srv-garden-01,Gardening & Balcony Greenery,6,7.11
2026-08-16,Nagpur,srv-move-01,Moving & Heavy Lifting Assistance,5,5.47
2026-08-16,Nagpur,srv-paint-01,Wall Painting & Waterproofing,3,3.17
2026-08-16,Nagpur,srv-pest-01,Organic Pest Control,6,6.08
2026-08-16,Nagpur,srv-plumb-01,Plumbing Repair & Leakage Fix,8,7.27
2026-08-16,Nagpur,srv-soc-clean-01,Society Common Area Sanitization,3,2.04
2026-08-16,Nagpur,srv-soc-event-01,Community Event Sound & Electrical Setup,4,3.35
2026-08-16,Nagpur,srv-soc-tank-01,Water Sump & Overhead Tank Cleaning,2,1.98
2026-08-16,Patna,srv-ac-01,AC Deep Foam Jet Servicing,9,8.75
2026-08-16,Patna,srv-carp-01,Carpentry & Furniture Assembly,6,5.67
2026-08-16,Patna,srv-clean-01,Full Home Deep Cleaning,12,11.69
2026-08-16,Patna,srv-cook-01,Home Chef & Meal Preparation,7,5.64
2026-08-16,Patna,srv-elder-01,Elder Assistance & Companionship,4,4.06
2026-08-16,Patna,srv-elec-01,Electrical Repair & Wiring,6,6.73
2026-08-16,Patna,srv-garden-01,Gardening & Balcony Greenery,8,6.33
2026-08-16,Patna,srv-move-01,Moving & Heavy Lifting Assistance,5,5.34
2026-08-16,Patna,srv-paint-01,Wall Painting & Waterproofing,3,3.09
2026-08-16,Patna,srv-pest-01,Organic Pest Control,6,5.58
2026-08-16,Patna,srv-plumb-01,Plumbing Repair & Leakage Fix,6,6.86
2026-08-16,Patna,srv-soc-clean-01,Society Common Area Sanitization,2,1.93
2026-08-16,Patna,srv-soc-event-01,Community Event Sound & Electrical Setup,3,3.24
2026-08-16,Patna,srv-soc-tank-01,Water Sump & Overhead Tank Cleaning,2,1.98
2026-08-16,Pune,srv-ac-01,AC Deep Foam Jet Servicing,12,10.34
2026-08-16,Pune,srv-carp-01,Carpentry & Furniture Assembly,8,7.29
2026-08-16,Pune,srv-clean-01,Full Home Deep Cleaning,17,16.27
2026-08-16,Pune,srv-cook-01,Home Chef & Meal Preparation,7,7.63
2026-08-16,Pune,srv-elder-01,Elder Assistance & Companionship,5,5.74
2026-08-16,Pune,srv-elec-01,Electrical Repair & Wiring,10,9.01
2026-08-16,Pune,srv-garden-01,Gardening & Balcony Greenery,10,8.99
2026-08-16,Pune,srv-move-01,Moving & Heavy Lifting Assistance,7,6.83
2026-08-16,Pune,srv-paint-01,Wall Painting & Waterproofing,4,3.58
2026-08-16,Pune,srv-pest-01,Organic Pest Control,8,7.44
2026-08-16,Pune,srv-plumb-01,Plumbing Repair & Leakage Fix,10,8.33
2026-08-16,Pune,srv-soc-clean-01,Society Common Area Sanitization,2,2.52
2026-08-16,Pune,srv-soc-event-01,Community Event Sound & Electrical Setup,4,4.83
2026-08-16,Pune,srv-soc-tank-01,Water Sump & Overhead Tank Cleaning,3,2.19
2026-08-16,Surat,srv-ac-01,AC Deep Foam Jet Servicing,8,9.61
2026-08-16,Surat,srv-carp-01,Carpentry & Furniture Assembly,6,6.77
2026-08-16,Surat,srv-clean-01,Full Home Deep Cleaning,14,13.62
2026-08-16,Surat,srv-cook-01,Home Chef & Meal Preparation,7,6.03
2026-08-16,Surat,srv-elder-01,Elder Assistance & Companionship,4,4.9
2026-08-16,Surat,srv-elec-01,Electrical Repair & Wiring,6,6.98
2026-08-16,Surat,srv-garden-01,Gardening & Balcony Greenery,7,7.77
2026-08-16,Surat,srv-move-01,Moving & Heavy Lifting Assistance,5,5.4
2026-08-16,Surat,srv-paint-01,Wall Painting & Waterproofing,3,3.14
2026-08-16,Surat,srv-pest-01,Organic Pest Control,7,5.97
2026-08-16,Surat,srv-plumb-01,Plumbing Repair & Leakage Fix,8,7.24
2026-08-16,Surat,srv-soc-clean-01,Society Common Area Sanitization,2,1.98
2026-08-16,Surat,srv-soc-event-01,Community Event Sound & Electrical Setup,4,3.24
2026-08-16,Surat,srv-soc-tank-01,Water Sump & Overhead Tank Cleaning,2,1.96
2026-08-16,Vadodara,srv-ac-01,AC Deep Foam Jet Servicing,7,8.03
2026-08-16,Vadodara,srv-carp-01,Carpentry & Furniture Assembly,7,5.62
2026-08-16,Vadodara,srv-clean-01,Full Home Deep Cleaning,11,12.13
2026-08-16,Vadodara,srv-cook-01,Home Chef & Meal Preparation,8,5.77
2026-08-16,Vadodara,srv-elder-01,Elder Assistance & Companionship,4,3.97
2026-08-16,Vadodara,srv-elec-01,Electrical Repair & Wiring,7,6.59
2026-08-16,Vadodara,srv-garden-01,Gardening & Balcony Greenery,6,6.45
2026-08-16,Vadodara,srv-move-01,Moving & Heavy Lifting Assistance,5,5.18
2026-08-16,Vadodara,srv-paint-01,Wall Painting & Waterproofing,3,3.06
2026-08-16,Vadodara,srv-pest-01,Organic Pest Control,6,5.65
2026-08-16,Vadodara,srv-plumb-01,Plumbing Repair & Leakage Fix,7,6.98
2026-08-16,Vadodara,srv-soc-clean-01,Society Common Area Sanitization,2,1.98
2026-08-16,Vadodara,srv-soc-event-01,Community Event Sound & Electrical Setup,3,3.2
2026-08-16,Vadodara,srv-soc-tank-01,Water Sump & Overhead Tank Cleaning,2,1.9
2026-08-16,Visakhapatnam,srv-ac-01,AC Deep Foam Jet Servicing,7,7.53
2026-08-16,Visakhapatnam,srv-carp-01,Carpentry & Furniture Assembly,6,5.84
2026-08-16,Visakhapatnam,srv-clean-01,Full Home Deep Cleaning,13,15.02
2026-08-16,Visakhapatnam,srv-cook-01,Home Chef & Meal Preparation,5,5.7
2026-08-16,Visakhapatnam,srv-elder-01,Elder Assistance & Companionship,4,4.05
2026-08-16,Visakhapatnam,srv-elec-01,Electrical Repair & Wiring,7,6.46
2026-08-16,Visakhapatnam,srv-garden-01,Gardening & Balcony Greenery,7,6.77
2026-08-16,Visakhapatnam,srv-move-01,Moving & Heavy Lifting Assistance,5,5.35
2026-08-16,Visakhapatnam,srv-paint-01,Wall Painting & Waterproofing,3,3.1
2026-08-16,Visakhapatnam,srv-pest-01,Organic Pest Control,7,5.58
2026-08-16,Visakhapatnam,srv-plumb-01,Plumbing Repair & Leakage Fix,6,6.7
2026-08-16,Visakhapatnam,srv-soc-clean-01,Society Common Area Sanitization,2,2.0
2026-08-16,Visakhapatnam,srv-soc-event-01,Community Event Sound & Electrical Setup,5,3.21
2026-08-16,Visakhapatnam,srv-soc-tank-01,Water Sump & Overhead Tank Cleaning,2,1.94
2026-08-17,Ahmedabad,srv-ac-01,AC Deep Foam Jet Servicing,9,8.89
2026-08-17,Ahmedabad,srv-carp-01,Carpentry & Furniture Assembly,8,6.18
2026-08-17,Ahmedabad,srv-clean-01,Full Home Deep Cleaning,10,8.02
2026-08-17,Ahmedabad,srv-cook-01,Home Chef & Meal Preparation,6,6.49
2026-08-17,Ahmedabad,srv-elder-01,Elder Assistance & Companionship,5,5.58
2026-08-17,Ahmedabad,srv-elec-01,Electrical Repair & Wiring,10,10.02
2026-08-17,Ahmedabad,srv-garden-01,Gardening & Balcony Greenery,5,5.21
2026-08-17,Ahmedabad,srv-move-01,Moving & Heavy Lifting Assistance,3,3.02
2026-08-17,Ahmedabad,srv-paint-01,Wall Painting & Waterproofing,3,2.5
2026-08-17,Ahmedabad,srv-pest-01,Organic Pest Control,6,5.86
2026-08-17,Ahmedabad,srv-plumb-01,Plumbing Repair & Leakage Fix,7,7.42
2026-08-17,Ahmedabad,srv-soc-clean-01,Society Common Area Sanitization,3,2.57
2026-08-17,Ahmedabad,srv-soc-event-01,Community Event Sound & Electrical Setup,2,1.97
2026-08-17,Ahmedabad,srv-soc-tank-01,Water Sump & Overhead Tank Cleaning,2,2.0
2026-08-17,Bengaluru,srv-ac-01,AC Deep Foam Jet Servicing,13,11.7
2026-08-17,Bengaluru,srv-carp-01,Carpentry & Furniture Assembly,8,8.24
2026-08-17,Bengaluru,srv-clean-01,Full Home Deep Cleaning,10,10.26
2026-08-17,Bengaluru,srv-cook-01,Home Chef & Meal Preparation,10,9.17
2026-08-17,Bengaluru,srv-elder-01,Elder Assistance & Companionship,7,7.48
2026-08-17,Bengaluru,srv-elec-01,Electrical Repair & Wiring,13,11.79
2026-08-17,Bengaluru,srv-garden-01,Gardening & Balcony Greenery,7,6.47
2026-08-17,Bengaluru,srv-move-01,Moving & Heavy Lifting Assistance,4,3.93
2026-08-17,Bengaluru,srv-paint-01,Wall Painting & Waterproofing,3,3.64
2026-08-17,Bengaluru,srv-pest-01,Organic Pest Control,8,8.12
2026-08-17,Bengaluru,srv-plumb-01,Plumbing Repair & Leakage Fix,12,11.33
2026-08-17,Bengaluru,srv-soc-clean-01,Society Common Area Sanitization,3,3.4
2026-08-17,Bengaluru,srv-soc-event-01,Community Event Sound & Electrical Setup,2,2.5
2026-08-17,Bengaluru,srv-soc-tank-01,Water Sump & Overhead Tank Cleaning,5,2.6
2026-08-17,Bhopal,srv-ac-01,AC Deep Foam Jet Servicing,8,7.67
2026-08-17,Bhopal,srv-carp-01,Carpentry & Furniture Assembly,5,5.59
2026-08-17,Bhopal,srv-clean-01,Full Home Deep Cleaning,6,6.49
2026-08-17,Bhopal,srv-cook-01,Home Chef & Meal Preparation,5,5.8
2026-08-17,Bhopal,srv-elder-01,Elder Assistance & Companionship,4,4.51
2026-08-17,Bhopal,srv-elec-01,Electrical Repair & Wiring,6,7.54
2026-08-17,Bhopal,srv-garden-01,Gardening & Balcony Greenery,4,4.21
2026-08-17,Bhopal,srv-move-01,Moving & Heavy Lifting Assistance,2,2.35
2026-08-17,Bhopal,srv-paint-01,Wall Painting & Waterproofing,2,2.03
2026-08-17,Bhopal,srv-pest-01,Organic Pest Control,5,5.21
2026-08-17,Bhopal,srv-plumb-01,Plumbing Repair & Leakage Fix,7,6.31
2026-08-17,Bhopal,srv-soc-clean-01,Society Common Area Sanitization,2,2.15
2026-08-17,Bhopal,srv-soc-event-01,Community Event Sound & Electrical Setup,1,1.18
2026-08-17,Bhopal,srv-soc-tank-01,Water Sump & Overhead Tank Cleaning,2,1.51
2026-08-17,Chennai,srv-ac-01,AC Deep Foam Jet Servicing,10,9.24
2026-08-17,Chennai,srv-carp-01,Carpentry & Furniture Assembly,7,7.75
2026-08-17,Chennai,srv-clean-01,Full Home Deep Cleaning,9,10.06
2026-08-17,Chennai,srv-cook-01,Home Chef & Meal Preparation,7,8.19
2026-08-17,Chennai,srv-elder-01,Elder Assistance & Companionship,6,5.56
2026-08-17,Chennai,srv-elec-01,Electrical Repair & Wiring,10,9.49
2026-08-17,Chennai,srv-garden-01,Gardening & Balcony Greenery,5,5.77
2026-08-17,Chennai,srv-move-01,Moving & Heavy Lifting Assistance,3,3.49
2026-08-17,Chennai,srv-paint-01,Wall Painting & Waterproofing,3,3.01
2026-08-17,Chennai,srv-pest-01,Organic Pest Control,6,7.01
2026-08-17,Chennai,srv-plumb-01,Plumbing Repair & Leakage Fix,8,8.01
2026-08-17,Chennai,srv-soc-clean-01,Society Common Area Sanitization,2,2.83
2026-08-17,Chennai,srv-soc-event-01,Community Event Sound & Electrical Setup,2,2.09
2026-08-17,Chennai,srv-soc-tank-01,Water Sump & Overhead Tank Cleaning,2,2.15
2026-08-17,Coimbatore,srv-ac-01,AC Deep Foam Jet Servicing,8,8.31
2026-08-17,Coimbatore,srv-carp-01,Carpentry & Furniture Assembly,5,5.38
2026-08-17,Coimbatore,srv-clean-01,Full Home Deep Cleaning,7,7.33
2026-08-17,Coimbatore,srv-cook-01,Home Chef & Meal Preparation,5,6.31
2026-08-17,Coimbatore,srv-elder-01,Elder Assistance & Companionship,5,4.47
2026-08-17,Coimbatore,srv-elec-01,Electrical Repair & Wiring,7,8.26
2026-08-17,Coimbatore,srv-garden-01,Gardening & Balcony Greenery,7,4.32
2026-08-17,Coimbatore,srv-move-01,Moving & Heavy Lifting Assistance,2,2.33
2026-08-17,Coimbatore,srv-paint-01,Wall Painting & Waterproofing,2,2.12
2026-08-17,Coimbatore,srv-pest-01,Organic Pest Control,5,4.77
2026-08-17,Coimbatore,srv-plumb-01,Plumbing Repair & Leakage Fix,6,6.2
2026-08-17,Coimbatore,srv-soc-clean-01,Society Common Area Sanitization,2,2.01
2026-08-17,Coimbatore,srv-soc-event-01,Community Event Sound & Electrical Setup,1,1.12
2026-08-17,Coimbatore,srv-soc-tank-01,Water Sump & Overhead Tank Cleaning,1,1.45
2026-08-17,Delhi NCR,srv-ac-01,AC Deep Foam Jet Servicing,14,14.21
2026-08-17,Delhi NCR,srv-carp-01,Carpentry & Furniture Assembly,10,8.95
2026-08-17,Delhi NCR,srv-clean-01,Full Home Deep Cleaning,12,11.38
2026-08-17,Delhi NCR,srv-cook-01,Home Chef & Meal Preparation,10,10.35
2026-08-17,Delhi NCR,srv-elder-01,Elder Assistance & Companionship,8,7.51
2026-08-17,Delhi NCR,srv-elec-01,Electrical Repair & Wiring,14,12.93
2026-08-17,Delhi NCR,srv-garden-01,Gardening & Balcony Greenery,10,6.63
2026-08-17,Delhi NCR,srv-move-01,Moving & Heavy Lifting Assistance,4,4.06
2026-08-17,Delhi NCR,srv-paint-01,Wall Painting & Waterproofing,4,3.77
2026-08-17,Delhi NCR,srv-pest-01,Organic Pest Control,7,8.13
2026-08-17,Delhi NCR,srv-plumb-01,Plumbing Repair & Leakage Fix,12,10.81
2026-08-17,Delhi NCR,srv-soc-clean-01,Society Common Area Sanitization,4,3.54
2026-08-17,Delhi NCR,srv-soc-event-01,Community Event Sound & Electrical Setup,2,2.77
2026-08-17,Delhi NCR,srv-soc-tank-01,Water Sump & Overhead Tank Cleaning,3,2.85
2026-08-17,Gurugram,srv-ac-01,AC Deep Foam Jet Servicing,10,9.64
2026-08-17,Gurugram,srv-carp-01,Carpentry & Furniture Assembly,6,7.4
2026-08-17,Gurugram,srv-clean-01,Full Home Deep Cleaning,9,7.62
2026-08-17,Gurugram,srv-cook-01,Home Chef & Meal Preparation,7,7.07
2026-08-17,Gurugram,srv-elder-01,Elder Assistance & Companionship,5,5.48
2026-08-17,Gurugram,srv-elec-01,Electrical Repair & Wiring,8,9.34
2026-08-17,Gurugram,srv-garden-01,Gardening & Balcony Greenery,5,5.51
2026-08-17,Gurugram,srv-move-01,Moving & Heavy Lifting Assistance,3,2.86
2026-08-17,Gurugram,srv-paint-01,Wall Painting & Waterproofing,2,2.67
2026-08-17,Gurugram,srv-pest-01,Organic Pest Control,7,6.7
2026-08-17,Gurugram,srv-plumb-01,Plumbing Repair & Leakage Fix,7,7.62
2026-08-17,Gurugram,srv-soc-clean-01,Society Common Area Sanitization,3,2.52
2026-08-17,Gurugram,srv-soc-event-01,Community Event Sound & Electrical Setup,2,1.79
2026-08-17,Gurugram,srv-soc-tank-01,Water Sump & Overhead Tank Cleaning,2,2.05
2026-08-17,Hyderabad,srv-ac-01,AC Deep Foam Jet Servicing,11,10.19
2026-08-17,Hyderabad,srv-carp-01,Carpentry & Furniture Assembly,8,7.08
2026-08-17,Hyderabad,srv-clean-01,Full Home Deep Cleaning,9,9.41
2026-08-17,Hyderabad,srv-cook-01,Home Chef & Meal Preparation,8,9.19
2026-08-17,Hyderabad,srv-elder-01,Elder Assistance & Companionship,6,6.04
2026-08-17,Hyderabad,srv-elec-01,Electrical Repair & Wiring,10,10.23
2026-08-17,Hyderabad,srv-garden-01,Gardening & Balcony Greenery,5,6.21
2026-08-17,Hyderabad,srv-move-01,Moving & Heavy Lifting Assistance,3,3.5
2026-08-17,Hyderabad,srv-paint-01,Wall Painting & Waterproofing,4,3.08
2026-08-17,Hyderabad,srv-pest-01,Organic Pest Control,6,7.0
2026-08-17,Hyderabad,srv-plumb-01,Plumbing Repair & Leakage Fix,9,8.18
2026-08-17,Hyderabad,srv-soc-clean-01,Society Common Area Sanitization,3,3.09
2026-08-17,Hyderabad,srv-soc-event-01,Community Event Sound & Electrical Setup,2,2.0
2026-08-17,Hyderabad,srv-soc-tank-01,Water Sump & Overhead Tank Cleaning,2,2.07
2026-08-17,Indore,srv-ac-01,AC Deep Foam Jet Servicing,7,8.33
2026-08-17,Indore,srv-carp-01,Carpentry & Furniture Assembly,6,5.72
2026-08-17,Indore,srv-clean-01,Full Home Deep Cleaning,8,7.73
2026-08-17,Indore,srv-cook-01,Home Chef & Meal Preparation,6,6.28
2026-08-17,Indore,srv-elder-01,Elder Assistance & Companionship,6,4.72
2026-08-17,Indore,srv-elec-01,Electrical Repair & Wiring,7,8.48
2026-08-17,Indore,srv-garden-01,Gardening & Balcony Greenery,5,4.67
2026-08-17,Indore,srv-move-01,Moving & Heavy Lifting Assistance,2,2.54
2026-08-17,Indore,srv-paint-01,Wall Painting & Waterproofing,2,2.15
2026-08-17,Indore,srv-pest-01,Organic Pest Control,6,5.55
2026-08-17,Indore,srv-plumb-01,Plumbing Repair & Leakage Fix,6,6.88
2026-08-17,Indore,srv-soc-clean-01,Society Common Area Sanitization,2,2.09
2026-08-17,Indore,srv-soc-event-01,Community Event Sound & Electrical Setup,1,1.57
2026-08-17,Indore,srv-soc-tank-01,Water Sump & Overhead Tank Cleaning,2,1.7
2026-08-17,Jaipur,srv-ac-01,AC Deep Foam Jet Servicing,8,8.54
2026-08-17,Jaipur,srv-carp-01,Carpentry & Furniture Assembly,6,5.64
2026-08-17,Jaipur,srv-clean-01,Full Home Deep Cleaning,7,7.62
2026-08-17,Jaipur,srv-cook-01,Home Chef & Meal Preparation,6,6.36
2026-08-17,Jaipur,srv-elder-01,Elder Assistance & Companionship,5,4.72
2026-08-17,Jaipur,srv-elec-01,Electrical Repair & Wiring,9,7.95
2026-08-17,Jaipur,srv-garden-01,Gardening & Balcony Greenery,5,4.8
2026-08-17,Jaipur,srv-move-01,Moving & Heavy Lifting Assistance,3,2.76
2026-08-17,Jaipur,srv-paint-01,Wall Painting & Waterproofing,2,2.3
2026-08-17,Jaipur,srv-pest-01,Organic Pest Control,5,5.48
2026-08-17,Jaipur,srv-plumb-01,Plumbing Repair & Leakage Fix,6,7.33
2026-08-17,Jaipur,srv-soc-clean-01,Society Common Area Sanitization,2,2.33
2026-08-17,Jaipur,srv-soc-event-01,Community Event Sound & Electrical Setup,1,1.52
2026-08-17,Jaipur,srv-soc-tank-01,Water Sump & Overhead Tank Cleaning,2,1.94
2026-08-17,Kochi,srv-ac-01,AC Deep Foam Jet Servicing,7,8.1
2026-08-17,Kochi,srv-carp-01,Carpentry & Furniture Assembly,6,5.35
2026-08-17,Kochi,srv-clean-01,Full Home Deep Cleaning,8,6.88
2026-08-17,Kochi,srv-cook-01,Home Chef & Meal Preparation,8,5.97
2026-08-17,Kochi,srv-elder-01,Elder Assistance & Companionship,5,4.65
2026-08-17,Kochi,srv-elec-01,Electrical Repair & Wiring,7,8.02
2026-08-17,Kochi,srv-garden-01,Gardening & Balcony Greenery,4,4.56
2026-08-17,Kochi,srv-move-01,Moving & Heavy Lifting Assistance,2,2.44
2026-08-17,Kochi,srv-paint-01,Wall Painting & Waterproofing,2,2.1
2026-08-17,Kochi,srv-pest-01,Organic Pest Control,6,5.22
2026-08-17,Kochi,srv-plumb-01,Plumbing Repair & Leakage Fix,7,6.59
2026-08-17,Kochi,srv-soc-clean-01,Society Common Area Sanitization,2,2.11
2026-08-17,Kochi,srv-soc-event-01,Community Event Sound & Electrical Setup,2,1.21
2026-08-17,Kochi,srv-soc-tank-01,Water Sump & Overhead Tank Cleaning,3,1.59
2026-08-17,Kolkata,srv-ac-01,AC Deep Foam Jet Servicing,10,10.56
2026-08-17,Kolkata,srv-carp-01,Carpentry & Furniture Assembly,8,7.56
2026-08-17,Kolkata,srv-clean-01,Full Home Deep Cleaning,9,12.55
2026-08-17,Kolkata,srv-cook-01,Home Chef & Meal Preparation,8,9.22
2026-08-17,Kolkata,srv-elder-01,Elder Assistance & Companionship,6,6.22
2026-08-17,Kolkata,srv-elec-01,Electrical Repair & Wiring,12,10.64
2026-08-17,Kolkata,srv-garden-01,Gardening & Balcony Greenery,6,6.34
2026-08-17,Kolkata,srv-move-01,Moving & Heavy Lifting Assistance,4,3.75
2026-08-17,Kolkata,srv-paint-01,Wall Painting & Waterproofing,3,3.2
2026-08-17,Kolkata,srv-pest-01,Organic Pest Control,7,7.61
2026-08-17,Kolkata,srv-plumb-01,Plumbing Repair & Leakage Fix,8,8.84
2026-08-17,Kolkata,srv-soc-clean-01,Society Common Area Sanitization,3,3.13
2026-08-17,Kolkata,srv-soc-event-01,Community Event Sound & Electrical Setup,2,2.02
2026-08-17,Kolkata,srv-soc-tank-01,Water Sump & Overhead Tank Cleaning,2,2.08
2026-08-17,Lucknow,srv-ac-01,AC Deep Foam Jet Servicing,8,8.34
2026-08-17,Lucknow,srv-carp-01,Carpentry & Furniture Assembly,6,5.76
2026-08-17,Lucknow,srv-clean-01,Full Home Deep Cleaning,8,7.28
2026-08-17,Lucknow,srv-cook-01,Home Chef & Meal Preparation,6,6.63
2026-08-17,Lucknow,srv-elder-01,Elder Assistance & Companionship,6,5.39
2026-08-17,Lucknow,srv-elec-01,Electrical Repair & Wiring,8,8.95
2026-08-17,Lucknow,srv-garden-01,Gardening & Balcony Greenery,5,4.59
2026-08-17,Lucknow,srv-move-01,Moving & Heavy Lifting Assistance,3,2.79
2026-08-17,Lucknow,srv-paint-01,Wall Painting & Waterproofing,2,2.48
2026-08-17,Lucknow,srv-pest-01,Organic Pest Control,6,5.84
2026-08-17,Lucknow,srv-plumb-01,Plumbing Repair & Leakage Fix,8,8.06
2026-08-17,Lucknow,srv-soc-clean-01,Society Common Area Sanitization,3,2.17
2026-08-17,Lucknow,srv-soc-event-01,Community Event Sound & Electrical Setup,2,1.69
2026-08-17,Lucknow,srv-soc-tank-01,Water Sump & Overhead Tank Cleaning,2,1.97
2026-08-17,Mumbai,srv-ac-01,AC Deep Foam Jet Servicing,13,14.1
2026-08-17,Mumbai,srv-carp-01,Carpentry & Furniture Assembly,10,9.72
2026-08-17,Mumbai,srv-clean-01,Full Home Deep Cleaning,13,12.9
2026-08-17,Mumbai,srv-cook-01,Home Chef & Meal Preparation,9,9.54
2026-08-17,Mumbai,srv-elder-01,Elder Assistance & Companionship,7,8.03
2026-08-17,Mumbai,srv-elec-01,Electrical Repair & Wiring,15,13.34
2026-08-17,Mumbai,srv-garden-01,Gardening & Balcony Greenery,7,9.05
2026-08-17,Mumbai,srv-move-01,Moving & Heavy Lifting Assistance,5,4.72
2026-08-17,Mumbai,srv-paint-01,Wall Painting & Waterproofing,4,3.68
2026-08-17,Mumbai,srv-pest-01,Organic Pest Control,8,8.96
2026-08-17,Mumbai,srv-plumb-01,Plumbing Repair & Leakage Fix,11,12.01
2026-08-17,Mumbai,srv-soc-clean-01,Society Common Area Sanitization,3,3.91
2026-08-17,Mumbai,srv-soc-event-01,Community Event Sound & Electrical Setup,3,2.17
2026-08-17,Mumbai,srv-soc-tank-01,Water Sump & Overhead Tank Cleaning,4,2.73
2026-08-17,Nagpur,srv-ac-01,AC Deep Foam Jet Servicing,7,7.83
2026-08-17,Nagpur,srv-carp-01,Carpentry & Furniture Assembly,6,5.48
2026-08-17,Nagpur,srv-clean-01,Full Home Deep Cleaning,7,6.06
2026-08-17,Nagpur,srv-cook-01,Home Chef & Meal Preparation,6,5.79
2026-08-17,Nagpur,srv-elder-01,Elder Assistance & Companionship,5,4.79
2026-08-17,Nagpur,srv-elec-01,Electrical Repair & Wiring,9,7.53
2026-08-17,Nagpur,srv-garden-01,Gardening & Balcony Greenery,4,4.42
2026-08-17,Nagpur,srv-move-01,Moving & Heavy Lifting Assistance,2,2.61
2026-08-17,Nagpur,srv-paint-01,Wall Painting & Waterproofing,2,2.15
2026-08-17,Nagpur,srv-pest-01,Organic Pest Control,6,5.19
2026-08-17,Nagpur,srv-plumb-01,Plumbing Repair & Leakage Fix,6,6.1
2026-08-17,Nagpur,srv-soc-clean-01,Society Common Area Sanitization,2,2.11
2026-08-17,Nagpur,srv-soc-event-01,Community Event Sound & Electrical Setup,1,1.47
2026-08-17,Nagpur,srv-soc-tank-01,Water Sump & Overhead Tank Cleaning,1,1.56
2026-08-17,Patna,srv-ac-01,AC Deep Foam Jet Servicing,8,7.36
2026-08-17,Patna,srv-carp-01,Carpentry & Furniture Assembly,5,5.06
2026-08-17,Patna,srv-clean-01,Full Home Deep Cleaning,6,7.1
2026-08-17,Patna,srv-cook-01,Home Chef & Meal Preparation,5,5.87
2026-08-17,Patna,srv-elder-01,Elder Assistance & Companionship,5,4.51
2026-08-17,Patna,srv-elec-01,Electrical Repair & Wiring,9,7.71
2026-08-17,Patna,srv-garden-01,Gardening & Balcony Greenery,4,3.96
2026-08-17,Patna,srv-move-01,Moving & Heavy Lifting Assistance,3,2.49
2026-08-17,Patna,srv-paint-01,Wall Painting & Waterproofing,2,2.03
2026-08-17,Patna,srv-pest-01,Organic Pest Control,5,4.7
2026-08-17,Patna,srv-plumb-01,Plumbing Repair & Leakage Fix,6,6.04
2026-08-17,Patna,srv-soc-clean-01,Society Common Area Sanitization,2,2.0
2026-08-17,Patna,srv-soc-event-01,Community Event Sound & Electrical Setup,2,1.15
2026-08-17,Patna,srv-soc-tank-01,Water Sump & Overhead Tank Cleaning,2,1.88
2026-08-17,Pune,srv-ac-01,AC Deep Foam Jet Servicing,11,9.51
2026-08-17,Pune,srv-carp-01,Carpentry & Furniture Assembly,7,6.83
2026-08-17,Pune,srv-clean-01,Full Home Deep Cleaning,8,8.21
2026-08-17,Pune,srv-cook-01,Home Chef & Meal Preparation,7,7.63
2026-08-17,Pune,srv-elder-01,Elder Assistance & Companionship,5,5.81
2026-08-17,Pune,srv-elec-01,Electrical Repair & Wiring,9,10.13
2026-08-17,Pune,srv-garden-01,Gardening & Balcony Greenery,5,5.45
2026-08-17,Pune,srv-move-01,Moving & Heavy Lifting Assistance,3,3.18
2026-08-17,Pune,srv-paint-01,Wall Painting & Waterproofing,2,2.71
2026-08-17,Pune,srv-pest-01,Organic Pest Control,6,6.96
2026-08-17,Pune,srv-plumb-01,Plumbing Repair & Leakage Fix,9,7.57
2026-08-17,Pune,srv-soc-clean-01,Society Common Area Sanitization,2,2.78
2026-08-17,Pune,srv-soc-event-01,Community Event Sound & Electrical Setup,2,2.07
2026-08-17,Pune,srv-soc-tank-01,Water Sump & Overhead Tank Cleaning,2,2.07
2026-08-17,Surat,srv-ac-01,AC Deep Foam Jet Servicing,8,8.54
2026-08-17,Surat,srv-carp-01,Carpentry & Furniture Assembly,5,5.65
2026-08-17,Surat,srv-clean-01,Full Home Deep Cleaning,7,7.13
2026-08-17,Surat,srv-cook-01,Home Chef & Meal Preparation,5,5.92
2026-08-17,Surat,srv-elder-01,Elder Assistance & Companionship,4,4.85
2026-08-17,Surat,srv-elec-01,Electrical Repair & Wiring,8,9.38
2026-08-17,Surat,srv-garden-01,Gardening & Balcony Greenery,4,4.33
2026-08-17,Surat,srv-move-01,Moving & Heavy Lifting Assistance,3,2.38
2026-08-17,Surat,srv-paint-01,Wall Painting & Waterproofing,2,2.05
2026-08-17,Surat,srv-pest-01,Organic Pest Control,6,5.19
2026-08-17,Surat,srv-plumb-01,Plumbing Repair & Leakage Fix,6,6.78
2026-08-17,Surat,srv-soc-clean-01,Society Common Area Sanitization,2,2.02
2026-08-17,Surat,srv-soc-event-01,Community Event Sound & Electrical Setup,2,1.51
2026-08-17,Surat,srv-soc-tank-01,Water Sump & Overhead Tank Cleaning,2,1.45
2026-08-17,Vadodara,srv-ac-01,AC Deep Foam Jet Servicing,7,7.52
2026-08-17,Vadodara,srv-carp-01,Carpentry & Furniture Assembly,6,5.05
2026-08-17,Vadodara,srv-clean-01,Full Home Deep Cleaning,8,6.81
2026-08-17,Vadodara,srv-cook-01,Home Chef & Meal Preparation,5,5.6
2026-08-17,Vadodara,srv-elder-01,Elder Assistance & Companionship,4,4.47
2026-08-17,Vadodara,srv-elec-01,Electrical Repair & Wiring,7,7.3
2026-08-17,Vadodara,srv-garden-01,Gardening & Balcony Greenery,4,4.08
2026-08-17,Vadodara,srv-move-01,Moving & Heavy Lifting Assistance,3,2.25
2026-08-17,Vadodara,srv-paint-01,Wall Painting & Waterproofing,2,2.05
2026-08-17,Vadodara,srv-pest-01,Organic Pest Control,4,4.95
2026-08-17,Vadodara,srv-plumb-01,Plumbing Repair & Leakage Fix,6,6.47
2026-08-17,Vadodara,srv-soc-clean-01,Society Common Area Sanitization,2,2.08
2026-08-17,Vadodara,srv-soc-event-01,Community Event Sound & Electrical Setup,2,1.23
2026-08-17,Vadodara,srv-soc-tank-01,Water Sump & Overhead Tank Cleaning,1,1.45
2026-08-17,Visakhapatnam,srv-ac-01,AC Deep Foam Jet Servicing,8,7.05
2026-08-17,Visakhapatnam,srv-carp-01,Carpentry & Furniture Assembly,6,5.2
2026-08-17,Visakhapatnam,srv-clean-01,Full Home Deep Cleaning,6,6.96
2026-08-17,Visakhapatnam,srv-cook-01,Home Chef & Meal Preparation,6,5.54
2026-08-17,Visakhapatnam,srv-elder-01,Elder Assistance & Companionship,5,4.49
2026-08-17,Visakhapatnam,srv-elec-01,Electrical Repair & Wiring,7,7.42
2026-08-17,Visakhapatnam,srv-garden-01,Gardening & Balcony Greenery,5,4.3
2026-08-17,Visakhapatnam,srv-move-01,Moving & Heavy Lifting Assistance,2,2.48
2026-08-17,Visakhapatnam,srv-paint-01,Wall Painting & Waterproofing,2,2.06
2026-08-17,Visakhapatnam,srv-pest-01,Organic Pest Control,4,5.02
2026-08-17,Visakhapatnam,srv-plumb-01,Plumbing Repair & Leakage Fix,6,6.08
2026-08-17,Visakhapatnam,srv-soc-clean-01,Society Common Area Sanitization,2,2.05
2026-08-17,Visakhapatnam,srv-soc-event-01,Community Event Sound & Electrical Setup,1,1.11
2026-08-17,Visakhapatnam,srv-soc-tank-01,Water Sump & Overhead Tank Cleaning,2,1.58
2026-08-18,Ahmedabad,srv-ac-01,AC Deep Foam Jet Servicing,9,9.1
2026-08-18,Ahmedabad,srv-carp-01,Carpentry & Furniture Assembly,6,6.11
2026-08-18,Ahmedabad,srv-clean-01,Full Home Deep Cleaning,9,8.29
2026-08-18,Ahmedabad,srv-cook-01,Home Chef & Meal Preparation,7,6.97
2026-08-18,Ahmedabad,srv-elder-01,Elder Assistance & Companionship,5,5.51
2026-08-18,Ahmedabad,srv-elec-01,Electrical Repair & Wiring,8,10.36
2026-08-18,Ahmedabad,srv-garden-01,Gardening & Balcony Greenery,5,5.32
2026-08-18,Ahmedabad,srv-move-01,Moving & Heavy Lifting Assistance,3,2.89
2026-08-18,Ahmedabad,srv-paint-01,Wall Painting & Waterproofing,2,2.64
2026-08-18,Ahmedabad,srv-pest-01,Organic Pest Control,6,6.05
2026-08-18,Ahmedabad,srv-plumb-01,Plumbing Repair & Leakage Fix,6,7.03
2026-08-18,Ahmedabad,srv-soc-clean-01,Society Common Area Sanitization,2,2.41
2026-08-18,Ahmedabad,srv-soc-event-01,Community Event Sound & Electrical Setup,2,1.92
2026-08-18,Ahmedabad,srv-soc-tank-01,Water Sump & Overhead Tank Cleaning,2,1.96
2026-08-18,Bengaluru,srv-ac-01,AC Deep Foam Jet Servicing,13,12.39
2026-08-18,Bengaluru,srv-carp-01,Carpentry & Furniture Assembly,8,8.2
2026-08-18,Bengaluru,srv-clean-01,Full Home Deep Cleaning,12,10.78
2026-08-18,Bengaluru,srv-cook-01,Home Chef & Meal Preparation,9,9.87
2026-08-18,Bengaluru,srv-elder-01,Elder Assistance & Companionship,7,7.54
2026-08-18,Bengaluru,srv-elec-01,Electrical Repair & Wiring,11,12.38
2026-08-18,Bengaluru,srv-garden-01,Gardening & Balcony Greenery,6,6.79
2026-08-18,Bengaluru,srv-move-01,Moving & Heavy Lifting Assistance,3,4.2
2026-08-18,Bengaluru,srv-paint-01,Wall Painting & Waterproofing,4,3.3
2026-08-18,Bengaluru,srv-pest-01,Organic Pest Control,8,7.64
2026-08-18,Bengaluru,srv-plumb-01,Plumbing Repair & Leakage Fix,10,10.29
2026-08-18,Bengaluru,srv-soc-clean-01,Society Common Area Sanitization,3,3.36
2026-08-18,Bengaluru,srv-soc-event-01,Community Event Sound & Electrical Setup,3,2.11
2026-08-18,Bengaluru,srv-soc-tank-01,Water Sump & Overhead Tank Cleaning,3,2.38
2026-08-18,Bhopal,srv-ac-01,AC Deep Foam Jet Servicing,8,8.1
2026-08-18,Bhopal,srv-carp-01,Carpentry & Furniture Assembly,6,5.04
2026-08-18,Bhopal,srv-clean-01,Full Home Deep Cleaning,6,6.44
2026-08-18,Bhopal,srv-cook-01,Home Chef & Meal Preparation,5,5.7
2026-08-18,Bhopal,srv-elder-01,Elder Assistance & Companionship,5,4.33
2026-08-18,Bhopal,srv-elec-01,Electrical Repair & Wiring,8,7.09
2026-08-18,Bhopal,srv-garden-01,Gardening & Balcony Greenery,4,4.12
2026-08-18,Bhopal,srv-move-01,Moving & Heavy Lifting Assistance,2,2.24
2026-08-18,Bhopal,srv-paint-01,Wall Painting & Waterproofing,2,2.02
2026-08-18,Bhopal,srv-pest-01,Organic Pest Control,5,5.01
2026-08-18,Bhopal,srv-plumb-01,Plumbing Repair & Leakage Fix,6,6.12
2026-08-18,Bhopal,srv-soc-clean-01,Society Common Area Sanitization,2,2.14
2026-08-18,Bhopal,srv-soc-event-01,Community Event Sound & Electrical Setup,1,1.11
2026-08-18,Bhopal,srv-soc-tank-01,Water Sump & Overhead Tank Cleaning,1,1.58
2026-08-18,Chennai,srv-ac-01,AC Deep Foam Jet Servicing,10,9.38
2026-08-18,Chennai,srv-carp-01,Carpentry & Furniture Assembly,14,7.59
2026-08-18,Chennai,srv-clean-01,Full Home Deep Cleaning,9,9.85
2026-08-18,Chennai,srv-cook-01,Home Chef & Meal Preparation,7,8.08
2026-08-18,Chennai,srv-elder-01,Elder Assistance & Companionship,5,5.9
2026-08-18,Chennai,srv-elec-01,Electrical Repair & Wiring,10,9.81
2026-08-18,Chennai,srv-garden-01,Gardening & Balcony Greenery,5,5.91
2026-08-18,Chennai,srv-move-01,Moving & Heavy Lifting Assistance,3,3.38
2026-08-18,Chennai,srv-paint-01,Wall Painting & Waterproofing,3,2.93
2026-08-18,Chennai,srv-pest-01,Organic Pest Control,6,6.71
2026-08-18,Chennai,srv-plumb-01,Plumbing Repair & Leakage Fix,9,8.74
2026-08-18,Chennai,srv-soc-clean-01,Society Common Area Sanitization,3,2.71
2026-08-18,Chennai,srv-soc-event-01,Community Event Sound & Electrical Setup,2,2.2
2026-08-18,Chennai,srv-soc-tank-01,Water Sump & Overhead Tank Cleaning,2,2.1
2026-08-18,Coimbatore,srv-ac-01,AC Deep Foam Jet Servicing,8,7.46
2026-08-18,Coimbatore,srv-carp-01,Carpentry & Furniture Assembly,5,5.14
2026-08-18,Coimbatore,srv-clean-01,Full Home Deep Cleaning,6,7.17
2026-08-18,Coimbatore,srv-cook-01,Home Chef & Meal Preparation,6,6.12
2026-08-18,Coimbatore,srv-elder-01,Elder Assistance & Companionship,4,4.36
2026-08-18,Coimbatore,srv-elec-01,Electrical Repair & Wiring,10,7.36
2026-08-18,Coimbatore,srv-garden-01,Gardening & Balcony Greenery,4,4.47
2026-08-18,Coimbatore,srv-move-01,Moving & Heavy Lifting Assistance,2,2.4
2026-08-18,Coimbatore,srv-paint-01,Wall Painting & Waterproofing,2,2.11
2026-08-18,Coimbatore,srv-pest-01,Organic Pest Control,5,4.81
2026-08-18,Coimbatore,srv-plumb-01,Plumbing Repair & Leakage Fix,7,6.37
2026-08-18,Coimbatore,srv-soc-clean-01,Society Common Area Sanitization,2,2.01
2026-08-18,Coimbatore,srv-soc-event-01,Community Event Sound & Electrical Setup,3,1.07
2026-08-18,Coimbatore,srv-soc-tank-01,Water Sump & Overhead Tank Cleaning,1,1.4
2026-08-18,Delhi NCR,srv-ac-01,AC Deep Foam Jet Servicing,11,13.7
2026-08-18,Delhi NCR,srv-carp-01,Carpentry & Furniture Assembly,9,8.69
2026-08-18,Delhi NCR,srv-clean-01,Full Home Deep Cleaning,10,10.75
2026-08-18,Delhi NCR,srv-cook-01,Home Chef & Meal Preparation,8,9.64
2026-08-18,Delhi NCR,srv-elder-01,Elder Assistance & Companionship,7,7.49
2026-08-18,Delhi NCR,srv-elec-01,Electrical Repair & Wiring,12,13.09
2026-08-18,Delhi NCR,srv-garden-01,Gardening & Balcony Greenery,7,7.52
2026-08-18,Delhi NCR,srv-move-01,Moving & Heavy Lifting Assistance,4,3.92
2026-08-18,Delhi NCR,srv-paint-01,Wall Painting & Waterproofing,4,3.6
2026-08-18,Delhi NCR,srv-pest-01,Organic Pest Control,8,8.66
2026-08-18,Delhi NCR,srv-plumb-01,Plumbing Repair & Leakage Fix,11,10.73
2026-08-18,Delhi NCR,srv-soc-clean-01,Society Common Area Sanitization,3,3.81
2026-08-18,Delhi NCR,srv-soc-event-01,Community Event Sound & Electrical Setup,2,2.13
2026-08-18,Delhi NCR,srv-soc-tank-01,Water Sump & Overhead Tank Cleaning,3,2.8
2026-08-18,Gurugram,srv-ac-01,AC Deep Foam Jet Servicing,8,9.58
2026-08-18,Gurugram,srv-carp-01,Carpentry & Furniture Assembly,6,7.18
2026-08-18,Gurugram,srv-clean-01,Full Home Deep Cleaning,10,7.96
2026-08-18,Gurugram,srv-cook-01,Home Chef & Meal Preparation,6,6.83
2026-08-18,Gurugram,srv-elder-01,Elder Assistance & Companionship,6,5.52
2026-08-18,Gurugram,srv-elec-01,Electrical Repair & Wiring,10,9.57
2026-08-18,Gurugram,srv-garden-01,Gardening & Balcony Greenery,5,5.72
2026-08-18,Gurugram,srv-move-01,Moving & Heavy Lifting Assistance,3,2.9
2026-08-18,Gurugram,srv-paint-01,Wall Painting & Waterproofing,3,2.64
2026-08-18,Gurugram,srv-pest-01,Organic Pest Control,5,6.66
2026-08-18,Gurugram,srv-plumb-01,Plumbing Repair & Leakage Fix,8,6.93
2026-08-18,Gurugram,srv-soc-clean-01,Society Common Area Sanitization,2,2.68
2026-08-18,Gurugram,srv-soc-event-01,Community Event Sound & Electrical Setup,2,1.84
2026-08-18,Gurugram,srv-soc-tank-01,Water Sump & Overhead Tank Cleaning,3,2.05
2026-08-18,Hyderabad,srv-ac-01,AC Deep Foam Jet Servicing,11,11.0
2026-08-18,Hyderabad,srv-carp-01,Carpentry & Furniture Assembly,6,7.08
2026-08-18,Hyderabad,srv-clean-01,Full Home Deep Cleaning,11,9.49
2026-08-18,Hyderabad,srv-cook-01,Home Chef & Meal Preparation,8,8.7
2026-08-18,Hyderabad,srv-elder-01,Elder Assistance & Companionship,6,6.37
2026-08-18,Hyderabad,srv-elec-01,Electrical Repair & Wiring,11,10.48
2026-08-18,Hyderabad,srv-garden-01,Gardening & Balcony Greenery,6,6.24
2026-08-18,Hyderabad,srv-move-01,Moving & Heavy Lifting Assistance,4,3.51
2026-08-18,Hyderabad,srv-paint-01,Wall Painting & Waterproofing,3,3.13
2026-08-18,Hyderabad,srv-pest-01,Organic Pest Control,6,6.81
2026-08-18,Hyderabad,srv-plumb-01,Plumbing Repair & Leakage Fix,8,8.4
2026-08-18,Hyderabad,srv-soc-clean-01,Society Common Area Sanitization,3,3.15
2026-08-18,Hyderabad,srv-soc-event-01,Community Event Sound & Electrical Setup,2,2.07
2026-08-18,Hyderabad,srv-soc-tank-01,Water Sump & Overhead Tank Cleaning,2,2.1
2026-08-18,Indore,srv-ac-01,AC Deep Foam Jet Servicing,7,8.78
2026-08-18,Indore,srv-carp-01,Carpentry & Furniture Assembly,6,5.72
2026-08-18,Indore,srv-clean-01,Full Home Deep Cleaning,8,7.8
2026-08-18,Indore,srv-cook-01,Home Chef & Meal Preparation,7,6.37
2026-08-18,Indore,srv-elder-01,Elder Assistance & Companionship,5,4.96
2026-08-18,Indore,srv-elec-01,Electrical Repair & Wiring,8,8.2
2026-08-18,Indore,srv-garden-01,Gardening & Balcony Greenery,4,4.62
2026-08-18,Indore,srv-move-01,Moving & Heavy Lifting Assistance,3,2.52
2026-08-18,Indore,srv-paint-01,Wall Painting & Waterproofing,3,2.12
2026-08-18,Indore,srv-pest-01,Organic Pest Control,6,5.59
2026-08-18,Indore,srv-plumb-01,Plumbing Repair & Leakage Fix,6,6.75
2026-08-18,Indore,srv-soc-clean-01,Society Common Area Sanitization,2,2.08
2026-08-18,Indore,srv-soc-event-01,Community Event Sound & Electrical Setup,2,1.48
2026-08-18,Indore,srv-soc-tank-01,Water Sump & Overhead Tank Cleaning,1,1.62
2026-08-18,Jaipur,srv-ac-01,AC Deep Foam Jet Servicing,7,8.79
2026-08-18,Jaipur,srv-carp-01,Carpentry & Furniture Assembly,6,5.73
2026-08-18,Jaipur,srv-clean-01,Full Home Deep Cleaning,9,7.84
2026-08-18,Jaipur,srv-cook-01,Home Chef & Meal Preparation,7,6.2
2026-08-18,Jaipur,srv-elder-01,Elder Assistance & Companionship,4,4.75
2026-08-18,Jaipur,srv-elec-01,Electrical Repair & Wiring,7,8.48
2026-08-18,Jaipur,srv-garden-01,Gardening & Balcony Greenery,4,4.9
2026-08-18,Jaipur,srv-move-01,Moving & Heavy Lifting Assistance,4,2.83
2026-08-18,Jaipur,srv-paint-01,Wall Painting & Waterproofing,3,2.31
2026-08-18,Jaipur,srv-pest-01,Organic Pest Control,6,5.28
2026-08-18,Jaipur,srv-plumb-01,Plumbing Repair & Leakage Fix,7,6.84
2026-08-18,Jaipur,srv-soc-clean-01,Society Common Area Sanitization,2,2.37
2026-08-18,Jaipur,srv-soc-event-01,Community Event Sound & Electrical Setup,1,1.43
2026-08-18,Jaipur,srv-soc-tank-01,Water Sump & Overhead Tank Cleaning,2,1.94
2026-08-18,Kochi,srv-ac-01,AC Deep Foam Jet Servicing,7,8.26
2026-08-18,Kochi,srv-carp-01,Carpentry & Furniture Assembly,5,5.11
2026-08-18,Kochi,srv-clean-01,Full Home Deep Cleaning,7,7.12
2026-08-18,Kochi,srv-cook-01,Home Chef & Meal Preparation,8,5.81
2026-08-18,Kochi,srv-elder-01,Elder Assistance & Companionship,5,4.66
2026-08-18,Kochi,srv-elec-01,Electrical Repair & Wiring,9,7.93
2026-08-18,Kochi,srv-garden-01,Gardening & Balcony Greenery,5,4.52
2026-08-18,Kochi,srv-move-01,Moving & Heavy Lifting Assistance,2,2.48
2026-08-18,Kochi,srv-paint-01,Wall Painting & Waterproofing,2,2.08
2026-08-18,Kochi,srv-pest-01,Organic Pest Control,6,5.26
2026-08-18,Kochi,srv-plumb-01,Plumbing Repair & Leakage Fix,7,6.11
2026-08-18,Kochi,srv-soc-clean-01,Society Common Area Sanitization,2,2.09
2026-08-18,Kochi,srv-soc-event-01,Community Event Sound & Electrical Setup,2,1.3
2026-08-18,Kochi,srv-soc-tank-01,Water Sump & Overhead Tank Cleaning,2,1.82
2026-08-18,Kolkata,srv-ac-01,AC Deep Foam Jet Servicing,11,10.5
2026-08-18,Kolkata,srv-carp-01,Carpentry & Furniture Assembly,8,7.94
2026-08-18,Kolkata,srv-clean-01,Full Home Deep Cleaning,10,10.44
2026-08-18,Kolkata,srv-cook-01,Home Chef & Meal Preparation,7,8.13
2026-08-18,Kolkata,srv-elder-01,Elder Assistance & Companionship,7,5.98
2026-08-18,Kolkata,srv-elec-01,Electrical Repair & Wiring,12,11.04
2026-08-18,Kolkata,srv-garden-01,Gardening & Balcony Greenery,7,6.09
2026-08-18,Kolkata,srv-move-01,Moving & Heavy Lifting Assistance,4,4.03
2026-08-18,Kolkata,srv-paint-01,Wall Painting & Waterproofing,3,3.21
2026-08-18,Kolkata,srv-pest-01,Organic Pest Control,8,7.56
2026-08-18,Kolkata,srv-plumb-01,Plumbing Repair & Leakage Fix,10,8.55
2026-08-18,Kolkata,srv-soc-clean-01,Society Common Area Sanitization,3,3.13
2026-08-18,Kolkata,srv-soc-event-01,Community Event Sound & Electrical Setup,2,2.04
2026-08-18,Kolkata,srv-soc-tank-01,Water Sump & Overhead Tank Cleaning,2,2.03
2026-08-18,Lucknow,srv-ac-01,AC Deep Foam Jet Servicing,8,8.56
2026-08-18,Lucknow,srv-carp-01,Carpentry & Furniture Assembly,6,6.17
2026-08-18,Lucknow,srv-clean-01,Full Home Deep Cleaning,7,8.15
2026-08-18,Lucknow,srv-cook-01,Home Chef & Meal Preparation,7,6.57
2026-08-18,Lucknow,srv-elder-01,Elder Assistance & Companionship,5,5.36
2026-08-18,Lucknow,srv-elec-01,Electrical Repair & Wiring,9,8.54
2026-08-18,Lucknow,srv-garden-01,Gardening & Balcony Greenery,5,4.85
2026-08-18,Lucknow,srv-move-01,Moving & Heavy Lifting Assistance,3,2.84
2026-08-18,Lucknow,srv-paint-01,Wall Painting & Waterproofing,2,2.54
2026-08-18,Lucknow,srv-pest-01,Organic Pest Control,7,5.94
2026-08-18,Lucknow,srv-plumb-01,Plumbing Repair & Leakage Fix,7,7.22
2026-08-18,Lucknow,srv-soc-clean-01,Society Common Area Sanitization,2,2.23
2026-08-18,Lucknow,srv-soc-event-01,Community Event Sound & Electrical Setup,1,1.71
2026-08-18,Lucknow,srv-soc-tank-01,Water Sump & Overhead Tank Cleaning,2,1.97
2026-08-18,Mumbai,srv-ac-01,AC Deep Foam Jet Servicing,14,13.36
2026-08-18,Mumbai,srv-carp-01,Carpentry & Furniture Assembly,8,10.77
2026-08-18,Mumbai,srv-clean-01,Full Home Deep Cleaning,11,11.54
2026-08-18,Mumbai,srv-cook-01,Home Chef & Meal Preparation,9,10.06
2026-08-18,Mumbai,srv-elder-01,Elder Assistance & Companionship,8,7.68
2026-08-18,Mumbai,srv-elec-01,Electrical Repair & Wiring,14,13.04
2026-08-18,Mumbai,srv-garden-01,Gardening & Balcony Greenery,8,7.73
2026-08-18,Mumbai,srv-move-01,Moving & Heavy Lifting Assistance,5,4.52
2026-08-18,Mumbai,srv-paint-01,Wall Painting & Waterproofing,4,3.72
2026-08-18,Mumbai,srv-pest-01,Organic Pest Control,9,9.02
2026-08-18,Mumbai,srv-plumb-01,Plumbing Repair & Leakage Fix,10,11.11
2026-08-18,Mumbai,srv-soc-clean-01,Society Common Area Sanitization,7,3.68
2026-08-18,Mumbai,srv-soc-event-01,Community Event Sound & Electrical Setup,3,2.26
2026-08-18,Mumbai,srv-soc-tank-01,Water Sump & Overhead Tank Cleaning,2,2.64
2026-08-18,Nagpur,srv-ac-01,AC Deep Foam Jet Servicing,8,7.41
2026-08-18,Nagpur,srv-carp-01,Carpentry & Furniture Assembly,5,5.52
2026-08-18,Nagpur,srv-clean-01,Full Home Deep Cleaning,8,6.35
2026-08-18,Nagpur,srv-cook-01,Home Chef & Meal Preparation,6,5.85
2026-08-18,Nagpur,srv-elder-01,Elder Assistance & Companionship,4,4.79
2026-08-18,Nagpur,srv-elec-01,Electrical Repair & Wiring,7,7.61
2026-08-18,Nagpur,srv-garden-01,Gardening & Balcony Greenery,5,4.28
2026-08-18,Nagpur,srv-move-01,Moving & Heavy Lifting Assistance,2,2.38
2026-08-18,Nagpur,srv-paint-01,Wall Painting & Waterproofing,2,2.14
2026-08-18,Nagpur,srv-pest-01,Organic Pest Control,5,5.44
2026-08-18,Nagpur,srv-plumb-01,Plumbing Repair & Leakage Fix,6,6.35
2026-08-18,Nagpur,srv-soc-clean-01,Society Common Area Sanitization,2,2.08
2026-08-18,Nagpur,srv-soc-event-01,Community Event Sound & Electrical Setup,1,1.43
2026-08-18,Nagpur,srv-soc-tank-01,Water Sump & Overhead Tank Cleaning,1,1.61
2026-08-18,Patna,srv-ac-01,AC Deep Foam Jet Servicing,7,7.79
2026-08-18,Patna,srv-carp-01,Carpentry & Furniture Assembly,5,5.07
2026-08-18,Patna,srv-clean-01,Full Home Deep Cleaning,8,6.63
2026-08-18,Patna,srv-cook-01,Home Chef & Meal Preparation,5,5.52
2026-08-18,Patna,srv-elder-01,Elder Assistance & Companionship,5,4.36
2026-08-18,Patna,srv-elec-01,Electrical Repair & Wiring,8,7.61
2026-08-18,Patna,srv-garden-01,Gardening & Balcony Greenery,5,3.95
2026-08-18,Patna,srv-move-01,Moving & Heavy Lifting Assistance,2,2.67
2026-08-18,Patna,srv-paint-01,Wall Painting & Waterproofing,2,2.02
2026-08-18,Patna,srv-pest-01,Organic Pest Control,4,4.79
2026-08-18,Patna,srv-plumb-01,Plumbing Repair & Leakage Fix,6,5.96
2026-08-18,Patna,srv-soc-clean-01,Society Common Area Sanitization,2,2.0
2026-08-18,Patna,srv-soc-event-01,Community Event Sound & Electrical Setup,1,1.39
2026-08-18,Patna,srv-soc-tank-01,Water Sump & Overhead Tank Cleaning,1,1.69
2026-08-18,Pune,srv-ac-01,AC Deep Foam Jet Servicing,9,9.55
2026-08-18,Pune,srv-carp-01,Carpentry & Furniture Assembly,7,6.72
2026-08-18,Pune,srv-clean-01,Full Home Deep Cleaning,10,8.87
2026-08-18,Pune,srv-cook-01,Home Chef & Meal Preparation,7,7.3
2026-08-18,Pune,srv-elder-01,Elder Assistance & Companionship,5,5.71
2026-08-18,Pune,srv-elec-01,Electrical Repair & Wiring,11,10.29
2026-08-18,Pune,srv-garden-01,Gardening & Balcony Greenery,6,5.74
2026-08-18,Pune,srv-move-01,Moving & Heavy Lifting Assistance,3,3.22
2026-08-18,Pune,srv-paint-01,Wall Painting & Waterproofing,3,2.56
2026-08-18,Pune,srv-pest-01,Organic Pest Control,6,6.96
2026-08-18,Pune,srv-plumb-01,Plumbing Repair & Leakage Fix,8,7.47
2026-08-18,Pune,srv-soc-clean-01,Society Common Area Sanitization,3,3.04
2026-08-18,Pune,srv-soc-event-01,Community Event Sound & Electrical Setup,2,2.01
2026-08-18,Pune,srv-soc-tank-01,Water Sump & Overhead Tank Cleaning,2,2.01
2026-08-18,Surat,srv-ac-01,AC Deep Foam Jet Servicing,7,8.24
2026-08-18,Surat,srv-carp-01,Carpentry & Furniture Assembly,5,5.51
2026-08-18,Surat,srv-clean-01,Full Home Deep Cleaning,7,6.9
2026-08-18,Surat,srv-cook-01,Home Chef & Meal Preparation,7,5.77
2026-08-18,Surat,srv-elder-01,Elder Assistance & Companionship,5,4.9
2026-08-18,Surat,srv-elec-01,Electrical Repair & Wiring,8,7.85
2026-08-18,Surat,srv-garden-01,Gardening & Balcony Greenery,4,4.6
2026-08-18,Surat,srv-move-01,Moving & Heavy Lifting Assistance,3,2.7
2026-08-18,Surat,srv-paint-01,Wall Painting & Waterproofing,2,2.05
2026-08-18,Surat,srv-pest-01,Organic Pest Control,5,5.47
2026-08-18,Surat,srv-plumb-01,Plumbing Repair & Leakage Fix,7,7.34
2026-08-18,Surat,srv-soc-clean-01,Society Common Area Sanitization,2,2.03
2026-08-18,Surat,srv-soc-event-01,Community Event Sound & Electrical Setup,1,1.53
2026-08-18,Surat,srv-soc-tank-01,Water Sump & Overhead Tank Cleaning,3,1.54
2026-08-18,Vadodara,srv-ac-01,AC Deep Foam Jet Servicing,7,7.44
2026-08-18,Vadodara,srv-carp-01,Carpentry & Furniture Assembly,4,5.39
2026-08-18,Vadodara,srv-clean-01,Full Home Deep Cleaning,7,6.92
2026-08-18,Vadodara,srv-cook-01,Home Chef & Meal Preparation,6,5.33
2026-08-18,Vadodara,srv-elder-01,Elder Assistance & Companionship,5,4.36
2026-08-18,Vadodara,srv-elec-01,Electrical Repair & Wiring,7,7.22
2026-08-18,Vadodara,srv-garden-01,Gardening & Balcony Greenery,4,3.95
2026-08-18,Vadodara,srv-move-01,Moving & Heavy Lifting Assistance,3,2.44
2026-08-18,Vadodara,srv-paint-01,Wall Painting & Waterproofing,2,2.01
2026-08-18,Vadodara,srv-pest-01,Organic Pest Control,5,4.67
2026-08-18,Vadodara,srv-plumb-01,Plumbing Repair & Leakage Fix,5,6.37
2026-08-18,Vadodara,srv-soc-clean-01,Society Common Area Sanitization,4,2.02
2026-08-18,Vadodara,srv-soc-event-01,Community Event Sound & Electrical Setup,1,1.13
2026-08-18,Vadodara,srv-soc-tank-01,Water Sump & Overhead Tank Cleaning,1,1.4
2026-08-18,Visakhapatnam,srv-ac-01,AC Deep Foam Jet Servicing,8,7.39
2026-08-18,Visakhapatnam,srv-carp-01,Carpentry & Furniture Assembly,5,5.22
2026-08-18,Visakhapatnam,srv-clean-01,Full Home Deep Cleaning,6,6.62
2026-08-18,Visakhapatnam,srv-cook-01,Home Chef & Meal Preparation,6,5.51
2026-08-18,Visakhapatnam,srv-elder-01,Elder Assistance & Companionship,4,4.43
2026-08-18,Visakhapatnam,srv-elec-01,Electrical Repair & Wiring,7,7.43
2026-08-18,Visakhapatnam,srv-garden-01,Gardening & Balcony Greenery,5,4.32
2026-08-18,Visakhapatnam,srv-move-01,Moving & Heavy Lifting Assistance,3,2.41
2026-08-18,Visakhapatnam,srv-paint-01,Wall Painting & Waterproofing,2,2.05
2026-08-18,Visakhapatnam,srv-pest-01,Organic Pest Control,6,4.8
2026-08-18,Visakhapatnam,srv-plumb-01,Plumbing Repair & Leakage Fix,5,6.16
2026-08-18,Visakhapatnam,srv-soc-clean-01,Society Common Area Sanitization,2,2.05
2026-08-18,Visakhapatnam,srv-soc-event-01,Community Event Sound & Electrical Setup,1,1.17
2026-08-18,Visakhapatnam,srv-soc-tank-01,Water Sump & Overhead Tank Cleaning,1,1.67
2026-08-19,Ahmedabad,srv-ac-01,AC Deep Foam Jet Servicing,9,8.79
2026-08-19,Ahmedabad,srv-carp-01,Carpentry & Furniture Assembly,7,6.12
2026-08-19,Ahmedabad,srv-clean-01,Full Home Deep Cleaning,10,7.63
2026-08-19,Ahmedabad,srv-cook-01,Home Chef & Meal Preparation,7,7.07
2026-08-19,Ahmedabad,srv-elder-01,Elder Assistance & Companionship,5,5.44
2026-08-19,Ahmedabad,srv-elec-01,Electrical Repair & Wiring,9,9.3
2026-08-19,Ahmedabad,srv-garden-01,Gardening & Balcony Greenery,6,5.46
2026-08-19,Ahmedabad,srv-move-01,Moving & Heavy Lifting Assistance,3,2.91
2026-08-19,Ahmedabad,srv-paint-01,Wall Painting & Waterproofing,2,2.42
2026-08-19,Ahmedabad,srv-pest-01,Organic Pest Control,6,6.1
2026-08-19,Ahmedabad,srv-plumb-01,Plumbing Repair & Leakage Fix,7,7.15
2026-08-19,Ahmedabad,srv-soc-clean-01,Society Common Area Sanitization,2,2.42
2026-08-19,Ahmedabad,srv-soc-event-01,Community Event Sound & Electrical Setup,2,1.98
2026-08-19,Ahmedabad,srv-soc-tank-01,Water Sump & Overhead Tank Cleaning,2,2.01
2026-08-19,Bengaluru,srv-ac-01,AC Deep Foam Jet Servicing,12,13.74
2026-08-19,Bengaluru,srv-carp-01,Carpentry & Furniture Assembly,8,8.1
2026-08-19,Bengaluru,srv-clean-01,Full Home Deep Cleaning,11,11.25
2026-08-19,Bengaluru,srv-cook-01,Home Chef & Meal Preparation,12,9.92
2026-08-19,Bengaluru,srv-elder-01,Elder Assistance & Companionship,8,7.39
2026-08-19,Bengaluru,srv-elec-01,Electrical Repair & Wiring,14,12.52
2026-08-19,Bengaluru,srv-garden-01,Gardening & Balcony Greenery,6,6.38
2026-08-19,Bengaluru,srv-move-01,Moving & Heavy Lifting Assistance,5,4.04
2026-08-19,Bengaluru,srv-paint-01,Wall Painting & Waterproofing,3,3.49
2026-08-19,Bengaluru,srv-pest-01,Organic Pest Control,8,8.03
2026-08-19,Bengaluru,srv-plumb-01,Plumbing Repair & Leakage Fix,11,9.96
2026-08-19,Bengaluru,srv-soc-clean-01,Society Common Area Sanitization,4,3.48
2026-08-19,Bengaluru,srv-soc-event-01,Community Event Sound & Electrical Setup,2,2.56
2026-08-19,Bengaluru,srv-soc-tank-01,Water Sump & Overhead Tank Cleaning,3,2.54
2026-08-19,Bhopal,srv-ac-01,AC Deep Foam Jet Servicing,7,7.69
2026-08-19,Bhopal,srv-carp-01,Carpentry & Furniture Assembly,5,4.9
2026-08-19,Bhopal,srv-clean-01,Full Home Deep Cleaning,8,6.64
2026-08-19,Bhopal,srv-cook-01,Home Chef & Meal Preparation,6,5.95
2026-08-19,Bhopal,srv-elder-01,Elder Assistance & Companionship,4,4.47
2026-08-19,Bhopal,srv-elec-01,Electrical Repair & Wiring,6,7.24
2026-08-19,Bhopal,srv-garden-01,Gardening & Balcony Greenery,7,4.08
2026-08-19,Bhopal,srv-move-01,Moving & Heavy Lifting Assistance,2,2.3
2026-08-19,Bhopal,srv-paint-01,Wall Painting & Waterproofing,2,2.03
2026-08-19,Bhopal,srv-pest-01,Organic Pest Control,5,4.82
2026-08-19,Bhopal,srv-plumb-01,Plumbing Repair & Leakage Fix,5,6.29
2026-08-19,Bhopal,srv-soc-clean-01,Society Common Area Sanitization,2,2.16
2026-08-19,Bhopal,srv-soc-event-01,Community Event Sound & Electrical Setup,1,1.12
2026-08-19,Bhopal,srv-soc-tank-01,Water Sump & Overhead Tank Cleaning,1,1.37
2026-08-19,Chennai,srv-ac-01,AC Deep Foam Jet Servicing,9,9.46
2026-08-19,Chennai,srv-carp-01,Carpentry & Furniture Assembly,14,8.13
2026-08-19,Chennai,srv-clean-01,Full Home Deep Cleaning,9,10.09
2026-08-19,Chennai,srv-cook-01,Home Chef & Meal Preparation,7,8.11
2026-08-19,Chennai,srv-elder-01,Elder Assistance & Companionship,6,5.9
2026-08-19,Chennai,srv-elec-01,Electrical Repair & Wiring,9,9.78
2026-08-19,Chennai,srv-garden-01,Gardening & Balcony Greenery,6,5.82
2026-08-19,Chennai,srv-move-01,Moving & Heavy Lifting Assistance,6,3.4
2026-08-19,Chennai,srv-paint-01,Wall Painting & Waterproofing,3,3.04
2026-08-19,Chennai,srv-pest-01,Organic Pest Control,8,6.78
2026-08-19,Chennai,srv-plumb-01,Plumbing Repair & Leakage Fix,15,8.31
2026-08-19,Chennai,srv-soc-clean-01,Society Common Area Sanitization,2,2.81
2026-08-19,Chennai,srv-soc-event-01,Community Event Sound & Electrical Setup,2,2.23
2026-08-19,Chennai,srv-soc-tank-01,Water Sump & Overhead Tank Cleaning,2,2.1
2026-08-19,Coimbatore,srv-ac-01,AC Deep Foam Jet Servicing,6,8.25
2026-08-19,Coimbatore,srv-carp-01,Carpentry & Furniture Assembly,5,5.48
2026-08-19,Coimbatore,srv-clean-01,Full Home Deep Cleaning,7,6.93
2026-08-19,Coimbatore,srv-cook-01,Home Chef & Meal Preparation,6,6.39
2026-08-19,Coimbatore,srv-elder-01,Elder Assistance & Companionship,5,4.43
2026-08-19,Coimbatore,srv-elec-01,Electrical Repair & Wiring,8,7.55
2026-08-19,Coimbatore,srv-garden-01,Gardening & Balcony Greenery,8,4.54
2026-08-19,Coimbatore,srv-move-01,Moving & Heavy Lifting Assistance,2,2.36
2026-08-19,Coimbatore,srv-paint-01,Wall Painting & Waterproofing,2,2.11
2026-08-19,Coimbatore,srv-pest-01,Organic Pest Control,5,5.01
2026-08-19,Coimbatore,srv-plumb-01,Plumbing Repair & Leakage Fix,6,6.34
2026-08-19,Coimbatore,srv-soc-clean-01,Society Common Area Sanitization,2,2.04
2026-08-19,Coimbatore,srv-soc-event-01,Community Event Sound & Electrical Setup,1,1.17
2026-08-19,Coimbatore,srv-soc-tank-01,Water Sump & Overhead Tank Cleaning,2,1.31
2026-08-19,Delhi NCR,srv-ac-01,AC Deep Foam Jet Servicing,12,13.1
2026-08-19,Delhi NCR,srv-carp-01,Carpentry & Furniture Assembly,9,8.47
2026-08-19,Delhi NCR,srv-clean-01,Full Home Deep Cleaning,14,13.81
2026-08-19,Delhi NCR,srv-cook-01,Home Chef & Meal Preparation,9,9.74
2026-08-19,Delhi NCR,srv-elder-01,Elder Assistance & Companionship,8,7.36
2026-08-19,Delhi NCR,srv-elec-01,Electrical Repair & Wiring,15,12.7
2026-08-19,Delhi NCR,srv-garden-01,Gardening & Balcony Greenery,8,8.44
2026-08-19,Delhi NCR,srv-move-01,Moving & Heavy Lifting Assistance,8,3.9
2026-08-19,Delhi NCR,srv-paint-01,Wall Painting & Waterproofing,4,3.76
2026-08-19,Delhi NCR,srv-pest-01,Organic Pest Control,7,8.44
2026-08-19,Delhi NCR,srv-plumb-01,Plumbing Repair & Leakage Fix,10,10.57
2026-08-19,Delhi NCR,srv-soc-clean-01,Society Common Area Sanitization,4,3.33
2026-08-19,Delhi NCR,srv-soc-event-01,Community Event Sound & Electrical Setup,3,2.09
2026-08-19,Delhi NCR,srv-soc-tank-01,Water Sump & Overhead Tank Cleaning,2,2.74
2026-08-19,Gurugram,srv-ac-01,AC Deep Foam Jet Servicing,8,9.56
2026-08-19,Gurugram,srv-carp-01,Carpentry & Furniture Assembly,6,7.88
2026-08-19,Gurugram,srv-clean-01,Full Home Deep Cleaning,10,8.38
2026-08-19,Gurugram,srv-cook-01,Home Chef & Meal Preparation,6,6.97
2026-08-19,Gurugram,srv-elder-01,Elder Assistance & Companionship,6,5.59
2026-08-19,Gurugram,srv-elec-01,Electrical Repair & Wiring,10,9.42
2026-08-19,Gurugram,srv-garden-01,Gardening & Balcony Greenery,6,5.83
2026-08-19,Gurugram,srv-move-01,Moving & Heavy Lifting Assistance,3,2.88
2026-08-19,Gurugram,srv-paint-01,Wall Painting & Waterproofing,3,2.78
2026-08-19,Gurugram,srv-pest-01,Organic Pest Control,6,6.53
2026-08-19,Gurugram,srv-plumb-01,Plumbing Repair & Leakage Fix,7,7.68
2026-08-19,Gurugram,srv-soc-clean-01,Society Common Area Sanitization,3,2.42
2026-08-19,Gurugram,srv-soc-event-01,Community Event Sound & Electrical Setup,2,1.85
2026-08-19,Gurugram,srv-soc-tank-01,Water Sump & Overhead Tank Cleaning,2,2.12
2026-08-19,Hyderabad,srv-ac-01,AC Deep Foam Jet Servicing,9,10.2
2026-08-19,Hyderabad,srv-carp-01,Carpentry & Furniture Assembly,8,7.09
2026-08-19,Hyderabad,srv-clean-01,Full Home Deep Cleaning,9,9.64
2026-08-19,Hyderabad,srv-cook-01,Home Chef & Meal Preparation,8,8.61
2026-08-19,Hyderabad,srv-elder-01,Elder Assistance & Companionship,6,6.69
2026-08-19,Hyderabad,srv-elec-01,Electrical Repair & Wiring,11,10.56
2026-08-19,Hyderabad,srv-garden-01,Gardening & Balcony Greenery,6,6.16
2026-08-19,Hyderabad,srv-move-01,Moving & Heavy Lifting Assistance,3,3.67
2026-08-19,Hyderabad,srv-paint-01,Wall Painting & Waterproofing,3,3.11
2026-08-19,Hyderabad,srv-pest-01,Organic Pest Control,7,7.04
2026-08-19,Hyderabad,srv-plumb-01,Plumbing Repair & Leakage Fix,8,8.59
2026-08-19,Hyderabad,srv-soc-clean-01,Society Common Area Sanitization,3,3.12
2026-08-19,Hyderabad,srv-soc-event-01,Community Event Sound & Electrical Setup,2,2.08
2026-08-19,Hyderabad,srv-soc-tank-01,Water Sump & Overhead Tank Cleaning,2,2.11
2026-08-19,Indore,srv-ac-01,AC Deep Foam Jet Servicing,9,8.44
2026-08-19,Indore,srv-carp-01,Carpentry & Furniture Assembly,6,5.71
2026-08-19,Indore,srv-clean-01,Full Home Deep Cleaning,7,8.02
2026-08-19,Indore,srv-cook-01,Home Chef & Meal Preparation,6,6.27
2026-08-19,Indore,srv-elder-01,Elder Assistance & Companionship,5,4.91
2026-08-19,Indore,srv-elec-01,Electrical Repair & Wiring,8,8.42
2026-08-19,Indore,srv-garden-01,Gardening & Balcony Greenery,4,4.47
2026-08-19,Indore,srv-move-01,Moving & Heavy Lifting Assistance,3,2.68
2026-08-19,Indore,srv-paint-01,Wall Painting & Waterproofing,2,2.26
2026-08-19,Indore,srv-pest-01,Organic Pest Control,6,5.59
2026-08-19,Indore,srv-plumb-01,Plumbing Repair & Leakage Fix,7,6.51
2026-08-19,Indore,srv-soc-clean-01,Society Common Area Sanitization,2,2.1
2026-08-19,Indore,srv-soc-event-01,Community Event Sound & Electrical Setup,1,1.56
2026-08-19,Indore,srv-soc-tank-01,Water Sump & Overhead Tank Cleaning,2,1.58
2026-08-19,Jaipur,srv-ac-01,AC Deep Foam Jet Servicing,9,8.24
2026-08-19,Jaipur,srv-carp-01,Carpentry & Furniture Assembly,5,5.7
2026-08-19,Jaipur,srv-clean-01,Full Home Deep Cleaning,8,7.75
2026-08-19,Jaipur,srv-cook-01,Home Chef & Meal Preparation,7,6.31
2026-08-19,Jaipur,srv-elder-01,Elder Assistance & Companionship,5,4.68
2026-08-19,Jaipur,srv-elec-01,Electrical Repair & Wiring,8,8.36
2026-08-19,Jaipur,srv-garden-01,Gardening & Balcony Greenery,5,5.01
2026-08-19,Jaipur,srv-move-01,Moving & Heavy Lifting Assistance,3,2.94
2026-08-19,Jaipur,srv-paint-01,Wall Painting & Waterproofing,2,2.62
2026-08-19,Jaipur,srv-pest-01,Organic Pest Control,5,5.5
2026-08-19,Jaipur,srv-plumb-01,Plumbing Repair & Leakage Fix,7,6.89
2026-08-19,Jaipur,srv-soc-clean-01,Society Common Area Sanitization,2,2.51
2026-08-19,Jaipur,srv-soc-event-01,Community Event Sound & Electrical Setup,1,1.23
2026-08-19,Jaipur,srv-soc-tank-01,Water Sump & Overhead Tank Cleaning,2,1.97
2026-08-19,Kochi,srv-ac-01,AC Deep Foam Jet Servicing,7,9.06
2026-08-19,Kochi,srv-carp-01,Carpentry & Furniture Assembly,5,5.24
2026-08-19,Kochi,srv-clean-01,Full Home Deep Cleaning,6,7.07
2026-08-19,Kochi,srv-cook-01,Home Chef & Meal Preparation,6,6.28
2026-08-19,Kochi,srv-elder-01,Elder Assistance & Companionship,5,4.62
2026-08-19,Kochi,srv-elec-01,Electrical Repair & Wiring,8,8.67
2026-08-19,Kochi,srv-garden-01,Gardening & Balcony Greenery,5,4.68
2026-08-19,Kochi,srv-move-01,Moving & Heavy Lifting Assistance,3,2.38
2026-08-19,Kochi,srv-paint-01,Wall Painting & Waterproofing,2,2.08
2026-08-19,Kochi,srv-pest-01,Organic Pest Control,5,5.31
2026-08-19,Kochi,srv-plumb-01,Plumbing Repair & Leakage Fix,6,6.03
2026-08-19,Kochi,srv-soc-clean-01,Society Common Area Sanitization,2,2.1
2026-08-19,Kochi,srv-soc-event-01,Community Event Sound & Electrical Setup,1,1.45
2026-08-19,Kochi,srv-soc-tank-01,Water Sump & Overhead Tank Cleaning,1,1.91
2026-08-19,Kolkata,srv-ac-01,AC Deep Foam Jet Servicing,11,11.02
2026-08-19,Kolkata,srv-carp-01,Carpentry & Furniture Assembly,7,8.27
2026-08-19,Kolkata,srv-clean-01,Full Home Deep Cleaning,11,11.74
2026-08-19,Kolkata,srv-cook-01,Home Chef & Meal Preparation,9,7.71
2026-08-19,Kolkata,srv-elder-01,Elder Assistance & Companionship,8,6.18
2026-08-19,Kolkata,srv-elec-01,Electrical Repair & Wiring,10,10.7
2026-08-19,Kolkata,srv-garden-01,Gardening & Balcony Greenery,6,6.24
2026-08-19,Kolkata,srv-move-01,Moving & Heavy Lifting Assistance,3,3.97
2026-08-19,Kolkata,srv-paint-01,Wall Painting & Waterproofing,4,3.25
2026-08-19,Kolkata,srv-pest-01,Organic Pest Control,7,7.93
2026-08-19,Kolkata,srv-plumb-01,Plumbing Repair & Leakage Fix,8,8.73
2026-08-19,Kolkata,srv-soc-clean-01,Society Common Area Sanitization,3,3.18
2026-08-19,Kolkata,srv-soc-event-01,Community Event Sound & Electrical Setup,2,2.06
2026-08-19,Kolkata,srv-soc-tank-01,Water Sump & Overhead Tank Cleaning,3,2.1
2026-08-19,Lucknow,srv-ac-01,AC Deep Foam Jet Servicing,8,8.44
2026-08-19,Lucknow,srv-carp-01,Carpentry & Furniture Assembly,7,6.25
2026-08-19,Lucknow,srv-clean-01,Full Home Deep Cleaning,9,7.9
2026-08-19,Lucknow,srv-cook-01,Home Chef & Meal Preparation,7,6.72
2026-08-19,Lucknow,srv-elder-01,Elder Assistance & Companionship,6,5.38
2026-08-19,Lucknow,srv-elec-01,Electrical Repair & Wiring,9,9.41
2026-08-19,Lucknow,srv-garden-01,Gardening & Balcony Greenery,6,4.95
2026-08-19,Lucknow,srv-move-01,Moving & Heavy Lifting Assistance,3,2.84
2026-08-19,Lucknow,srv-paint-01,Wall Painting & Waterproofing,3,2.56
2026-08-19,Lucknow,srv-pest-01,Organic Pest Control,6,6.09
2026-08-19,Lucknow,srv-plumb-01,Plumbing Repair & Leakage Fix,8,7.89
2026-08-19,Lucknow,srv-soc-clean-01,Society Common Area Sanitization,2,2.21
2026-08-19,Lucknow,srv-soc-event-01,Community Event Sound & Electrical Setup,2,1.64
2026-08-19,Lucknow,srv-soc-tank-01,Water Sump & Overhead Tank Cleaning,2,1.98
2026-08-19,Mumbai,srv-ac-01,AC Deep Foam Jet Servicing,14,13.96
2026-08-19,Mumbai,srv-carp-01,Carpentry & Furniture Assembly,9,9.46
2026-08-19,Mumbai,srv-clean-01,Full Home Deep Cleaning,11,14.04
2026-08-19,Mumbai,srv-cook-01,Home Chef & Meal Preparation,11,11.62
2026-08-19,Mumbai,srv-elder-01,Elder Assistance & Companionship,10,8.53
2026-08-19,Mumbai,srv-elec-01,Electrical Repair & Wiring,14,13.94
2026-08-19,Mumbai,srv-garden-01,Gardening & Balcony Greenery,7,8.52
2026-08-19,Mumbai,srv-move-01,Moving & Heavy Lifting Assistance,4,4.53
2026-08-19,Mumbai,srv-paint-01,Wall Painting & Waterproofing,3,3.35
2026-08-19,Mumbai,srv-pest-01,Organic Pest Control,10,9.34
2026-08-19,Mumbai,srv-plumb-01,Plumbing Repair & Leakage Fix,11,11.78
2026-08-19,Mumbai,srv-soc-clean-01,Society Common Area Sanitization,3,3.83
2026-08-19,Mumbai,srv-soc-event-01,Community Event Sound & Electrical Setup,3,2.44
2026-08-19,Mumbai,srv-soc-tank-01,Water Sump & Overhead Tank Cleaning,3,2.63
2026-08-19,Nagpur,srv-ac-01,AC Deep Foam Jet Servicing,8,8.21
2026-08-19,Nagpur,srv-carp-01,Carpentry & Furniture Assembly,5,5.5
2026-08-19,Nagpur,srv-clean-01,Full Home Deep Cleaning,8,6.46
2026-08-19,Nagpur,srv-cook-01,Home Chef & Meal Preparation,6,5.91
2026-08-19,Nagpur,srv-elder-01,Elder Assistance & Companionship,5,4.51
2026-08-19,Nagpur,srv-elec-01,Electrical Repair & Wiring,8,8.14
2026-08-19,Nagpur,srv-garden-01,Gardening & Balcony Greenery,4,4.5
2026-08-19,Nagpur,srv-move-01,Moving & Heavy Lifting Assistance,3,2.4
2026-08-19,Nagpur,srv-paint-01,Wall Painting & Waterproofing,2,2.14
2026-08-19,Nagpur,srv-pest-01,Organic Pest Control,5,5.38
2026-08-19,Nagpur,srv-plumb-01,Plumbing Repair & Leakage Fix,6,6.37
2026-08-19,Nagpur,srv-soc-clean-01,Society Common Area Sanitization,2,2.06
2026-08-19,Nagpur,srv-soc-event-01,Community Event Sound & Electrical Setup,1,1.44
2026-08-19,Nagpur,srv-soc-tank-01,Water Sump & Overhead Tank Cleaning,2,1.64
2026-08-19,Patna,srv-ac-01,AC Deep Foam Jet Servicing,7,8.39
2026-08-19,Patna,srv-carp-01,Carpentry & Furniture Assembly,5,5.24
2026-08-19,Patna,srv-clean-01,Full Home Deep Cleaning,7,7.52
2026-08-19,Patna,srv-cook-01,Home Chef & Meal Preparation,5,5.57
2026-08-19,Patna,srv-elder-01,Elder Assistance & Companionship,5,4.57
2026-08-19,Patna,srv-elec-01,Electrical Repair & Wiring,8,7.65
2026-08-19,Patna,srv-garden-01,Gardening & Balcony Greenery,4,4.2
2026-08-19,Patna,srv-move-01,Moving & Heavy Lifting Assistance,2,2.35
2026-08-19,Patna,srv-paint-01,Wall Painting & Waterproofing,2,2.04
2026-08-19,Patna,srv-pest-01,Organic Pest Control,5,4.72
2026-08-19,Patna,srv-plumb-01,Plumbing Repair & Leakage Fix,6,5.77
2026-08-19,Patna,srv-soc-clean-01,Society Common Area Sanitization,2,2.03
2026-08-19,Patna,srv-soc-event-01,Community Event Sound & Electrical Setup,2,1.39
2026-08-19,Patna,srv-soc-tank-01,Water Sump & Overhead Tank Cleaning,2,1.69
2026-08-19,Pune,srv-ac-01,AC Deep Foam Jet Servicing,10,9.69
2026-08-19,Pune,srv-carp-01,Carpentry & Furniture Assembly,6,6.77
2026-08-19,Pune,srv-clean-01,Full Home Deep Cleaning,8,8.51
2026-08-19,Pune,srv-cook-01,Home Chef & Meal Preparation,8,6.97
2026-08-19,Pune,srv-elder-01,Elder Assistance & Companionship,6,5.8
2026-08-19,Pune,srv-elec-01,Electrical Repair & Wiring,9,9.57
2026-08-19,Pune,srv-garden-01,Gardening & Balcony Greenery,5,5.89
2026-08-19,Pune,srv-move-01,Moving & Heavy Lifting Assistance,3,3.23
2026-08-19,Pune,srv-paint-01,Wall Painting & Waterproofing,3,2.73
2026-08-19,Pune,srv-pest-01,Organic Pest Control,6,6.71
2026-08-19,Pune,srv-plumb-01,Plumbing Repair & Leakage Fix,7,7.79
2026-08-19,Pune,srv-soc-clean-01,Society Common Area Sanitization,3,2.49
2026-08-19,Pune,srv-soc-event-01,Community Event Sound & Electrical Setup,2,2.03
2026-08-19,Pune,srv-soc-tank-01,Water Sump & Overhead Tank Cleaning,2,2.04
2026-08-19,Surat,srv-ac-01,AC Deep Foam Jet Servicing,9,7.88
2026-08-19,Surat,srv-carp-01,Carpentry & Furniture Assembly,5,5.44
2026-08-19,Surat,srv-clean-01,Full Home Deep Cleaning,8,6.59
2026-08-19,Surat,srv-cook-01,Home Chef & Meal Preparation,6,5.83
2026-08-19,Surat,srv-elder-01,Elder Assistance & Companionship,4,4.88
2026-08-19,Surat,srv-elec-01,Electrical Repair & Wiring,7,7.85
2026-08-19,Surat,srv-garden-01,Gardening & Balcony Greenery,5,4.42
2026-08-19,Surat,srv-move-01,Moving & Heavy Lifting Assistance,2,2.72
2026-08-19,Surat,srv-paint-01,Wall Painting & Waterproofing,2,2.05
2026-08-19,Surat,srv-pest-01,Organic Pest Control,5,5.28
2026-08-19,Surat,srv-plumb-01,Plumbing Repair & Leakage Fix,6,7.19
2026-08-19,Surat,srv-soc-clean-01,Society Common Area Sanitization,2,2.04
2026-08-19,Surat,srv-soc-event-01,Community Event Sound & Electrical Setup,1,1.51
2026-08-19,Surat,srv-soc-tank-01,Water Sump & Overhead Tank Cleaning,1,1.65
2026-08-19,Vadodara,srv-ac-01,AC Deep Foam Jet Servicing,7,7.8
2026-08-19,Vadodara,srv-carp-01,Carpentry & Furniture Assembly,5,4.94
2026-08-19,Vadodara,srv-clean-01,Full Home Deep Cleaning,7,6.71
2026-08-19,Vadodara,srv-cook-01,Home Chef & Meal Preparation,6,5.51
2026-08-19,Vadodara,srv-elder-01,Elder Assistance & Companionship,4,4.36
2026-08-19,Vadodara,srv-elec-01,Electrical Repair & Wiring,8,7.37
2026-08-19,Vadodara,srv-garden-01,Gardening & Balcony Greenery,5,3.95
2026-08-19,Vadodara,srv-move-01,Moving & Heavy Lifting Assistance,2,2.51
2026-08-19,Vadodara,srv-paint-01,Wall Painting & Waterproofing,2,2.03
2026-08-19,Vadodara,srv-pest-01,Organic Pest Control,5,4.59
2026-08-19,Vadodara,srv-plumb-01,Plumbing Repair & Leakage Fix,5,6.07
2026-08-19,Vadodara,srv-soc-clean-01,Society Common Area Sanitization,2,2.17
2026-08-19,Vadodara,srv-soc-event-01,Community Event Sound & Electrical Setup,2,1.12
2026-08-19,Vadodara,srv-soc-tank-01,Water Sump & Overhead Tank Cleaning,2,1.62
2026-08-19,Visakhapatnam,srv-ac-01,AC Deep Foam Jet Servicing,8,7.23
2026-08-19,Visakhapatnam,srv-carp-01,Carpentry & Furniture Assembly,5,5.1
2026-08-19,Visakhapatnam,srv-clean-01,Full Home Deep Cleaning,9,6.67
2026-08-19,Visakhapatnam,srv-cook-01,Home Chef & Meal Preparation,6,5.64
2026-08-19,Visakhapatnam,srv-elder-01,Elder Assistance & Companionship,5,4.45
2026-08-19,Visakhapatnam,srv-elec-01,Electrical Repair & Wiring,7,7.09
2026-08-19,Visakhapatnam,srv-garden-01,Gardening & Balcony Greenery,5,4.33
2026-08-19,Visakhapatnam,srv-move-01,Moving & Heavy Lifting Assistance,2,2.68
2026-08-19,Visakhapatnam,srv-paint-01,Wall Painting & Waterproofing,2,2.07
2026-08-19,Visakhapatnam,srv-pest-01,Organic Pest Control,5,5.0
2026-08-19,Visakhapatnam,srv-plumb-01,Plumbing Repair & Leakage Fix,5,5.85
2026-08-19,Visakhapatnam,srv-soc-clean-01,Society Common Area Sanitization,2,2.06
2026-08-19,Visakhapatnam,srv-soc-event-01,Community Event Sound & Electrical Setup,1,1.19
2026-08-19,Visakhapatnam,srv-soc-tank-01,Water Sump & Overhead Tank Cleaning,1,1.57
2026-08-20,Ahmedabad,srv-ac-01,AC Deep Foam Jet Servicing,8,9.14
2026-08-20,Ahmedabad,srv-carp-01,Carpentry & Furniture Assembly,6,6.42
2026-08-20,Ahmedabad,srv-clean-01,Full Home Deep Cleaning,8,8.03
2026-08-20,Ahmedabad,srv-cook-01,Home Chef & Meal Preparation,7,6.98
2026-08-20,Ahmedabad,srv-elder-01,Elder Assistance & Companionship,6,5.49
2026-08-20,Ahmedabad,srv-elec-01,Electrical Repair & Wiring,10,9.25
2026-08-20,Ahmedabad,srv-garden-01,Gardening & Balcony Greenery,5,5.52
2026-08-20,Ahmedabad,srv-move-01,Moving & Heavy Lifting Assistance,3,2.9
2026-08-20,Ahmedabad,srv-paint-01,Wall Painting & Waterproofing,5,2.45
2026-08-20,Ahmedabad,srv-pest-01,Organic Pest Control,7,6.11
2026-08-20,Ahmedabad,srv-plumb-01,Plumbing Repair & Leakage Fix,8,7.73
2026-08-20,Ahmedabad,srv-soc-clean-01,Society Common Area Sanitization,2,2.54
2026-08-20,Ahmedabad,srv-soc-event-01,Community Event Sound & Electrical Setup,2,1.97
2026-08-20,Ahmedabad,srv-soc-tank-01,Water Sump & Overhead Tank Cleaning,2,2.01
2026-08-20,Bengaluru,srv-ac-01,AC Deep Foam Jet Servicing,11,12.8
2026-08-20,Bengaluru,srv-carp-01,Carpentry & Furniture Assembly,10,8.15
2026-08-20,Bengaluru,srv-clean-01,Full Home Deep Cleaning,13,10.69
2026-08-20,Bengaluru,srv-cook-01,Home Chef & Meal Preparation,10,10.5
2026-08-20,Bengaluru,srv-elder-01,Elder Assistance & Companionship,6,7.56
2026-08-20,Bengaluru,srv-elec-01,Electrical Repair & Wiring,14,12.29
2026-08-20,Bengaluru,srv-garden-01,Gardening & Balcony Greenery,8,6.62
2026-08-20,Bengaluru,srv-move-01,Moving & Heavy Lifting Assistance,4,4.25
2026-08-20,Bengaluru,srv-paint-01,Wall Painting & Waterproofing,3,3.39
2026-08-20,Bengaluru,srv-pest-01,Organic Pest Control,8,8.11
2026-08-20,Bengaluru,srv-plumb-01,Plumbing Repair & Leakage Fix,9,10.13
2026-08-20,Bengaluru,srv-soc-clean-01,Society Common Area Sanitization,3,3.43
2026-08-20,Bengaluru,srv-soc-event-01,Community Event Sound & Electrical Setup,2,2.1
2026-08-20,Bengaluru,srv-soc-tank-01,Water Sump & Overhead Tank Cleaning,3,2.43
2026-08-20,Bhopal,srv-ac-01,AC Deep Foam Jet Servicing,6,7.78
2026-08-20,Bhopal,srv-carp-01,Carpentry & Furniture Assembly,5,4.95
2026-08-20,Bhopal,srv-clean-01,Full Home Deep Cleaning,6,6.91
2026-08-20,Bhopal,srv-cook-01,Home Chef & Meal Preparation,6,5.31
2026-08-20,Bhopal,srv-elder-01,Elder Assistance & Companionship,5,4.31
2026-08-20,Bhopal,srv-elec-01,Electrical Repair & Wiring,8,7.11
2026-08-20,Bhopal,srv-garden-01,Gardening & Balcony Greenery,4,4.42
2026-08-20,Bhopal,srv-move-01,Moving & Heavy Lifting Assistance,2,2.35
2026-08-20,Bhopal,srv-paint-01,Wall Painting & Waterproofing,2,2.05
2026-08-20,Bhopal,srv-pest-01,Organic Pest Control,5,4.91
2026-08-20,Bhopal,srv-plumb-01,Plumbing Repair & Leakage Fix,6,6.11
2026-08-20,Bhopal,srv-soc-clean-01,Society Common Area Sanitization,2,2.16
2026-08-20,Bhopal,srv-soc-event-01,Community Event Sound & Electrical Setup,1,1.15
2026-08-20,Bhopal,srv-soc-tank-01,Water Sump & Overhead Tank Cleaning,2,1.36
2026-08-20,Chennai,srv-ac-01,AC Deep Foam Jet Servicing,11,10.02
2026-08-20,Chennai,srv-carp-01,Carpentry & Furniture Assembly,7,8.32
2026-08-20,Chennai,srv-clean-01,Full Home Deep Cleaning,10,10.72
2026-08-20,Chennai,srv-cook-01,Home Chef & Meal Preparation,9,7.94
2026-08-20,Chennai,srv-elder-01,Elder Assistance & Companionship,6,5.78
2026-08-20,Chennai,srv-elec-01,Electrical Repair & Wiring,9,10.57
2026-08-20,Chennai,srv-garden-01,Gardening & Balcony Greenery,5,5.82
2026-08-20,Chennai,srv-move-01,Moving & Heavy Lifting Assistance,3,3.88
2026-08-20,Chennai,srv-paint-01,Wall Painting & Waterproofing,5,3.08
2026-08-20,Chennai,srv-pest-01,Organic Pest Control,8,7.25
2026-08-20,Chennai,srv-plumb-01,Plumbing Repair & Leakage Fix,8,8.44
2026-08-20,Chennai,srv-soc-clean-01,Society Common Area Sanitization,3,2.46
2026-08-20,Chennai,srv-soc-event-01,Community Event Sound & Electrical Setup,2,2.12
2026-08-20,Chennai,srv-soc-tank-01,Water Sump & Overhead Tank Cleaning,2,2.1
2026-08-20,Coimbatore,srv-ac-01,AC Deep Foam Jet Servicing,7,9.49
2026-08-20,Coimbatore,srv-carp-01,Carpentry & Furniture Assembly,5,5.3
2026-08-20,Coimbatore,srv-clean-01,Full Home Deep Cleaning,7,7.05
2026-08-20,Coimbatore,srv-cook-01,Home Chef & Meal Preparation,5,6.04
2026-08-20,Coimbatore,srv-elder-01,Elder Assistance & Companionship,5,4.34
2026-08-20,Coimbatore,srv-elec-01,Electrical Repair & Wiring,8,7.34
2026-08-20,Coimbatore,srv-garden-01,Gardening & Balcony Greenery,4,4.4
2026-08-20,Coimbatore,srv-move-01,Moving & Heavy Lifting Assistance,2,2.32
2026-08-20,Coimbatore,srv-paint-01,Wall Painting & Waterproofing,2,2.08
2026-08-20,Coimbatore,srv-pest-01,Organic Pest Control,6,4.99
2026-08-20,Coimbatore,srv-plumb-01,Plumbing Repair & Leakage Fix,7,6.37
2026-08-20,Coimbatore,srv-soc-clean-01,Society Common Area Sanitization,2,1.98
2026-08-20,Coimbatore,srv-soc-event-01,Community Event Sound & Electrical Setup,2,1.06
2026-08-20,Coimbatore,srv-soc-tank-01,Water Sump & Overhead Tank Cleaning,2,1.35
2026-08-20,Delhi NCR,srv-ac-01,AC Deep Foam Jet Servicing,12,13.62
2026-08-20,Delhi NCR,srv-carp-01,Carpentry & Furniture Assembly,9,8.85
2026-08-20,Delhi NCR,srv-clean-01,Full Home Deep Cleaning,11,12.03
2026-08-20,Delhi NCR,srv-cook-01,Home Chef & Meal Preparation,9,10.06
2026-08-20,Delhi NCR,srv-elder-01,Elder Assistance & Companionship,7,7.47
2026-08-20,Delhi NCR,srv-elec-01,Electrical Repair & Wiring,15,13.09
2026-08-20,Delhi NCR,srv-garden-01,Gardening & Balcony Greenery,7,7.88
2026-08-20,Delhi NCR,srv-move-01,Moving & Heavy Lifting Assistance,5,3.97
2026-08-20,Delhi NCR,srv-paint-01,Wall Painting & Waterproofing,3,3.62
2026-08-20,Delhi NCR,srv-pest-01,Organic Pest Control,9,7.96
2026-08-20,Delhi NCR,srv-plumb-01,Plumbing Repair & Leakage Fix,11,10.99
2026-08-20,Delhi NCR,srv-soc-clean-01,Society Common Area Sanitization,3,3.66
2026-08-20,Delhi NCR,srv-soc-event-01,Community Event Sound & Electrical Setup,3,2.35
2026-08-20,Delhi NCR,srv-soc-tank-01,Water Sump & Overhead Tank Cleaning,3,2.49
2026-08-20,Gurugram,srv-ac-01,AC Deep Foam Jet Servicing,8,9.54
2026-08-20,Gurugram,srv-carp-01,Carpentry & Furniture Assembly,7,7.56
2026-08-20,Gurugram,srv-clean-01,Full Home Deep Cleaning,7,8.14
2026-08-20,Gurugram,srv-cook-01,Home Chef & Meal Preparation,8,7.0
2026-08-20,Gurugram,srv-elder-01,Elder Assistance & Companionship,5,5.39
2026-08-20,Gurugram,srv-elec-01,Electrical Repair & Wiring,9,9.44
2026-08-20,Gurugram,srv-garden-01,Gardening & Balcony Greenery,5,5.7
2026-08-20,Gurugram,srv-move-01,Moving & Heavy Lifting Assistance,3,2.88
2026-08-20,Gurugram,srv-paint-01,Wall Painting & Waterproofing,2,2.63
2026-08-20,Gurugram,srv-pest-01,Organic Pest Control,6,6.69
2026-08-20,Gurugram,srv-plumb-01,Plumbing Repair & Leakage Fix,7,7.65
2026-08-20,Gurugram,srv-soc-clean-01,Society Common Area Sanitization,2,2.72
2026-08-20,Gurugram,srv-soc-event-01,Community Event Sound & Electrical Setup,3,1.88
2026-08-20,Gurugram,srv-soc-tank-01,Water Sump & Overhead Tank Cleaning,2,2.08
2026-08-20,Hyderabad,srv-ac-01,AC Deep Foam Jet Servicing,13,11.04
2026-08-20,Hyderabad,srv-carp-01,Carpentry & Furniture Assembly,6,7.51
2026-08-20,Hyderabad,srv-clean-01,Full Home Deep Cleaning,11,9.53
2026-08-20,Hyderabad,srv-cook-01,Home Chef & Meal Preparation,9,7.93
2026-08-20,Hyderabad,srv-elder-01,Elder Assistance & Companionship,6,5.89
2026-08-20,Hyderabad,srv-elec-01,Electrical Repair & Wiring,10,10.54
2026-08-20,Hyderabad,srv-garden-01,Gardening & Balcony Greenery,6,6.27
2026-08-20,Hyderabad,srv-move-01,Moving & Heavy Lifting Assistance,3,3.42
2026-08-20,Hyderabad,srv-paint-01,Wall Painting & Waterproofing,3,3.12
2026-08-20,Hyderabad,srv-pest-01,Organic Pest Control,6,6.89
2026-08-20,Hyderabad,srv-plumb-01,Plumbing Repair & Leakage Fix,8,9.09
2026-08-20,Hyderabad,srv-soc-clean-01,Society Common Area Sanitization,5,3.13
2026-08-20,Hyderabad,srv-soc-event-01,Community Event Sound & Electrical Setup,2,2.06
2026-08-20,Hyderabad,srv-soc-tank-01,Water Sump & Overhead Tank Cleaning,2,2.07
2026-08-20,Indore,srv-ac-01,AC Deep Foam Jet Servicing,9,9.09
2026-08-20,Indore,srv-carp-01,Carpentry & Furniture Assembly,5,5.86
2026-08-20,Indore,srv-clean-01,Full Home Deep Cleaning,8,7.73
2026-08-20,Indore,srv-cook-01,Home Chef & Meal Preparation,7,6.07
2026-08-20,Indore,srv-elder-01,Elder Assistance & Companionship,5,4.69
2026-08-20,Indore,srv-elec-01,Electrical Repair & Wiring,8,7.91
2026-08-20,Indore,srv-garden-01,Gardening & Balcony Greenery,4,4.61
2026-08-20,Indore,srv-move-01,Moving & Heavy Lifting Assistance,2,2.74
2026-08-20,Indore,srv-paint-01,Wall Painting & Waterproofing,2,2.24
2026-08-20,Indore,srv-pest-01,Organic Pest Control,6,5.51
2026-08-20,Indore,srv-plumb-01,Plumbing Repair & Leakage Fix,8,6.78
2026-08-20,Indore,srv-soc-clean-01,Society Common Area Sanitization,2,2.19
2026-08-20,Indore,srv-soc-event-01,Community Event Sound & Electrical Setup,1,1.51
2026-08-20,Indore,srv-soc-tank-01,Water Sump & Overhead Tank Cleaning,2,1.66
2026-08-20,Jaipur,srv-ac-01,AC Deep Foam Jet Servicing,8,8.34
2026-08-20,Jaipur,srv-carp-01,Carpentry & Furniture Assembly,5,5.69
2026-08-20,Jaipur,srv-clean-01,Full Home Deep Cleaning,9,7.95
2026-08-20,Jaipur,srv-cook-01,Home Chef & Meal Preparation,7,6.42
2026-08-20,Jaipur,srv-elder-01,Elder Assistance & Companionship,4,4.79
2026-08-20,Jaipur,srv-elec-01,Electrical Repair & Wiring,8,8.05
2026-08-20,Jaipur,srv-garden-01,Gardening & Balcony Greenery,5,4.83
2026-08-20,Jaipur,srv-move-01,Moving & Heavy Lifting Assistance,3,2.95
2026-08-20,Jaipur,srv-paint-01,Wall Painting & Waterproofing,3,2.38
2026-08-20,Jaipur,srv-pest-01,Organic Pest Control,5,5.42
2026-08-20,Jaipur,srv-plumb-01,Plumbing Repair & Leakage Fix,6,6.89
2026-08-20,Jaipur,srv-soc-clean-01,Society Common Area Sanitization,2,2.32
2026-08-20,Jaipur,srv-soc-event-01,Community Event Sound & Electrical Setup,1,1.29
2026-08-20,Jaipur,srv-soc-tank-01,Water Sump & Overhead Tank Cleaning,1,1.97
2026-08-20,Kochi,srv-ac-01,AC Deep Foam Jet Servicing,8,8.09
2026-08-20,Kochi,srv-carp-01,Carpentry & Furniture Assembly,5,5.4
2026-08-20,Kochi,srv-clean-01,Full Home Deep Cleaning,9,7.18
2026-08-20,Kochi,srv-cook-01,Home Chef & Meal Preparation,7,6.15
2026-08-20,Kochi,srv-elder-01,Elder Assistance & Companionship,4,4.83
2026-08-20,Kochi,srv-elec-01,Electrical Repair & Wiring,9,7.98
2026-08-20,Kochi,srv-garden-01,Gardening & Balcony Greenery,5,4.67
2026-08-20,Kochi,srv-move-01,Moving & Heavy Lifting Assistance,2,2.68
2026-08-20,Kochi,srv-paint-01,Wall Painting & Waterproofing,2,2.1
2026-08-20,Kochi,srv-pest-01,Organic Pest Control,5,5.18
2026-08-20,Kochi,srv-plumb-01,Plumbing Repair & Leakage Fix,11,6.33
2026-08-20,Kochi,srv-soc-clean-01,Society Common Area Sanitization,2,2.1
2026-08-20,Kochi,srv-soc-event-01,Community Event Sound & Electrical Setup,2,1.49
2026-08-20,Kochi,srv-soc-tank-01,Water Sump & Overhead Tank Cleaning,2,1.67
2026-08-20,Kolkata,srv-ac-01,AC Deep Foam Jet Servicing,11,11.15
2026-08-20,Kolkata,srv-carp-01,Carpentry & Furniture Assembly,8,7.76
2026-08-20,Kolkata,srv-clean-01,Full Home Deep Cleaning,10,10.97
2026-08-20,Kolkata,srv-cook-01,Home Chef & Meal Preparation,8,8.14
2026-08-20,Kolkata,srv-elder-01,Elder Assistance & Companionship,7,6.45
2026-08-20,Kolkata,srv-elec-01,Electrical Repair & Wiring,12,11.21
2026-08-20,Kolkata,srv-garden-01,Gardening & Balcony Greenery,6,6.66
2026-08-20,Kolkata,srv-move-01,Moving & Heavy Lifting Assistance,4,3.88
2026-08-20,Kolkata,srv-paint-01,Wall Painting & Waterproofing,3,3.54
2026-08-20,Kolkata,srv-pest-01,Organic Pest Control,7,7.76
2026-08-20,Kolkata,srv-plumb-01,Plumbing Repair & Leakage Fix,9,8.71
2026-08-20,Kolkata,srv-soc-clean-01,Society Common Area Sanitization,3,3.17
2026-08-20,Kolkata,srv-soc-event-01,Community Event Sound & Electrical Setup,2,2.05
2026-08-20,Kolkata,srv-soc-tank-01,Water Sump & Overhead Tank Cleaning,2,2.15
2026-08-20,Lucknow,srv-ac-01,AC Deep Foam Jet Servicing,9,8.59
2026-08-20,Lucknow,srv-carp-01,Carpentry & Furniture Assembly,7,6.36
2026-08-20,Lucknow,srv-clean-01,Full Home Deep Cleaning,8,8.34
2026-08-20,Lucknow,srv-cook-01,Home Chef & Meal Preparation,6,6.92
2026-08-20,Lucknow,srv-elder-01,Elder Assistance & Companionship,5,5.31
2026-08-20,Lucknow,srv-elec-01,Electrical Repair & Wiring,9,9.64
2026-08-20,Lucknow,srv-garden-01,Gardening & Balcony Greenery,4,4.84
2026-08-20,Lucknow,srv-move-01,Moving & Heavy Lifting Assistance,3,2.84
2026-08-20,Lucknow,srv-paint-01,Wall Painting & Waterproofing,3,2.72
2026-08-20,Lucknow,srv-pest-01,Organic Pest Control,6,5.96
2026-08-20,Lucknow,srv-plumb-01,Plumbing Repair & Leakage Fix,7,7.95
2026-08-20,Lucknow,srv-soc-clean-01,Society Common Area Sanitization,2,2.16
2026-08-20,Lucknow,srv-soc-event-01,Community Event Sound & Electrical Setup,2,1.66
2026-08-20,Lucknow,srv-soc-tank-01,Water Sump & Overhead Tank Cleaning,2,1.98
2026-08-20,Mumbai,srv-ac-01,AC Deep Foam Jet Servicing,13,13.39
2026-08-20,Mumbai,srv-carp-01,Carpentry & Furniture Assembly,8,9.0
2026-08-20,Mumbai,srv-clean-01,Full Home Deep Cleaning,13,12.34
2026-08-20,Mumbai,srv-cook-01,Home Chef & Meal Preparation,9,10.95
2026-08-20,Mumbai,srv-elder-01,Elder Assistance & Companionship,7,7.84
2026-08-20,Mumbai,srv-elec-01,Electrical Repair & Wiring,12,13.83
2026-08-20,Mumbai,srv-garden-01,Gardening & Balcony Greenery,7,7.8
2026-08-20,Mumbai,srv-move-01,Moving & Heavy Lifting Assistance,4,4.41
2026-08-20,Mumbai,srv-paint-01,Wall Painting & Waterproofing,3,3.77
2026-08-20,Mumbai,srv-pest-01,Organic Pest Control,10,10.17
2026-08-20,Mumbai,srv-plumb-01,Plumbing Repair & Leakage Fix,10,11.69
2026-08-20,Mumbai,srv-soc-clean-01,Society Common Area Sanitization,3,3.79
2026-08-20,Mumbai,srv-soc-event-01,Community Event Sound & Electrical Setup,2,2.76
2026-08-20,Mumbai,srv-soc-tank-01,Water Sump & Overhead Tank Cleaning,3,2.68
2026-08-20,Nagpur,srv-ac-01,AC Deep Foam Jet Servicing,7,8.02
2026-08-20,Nagpur,srv-carp-01,Carpentry & Furniture Assembly,5,5.55
2026-08-20,Nagpur,srv-clean-01,Full Home Deep Cleaning,7,7.72
2026-08-20,Nagpur,srv-cook-01,Home Chef & Meal Preparation,6,5.85
2026-08-20,Nagpur,srv-elder-01,Elder Assistance & Companionship,4,4.69
2026-08-20,Nagpur,srv-elec-01,Electrical Repair & Wiring,9,7.89
2026-08-20,Nagpur,srv-garden-01,Gardening & Balcony Greenery,5,4.52
2026-08-20,Nagpur,srv-move-01,Moving & Heavy Lifting Assistance,3,2.65
2026-08-20,Nagpur,srv-paint-01,Wall Painting & Waterproofing,2,2.15
2026-08-20,Nagpur,srv-pest-01,Organic Pest Control,5,5.32
2026-08-20,Nagpur,srv-plumb-01,Plumbing Repair & Leakage Fix,6,6.47
2026-08-20,Nagpur,srv-soc-clean-01,Society Common Area Sanitization,2,2.06
2026-08-20,Nagpur,srv-soc-event-01,Community Event Sound & Electrical Setup,2,1.53
2026-08-20,Nagpur,srv-soc-tank-01,Water Sump & Overhead Tank Cleaning,2,1.63
2026-08-20,Patna,srv-ac-01,AC Deep Foam Jet Servicing,9,8.09
2026-08-20,Patna,srv-carp-01,Carpentry & Furniture Assembly,5,5.18
2026-08-20,Patna,srv-clean-01,Full Home Deep Cleaning,7,6.94
2026-08-20,Patna,srv-cook-01,Home Chef & Meal Preparation,6,5.6
2026-08-20,Patna,srv-elder-01,Elder Assistance & Companionship,5,4.44
2026-08-20,Patna,srv-elec-01,Electrical Repair & Wiring,8,7.6
2026-08-20,Patna,srv-garden-01,Gardening & Balcony Greenery,4,4.33
2026-08-20,Patna,srv-move-01,Moving & Heavy Lifting Assistance,3,2.34
2026-08-20,Patna,srv-paint-01,Wall Painting & Waterproofing,2,2.03
2026-08-20,Patna,srv-pest-01,Organic Pest Control,6,5.09
2026-08-20,Patna,srv-plumb-01,Plumbing Repair & Leakage Fix,6,6.11
2026-08-20,Patna,srv-soc-clean-01,Society Common Area Sanitization,2,2.0
2026-08-20,Patna,srv-soc-event-01,Community Event Sound & Electrical Setup,1,1.49
2026-08-20,Patna,srv-soc-tank-01,Water Sump & Overhead Tank Cleaning,1,1.83
2026-08-20,Pune,srv-ac-01,AC Deep Foam Jet Servicing,8,9.69
2026-08-20,Pune,srv-carp-01,Carpentry & Furniture Assembly,7,6.62
2026-08-20,Pune,srv-clean-01,Full Home Deep Cleaning,10,8.95
2026-08-20,Pune,srv-cook-01,Home Chef & Meal Preparation,6,7.29
2026-08-20,Pune,srv-elder-01,Elder Assistance & Companionship,6,5.67
2026-08-20,Pune,srv-elec-01,Electrical Repair & Wiring,10,10.57
2026-08-20,Pune,srv-garden-01,Gardening & Balcony Greenery,6,5.81
2026-08-20,Pune,srv-move-01,Moving & Heavy Lifting Assistance,3,3.25
2026-08-20,Pune,srv-paint-01,Wall Painting & Waterproofing,2,2.88
2026-08-20,Pune,srv-pest-01,Organic Pest Control,6,6.39
2026-08-20,Pune,srv-plumb-01,Plumbing Repair & Leakage Fix,7,7.76
2026-08-20,Pune,srv-soc-clean-01,Society Common Area Sanitization,2,2.79
2026-08-20,Pune,srv-soc-event-01,Community Event Sound & Electrical Setup,2,2.01
2026-08-20,Pune,srv-soc-tank-01,Water Sump & Overhead Tank Cleaning,2,2.01
2026-08-20,Surat,srv-ac-01,AC Deep Foam Jet Servicing,8,8.39
2026-08-20,Surat,srv-carp-01,Carpentry & Furniture Assembly,6,5.5
2026-08-20,Surat,srv-clean-01,Full Home Deep Cleaning,8,7.38
2026-08-20,Surat,srv-cook-01,Home Chef & Meal Preparation,7,5.69
2026-08-20,Surat,srv-elder-01,Elder Assistance & Companionship,4,4.75
2026-08-20,Surat,srv-elec-01,Electrical Repair & Wiring,9,7.8
2026-08-20,Surat,srv-garden-01,Gardening & Balcony Greenery,4,4.6
2026-08-20,Surat,srv-move-01,Moving & Heavy Lifting Assistance,3,2.44
2026-08-20,Surat,srv-paint-01,Wall Painting & Waterproofing,2,2.05
2026-08-20,Surat,srv-pest-01,Organic Pest Control,4,5.16
2026-08-20,Surat,srv-plumb-01,Plumbing Repair & Leakage Fix,7,7.62
2026-08-20,Surat,srv-soc-clean-01,Society Common Area Sanitization,2,2.03
2026-08-20,Surat,srv-soc-event-01,Community Event Sound & Electrical Setup,2,1.5
2026-08-20,Surat,srv-soc-tank-01,Water Sump & Overhead Tank Cleaning,1,1.49
2026-08-20,Vadodara,srv-ac-01,AC Deep Foam Jet Servicing,6,7.94
2026-08-20,Vadodara,srv-carp-01,Carpentry & Furniture Assembly,4,4.95
2026-08-20,Vadodara,srv-clean-01,Full Home Deep Cleaning,7,6.66
2026-08-20,Vadodara,srv-cook-01,Home Chef & Meal Preparation,6,5.48
2026-08-20,Vadodara,srv-elder-01,Elder Assistance & Companionship,4,4.27
2026-08-20,Vadodara,srv-elec-01,Electrical Repair & Wiring,7,7.29
2026-08-20,Vadodara,srv-garden-01,Gardening & Balcony Greenery,4,4.12
2026-08-20,Vadodara,srv-move-01,Moving & Heavy Lifting Assistance,2,2.26
2026-08-20,Vadodara,srv-paint-01,Wall Painting & Waterproofing,2,2.02
2026-08-20,Vadodara,srv-pest-01,Organic Pest Control,6,4.73
2026-08-20,Vadodara,srv-plumb-01,Plumbing Repair & Leakage Fix,6,6.05
2026-08-20,Vadodara,srv-soc-clean-01,Society Common Area Sanitization,3,2.13
2026-08-20,Vadodara,srv-soc-event-01,Community Event Sound & Electrical Setup,1,1.17
2026-08-20,Vadodara,srv-soc-tank-01,Water Sump & Overhead Tank Cleaning,2,1.38
2026-08-20,Visakhapatnam,srv-ac-01,AC Deep Foam Jet Servicing,8,7.62
2026-08-20,Visakhapatnam,srv-carp-01,Carpentry & Furniture Assembly,6,5.06
2026-08-20,Visakhapatnam,srv-clean-01,Full Home Deep Cleaning,7,7.14
2026-08-20,Visakhapatnam,srv-cook-01,Home Chef & Meal Preparation,6,5.52
2026-08-20,Visakhapatnam,srv-elder-01,Elder Assistance & Companionship,7,4.37
2026-08-20,Visakhapatnam,srv-elec-01,Electrical Repair & Wiring,13,7.26
2026-08-20,Visakhapatnam,srv-garden-01,Gardening & Balcony Greenery,5,4.39
2026-08-20,Visakhapatnam,srv-move-01,Moving & Heavy Lifting Assistance,2,2.39
2026-08-20,Visakhapatnam,srv-paint-01,Wall Painting & Waterproofing,2,2.05
2026-08-20,Visakhapatnam,srv-pest-01,Organic Pest Control,4,5.0
2026-08-20,Visakhapatnam,srv-plumb-01,Plumbing Repair & Leakage Fix,5,6.12
2026-08-20,Visakhapatnam,srv-soc-clean-01,Society Common Area Sanitization,2,2.04
2026-08-20,Visakhapatnam,srv-soc-event-01,Community Event Sound & Electrical Setup,1,1.17
2026-08-20,Visakhapatnam,srv-soc-tank-01,Water Sump & Overhead Tank Cleaning,2,1.49
2026-08-21,Ahmedabad,srv-ac-01,AC Deep Foam Jet Servicing,8,10.17
2026-08-21,Ahmedabad,srv-carp-01,Carpentry & Furniture Assembly,5,6.06
2026-08-21,Ahmedabad,srv-clean-01,Full Home Deep Cleaning,9,7.88
2026-08-21,Ahmedabad,srv-cook-01,Home Chef & Meal Preparation,8,7.04
2026-08-21,Ahmedabad,srv-elder-01,Elder Assistance & Companionship,6,5.51
2026-08-21,Ahmedabad,srv-elec-01,Electrical Repair & Wiring,10,9.74
2026-08-21,Ahmedabad,srv-garden-01,Gardening & Balcony Greenery,6,5.9
2026-08-21,Ahmedabad,srv-move-01,Moving & Heavy Lifting Assistance,3,2.93
2026-08-21,Ahmedabad,srv-paint-01,Wall Painting & Waterproofing,3,2.76
2026-08-21,Ahmedabad,srv-pest-01,Organic Pest Control,6,6.05
2026-08-21,Ahmedabad,srv-plumb-01,Plumbing Repair & Leakage Fix,8,7.78
2026-08-21,Ahmedabad,srv-soc-clean-01,Society Common Area Sanitization,3,2.43
2026-08-21,Ahmedabad,srv-soc-event-01,Community Event Sound & Electrical Setup,2,2.02
2026-08-21,Ahmedabad,srv-soc-tank-01,Water Sump & Overhead Tank Cleaning,2,2.07
2026-08-21,Bengaluru,srv-ac-01,AC Deep Foam Jet Servicing,11,12.4
2026-08-21,Bengaluru,srv-carp-01,Carpentry & Furniture Assembly,9,8.24
2026-08-21,Bengaluru,srv-clean-01,Full Home Deep Cleaning,12,10.87
2026-08-21,Bengaluru,srv-cook-01,Home Chef & Meal Preparation,9,9.44
2026-08-21,Bengaluru,srv-elder-01,Elder Assistance & Companionship,7,7.63
2026-08-21,Bengaluru,srv-elec-01,Electrical Repair & Wiring,11,11.85
2026-08-21,Bengaluru,srv-garden-01,Gardening & Balcony Greenery,8,6.76
2026-08-21,Bengaluru,srv-move-01,Moving & Heavy Lifting Assistance,4,4.2
2026-08-21,Bengaluru,srv-paint-01,Wall Painting & Waterproofing,4,3.45
2026-08-21,Bengaluru,srv-pest-01,Organic Pest Control,8,8.06
2026-08-21,Bengaluru,srv-plumb-01,Plumbing Repair & Leakage Fix,10,10.06
2026-08-21,Bengaluru,srv-soc-clean-01,Society Common Area Sanitization,4,3.48
2026-08-21,Bengaluru,srv-soc-event-01,Community Event Sound & Electrical Setup,2,2.19
2026-08-21,Bengaluru,srv-soc-tank-01,Water Sump & Overhead Tank Cleaning,2,2.75
2026-08-21,Bhopal,srv-ac-01,AC Deep Foam Jet Servicing,8,7.72
2026-08-21,Bhopal,srv-carp-01,Carpentry & Furniture Assembly,4,4.95
2026-08-21,Bhopal,srv-clean-01,Full Home Deep Cleaning,6,6.6
2026-08-21,Bhopal,srv-cook-01,Home Chef & Meal Preparation,5,5.4
2026-08-21,Bhopal,srv-elder-01,Elder Assistance & Companionship,4,4.41
2026-08-21,Bhopal,srv-elec-01,Electrical Repair & Wiring,8,7.25
2026-08-21,Bhopal,srv-garden-01,Gardening & Balcony Greenery,4,4.41
2026-08-21,Bhopal,srv-move-01,Moving & Heavy Lifting Assistance,3,2.34
2026-08-21,Bhopal,srv-paint-01,Wall Painting & Waterproofing,2,2.02
2026-08-21,Bhopal,srv-pest-01,Organic Pest Control,5,4.98
2026-08-21,Bhopal,srv-plumb-01,Plumbing Repair & Leakage Fix,6,6.2
2026-08-21,Bhopal,srv-soc-clean-01,Society Common Area Sanitization,2,2.14
2026-08-21,Bhopal,srv-soc-event-01,Community Event Sound & Electrical Setup,1,1.12
2026-08-21,Bhopal,srv-soc-tank-01,Water Sump & Overhead Tank Cleaning,1,1.45
2026-08-21,Chennai,srv-ac-01,AC Deep Foam Jet Servicing,11,9.57
2026-08-21,Chennai,srv-carp-01,Carpentry & Furniture Assembly,6,7.82
2026-08-21,Chennai,srv-clean-01,Full Home Deep Cleaning,10,9.74
2026-08-21,Chennai,srv-cook-01,Home Chef & Meal Preparation,9,7.71
2026-08-21,Chennai,srv-elder-01,Elder Assistance & Companionship,6,5.9
2026-08-21,Chennai,srv-elec-01,Electrical Repair & Wiring,9,10.3
2026-08-21,Chennai,srv-garden-01,Gardening & Balcony Greenery,6,5.89
2026-08-21,Chennai,srv-move-01,Moving & Heavy Lifting Assistance,4,3.52
2026-08-21,Chennai,srv-paint-01,Wall Painting & Waterproofing,3,3.19
2026-08-21,Chennai,srv-pest-01,Organic Pest Control,7,7.39
2026-08-21,Chennai,srv-plumb-01,Plumbing Repair & Leakage Fix,8,8.94
2026-08-21,Chennai,srv-soc-clean-01,Society Common Area Sanitization,3,2.47
2026-08-21,Chennai,srv-soc-event-01,Community Event Sound & Electrical Setup,2,2.14
2026-08-21,Chennai,srv-soc-tank-01,Water Sump & Overhead Tank Cleaning,2,2.11
2026-08-21,Coimbatore,srv-ac-01,AC Deep Foam Jet Servicing,7,8.02
2026-08-21,Coimbatore,srv-carp-01,Carpentry & Furniture Assembly,6,5.14
2026-08-21,Coimbatore,srv-clean-01,Full Home Deep Cleaning,7,6.78
2026-08-21,Coimbatore,srv-cook-01,Home Chef & Meal Preparation,6,5.84
2026-08-21,Coimbatore,srv-elder-01,Elder Assistance & Companionship,5,4.54
2026-08-21,Coimbatore,srv-elec-01,Electrical Repair & Wiring,9,7.75
2026-08-21,Coimbatore,srv-garden-01,Gardening & Balcony Greenery,5,4.42
2026-08-21,Coimbatore,srv-move-01,Moving & Heavy Lifting Assistance,2,2.31
2026-08-21,Coimbatore,srv-paint-01,Wall Painting & Waterproofing,2,2.08
2026-08-21,Coimbatore,srv-pest-01,Organic Pest Control,5,4.94
2026-08-21,Coimbatore,srv-plumb-01,Plumbing Repair & Leakage Fix,7,6.04
2026-08-21,Coimbatore,srv-soc-clean-01,Society Common Area Sanitization,2,1.99
2026-08-21,Coimbatore,srv-soc-event-01,Community Event Sound & Electrical Setup,2,1.17
2026-08-21,Coimbatore,srv-soc-tank-01,Water Sump & Overhead Tank Cleaning,1,1.41
2026-08-21,Delhi NCR,srv-ac-01,AC Deep Foam Jet Servicing,12,13.14
2026-08-21,Delhi NCR,srv-carp-01,Carpentry & Furniture Assembly,8,9.02
2026-08-21,Delhi NCR,srv-clean-01,Full Home Deep Cleaning,11,12.5
2026-08-21,Delhi NCR,srv-cook-01,Home Chef & Meal Preparation,11,10.95
2026-08-21,Delhi NCR,srv-elder-01,Elder Assistance & Companionship,8,7.36
2026-08-21,Delhi NCR,srv-elec-01,Electrical Repair & Wiring,15,13.41
2026-08-21,Delhi NCR,srv-garden-01,Gardening & Balcony Greenery,7,8.58
2026-08-21,Delhi NCR,srv-move-01,Moving & Heavy Lifting Assistance,4,4.59
2026-08-21,Delhi NCR,srv-paint-01,Wall Painting & Waterproofing,3,3.8
2026-08-21,Delhi NCR,srv-pest-01,Organic Pest Control,9,8.22
2026-08-21,Delhi NCR,srv-plumb-01,Plumbing Repair & Leakage Fix,11,10.21
2026-08-21,Delhi NCR,srv-soc-clean-01,Society Common Area Sanitization,3,3.58
2026-08-21,Delhi NCR,srv-soc-event-01,Community Event Sound & Electrical Setup,2,2.56
2026-08-21,Delhi NCR,srv-soc-tank-01,Water Sump & Overhead Tank Cleaning,3,2.76
2026-08-21,Gurugram,srv-ac-01,AC Deep Foam Jet Servicing,10,9.05
2026-08-21,Gurugram,srv-carp-01,Carpentry & Furniture Assembly,6,7.25
2026-08-21,Gurugram,srv-clean-01,Full Home Deep Cleaning,9,7.88
2026-08-21,Gurugram,srv-cook-01,Home Chef & Meal Preparation,7,7.02
2026-08-21,Gurugram,srv-elder-01,Elder Assistance & Companionship,5,5.47
2026-08-21,Gurugram,srv-elec-01,Electrical Repair & Wiring,9,9.46
2026-08-21,Gurugram,srv-garden-01,Gardening & Balcony Greenery,5,5.99
2026-08-21,Gurugram,srv-move-01,Moving & Heavy Lifting Assistance,3,2.9
2026-08-21,Gurugram,srv-paint-01,Wall Painting & Waterproofing,2,2.61
2026-08-21,Gurugram,srv-pest-01,Organic Pest Control,7,6.6
2026-08-21,Gurugram,srv-plumb-01,Plumbing Repair & Leakage Fix,7,7.49
2026-08-21,Gurugram,srv-soc-clean-01,Society Common Area Sanitization,2,2.63
2026-08-21,Gurugram,srv-soc-event-01,Community Event Sound & Electrical Setup,2,2.04
2026-08-21,Gurugram,srv-soc-tank-01,Water Sump & Overhead Tank Cleaning,2,2.07
2026-08-21,Hyderabad,srv-ac-01,AC Deep Foam Jet Servicing,10,10.64
2026-08-21,Hyderabad,srv-carp-01,Carpentry & Furniture Assembly,9,7.7
2026-08-21,Hyderabad,srv-clean-01,Full Home Deep Cleaning,10,10.11
2026-08-21,Hyderabad,srv-cook-01,Home Chef & Meal Preparation,9,8.91
2026-08-21,Hyderabad,srv-elder-01,Elder Assistance & Companionship,5,6.47
2026-08-21,Hyderabad,srv-elec-01,Electrical Repair & Wiring,10,10.58
2026-08-21,Hyderabad,srv-garden-01,Gardening & Balcony Greenery,6,6.33
2026-08-21,Hyderabad,srv-move-01,Moving & Heavy Lifting Assistance,3,3.48
2026-08-21,Hyderabad,srv-paint-01,Wall Painting & Waterproofing,3,3.15
2026-08-21,Hyderabad,srv-pest-01,Organic Pest Control,8,6.88
2026-08-21,Hyderabad,srv-plumb-01,Plumbing Repair & Leakage Fix,13,8.81
2026-08-21,Hyderabad,srv-soc-clean-01,Society Common Area Sanitization,3,3.42
2026-08-21,Hyderabad,srv-soc-event-01,Community Event Sound & Electrical Setup,2,2.06
2026-08-21,Hyderabad,srv-soc-tank-01,Water Sump & Overhead Tank Cleaning,2,2.06
2026-08-21,Indore,srv-ac-01,AC Deep Foam Jet Servicing,7,9.03
2026-08-21,Indore,srv-carp-01,Carpentry & Furniture Assembly,6,5.76
2026-08-21,Indore,srv-clean-01,Full Home Deep Cleaning,7,7.91
2026-08-21,Indore,srv-cook-01,Home Chef & Meal Preparation,7,6.21
2026-08-21,Indore,srv-elder-01,Elder Assistance & Companionship,4,4.77
2026-08-21,Indore,srv-elec-01,Electrical Repair & Wiring,13,8.11
2026-08-21,Indore,srv-garden-01,Gardening & Balcony Greenery,4,4.59
2026-08-21,Indore,srv-move-01,Moving & Heavy Lifting Assistance,3,2.48
2026-08-21,Indore,srv-paint-01,Wall Painting & Waterproofing,2,2.24
2026-08-21,Indore,srv-pest-01,Organic Pest Control,5,5.47
2026-08-21,Indore,srv-plumb-01,Plumbing Repair & Leakage Fix,7,6.89
2026-08-21,Indore,srv-soc-clean-01,Society Common Area Sanitization,2,2.09
2026-08-21,Indore,srv-soc-event-01,Community Event Sound & Electrical Setup,2,1.55
2026-08-21,Indore,srv-soc-tank-01,Water Sump & Overhead Tank Cleaning,1,1.66
2026-08-21,Jaipur,srv-ac-01,AC Deep Foam Jet Servicing,9,8.58
2026-08-21,Jaipur,srv-carp-01,Carpentry & Furniture Assembly,6,5.53
2026-08-21,Jaipur,srv-clean-01,Full Home Deep Cleaning,7,8.04
2026-08-21,Jaipur,srv-cook-01,Home Chef & Meal Preparation,6,6.21
2026-08-21,Jaipur,srv-elder-01,Elder Assistance & Companionship,5,4.69
2026-08-21,Jaipur,srv-elec-01,Electrical Repair & Wiring,9,8.55
2026-08-21,Jaipur,srv-garden-01,Gardening & Balcony Greenery,5,4.9
2026-08-21,Jaipur,srv-move-01,Moving & Heavy Lifting Assistance,3,2.89
2026-08-21,Jaipur,srv-paint-01,Wall Painting & Waterproofing,2,2.69
2026-08-21,Jaipur,srv-pest-01,Organic Pest Control,6,5.37
2026-08-21,Jaipur,srv-plumb-01,Plumbing Repair & Leakage Fix,8,7.35
2026-08-21,Jaipur,srv-soc-clean-01,Society Common Area Sanitization,2,2.32
2026-08-21,Jaipur,srv-soc-event-01,Community Event Sound & Electrical Setup,1,1.27
2026-08-21,Jaipur,srv-soc-tank-01,Water Sump & Overhead Tank Cleaning,2,1.75
2026-08-21,Kochi,srv-ac-01,AC Deep Foam Jet Servicing,8,8.59
2026-08-21,Kochi,srv-carp-01,Carpentry & Furniture Assembly,6,5.27
2026-08-21,Kochi,srv-clean-01,Full Home Deep Cleaning,8,7.2
2026-08-21,Kochi,srv-cook-01,Home Chef & Meal Preparation,5,6.11
2026-08-21,Kochi,srv-elder-01,Elder Assistance & Companionship,5,4.57
2026-08-21,Kochi,srv-elec-01,Electrical Repair & Wiring,8,8.03
2026-08-21,Kochi,srv-garden-01,Gardening & Balcony Greenery,4,4.62
2026-08-21,Kochi,srv-move-01,Moving & Heavy Lifting Assistance,3,2.37
2026-08-21,Kochi,srv-paint-01,Wall Painting & Waterproofing,2,2.11
2026-08-21,Kochi,srv-pest-01,Organic Pest Control,5,5.26
2026-08-21,Kochi,srv-plumb-01,Plumbing Repair & Leakage Fix,7,6.48
2026-08-21,Kochi,srv-soc-clean-01,Society Common Area Sanitization,2,2.11
2026-08-21,Kochi,srv-soc-event-01,Community Event Sound & Electrical Setup,1,1.5
2026-08-21,Kochi,srv-soc-tank-01,Water Sump & Overhead Tank Cleaning,2,1.76
2026-08-21,Kolkata,srv-ac-01,AC Deep Foam Jet Servicing,11,11.63
2026-08-21,Kolkata,srv-carp-01,Carpentry & Furniture Assembly,7,8.36
2026-08-21,Kolkata,srv-clean-01,Full Home Deep Cleaning,11,10.93
2026-08-21,Kolkata,srv-cook-01,Home Chef & Meal Preparation,11,8.01
2026-08-21,Kolkata,srv-elder-01,Elder Assistance & Companionship,6,6.52
2026-08-21,Kolkata,srv-elec-01,Electrical Repair & Wiring,13,11.06
2026-08-21,Kolkata,srv-garden-01,Gardening & Balcony Greenery,6,5.92
2026-08-21,Kolkata,srv-move-01,Moving & Heavy Lifting Assistance,4,4.01
2026-08-21,Kolkata,srv-paint-01,Wall Painting & Waterproofing,3,3.27
2026-08-21,Kolkata,srv-pest-01,Organic Pest Control,10,7.73
2026-08-21,Kolkata,srv-plumb-01,Plumbing Repair & Leakage Fix,10,8.77
2026-08-21,Kolkata,srv-soc-clean-01,Society Common Area Sanitization,3,3.17
2026-08-21,Kolkata,srv-soc-event-01,Community Event Sound & Electrical Setup,2,2.06
2026-08-21,Kolkata,srv-soc-tank-01,Water Sump & Overhead Tank Cleaning,2,2.11
2026-08-21,Lucknow,srv-ac-01,AC Deep Foam Jet Servicing,9,8.92
2026-08-21,Lucknow,srv-carp-01,Carpentry & Furniture Assembly,5,6.66
2026-08-21,Lucknow,srv-clean-01,Full Home Deep Cleaning,16,8.41
2026-08-21,Lucknow,srv-cook-01,Home Chef & Meal Preparation,6,6.89
2026-08-21,Lucknow,srv-elder-01,Elder Assistance & Companionship,5,5.52
2026-08-21,Lucknow,srv-elec-01,Electrical Repair & Wiring,11,9.31
2026-08-21,Lucknow,srv-garden-01,Gardening & Balcony Greenery,5,4.65
2026-08-21,Lucknow,srv-move-01,Moving & Heavy Lifting Assistance,3,2.82
2026-08-21,Lucknow,srv-paint-01,Wall Painting & Waterproofing,3,2.7
2026-08-21,Lucknow,srv-pest-01,Organic Pest Control,7,5.8
2026-08-21,Lucknow,srv-plumb-01,Plumbing Repair & Leakage Fix,7,7.54
2026-08-21,Lucknow,srv-soc-clean-01,Society Common Area Sanitization,2,2.16
2026-08-21,Lucknow,srv-soc-event-01,Community Event Sound & Electrical Setup,2,1.68
2026-08-21,Lucknow,srv-soc-tank-01,Water Sump & Overhead Tank Cleaning,2,1.98
2026-08-21,Mumbai,srv-ac-01,AC Deep Foam Jet Servicing,13,13.94
2026-08-21,Mumbai,srv-carp-01,Carpentry & Furniture Assembly,10,9.33
2026-08-21,Mumbai,srv-clean-01,Full Home Deep Cleaning,11,12.5
2026-08-21,Mumbai,srv-cook-01,Home Chef & Meal Preparation,9,10.18
2026-08-21,Mumbai,srv-elder-01,Elder Assistance & Companionship,9,8.22
2026-08-21,Mumbai,srv-elec-01,Electrical Repair & Wiring,15,14.79
2026-08-21,Mumbai,srv-garden-01,Gardening & Balcony Greenery,8,7.89
2026-08-21,Mumbai,srv-move-01,Moving & Heavy Lifting Assistance,5,4.33
2026-08-21,Mumbai,srv-paint-01,Wall Painting & Waterproofing,4,3.42
2026-08-21,Mumbai,srv-pest-01,Organic Pest Control,9,9.04
2026-08-21,Mumbai,srv-plumb-01,Plumbing Repair & Leakage Fix,11,12.47
2026-08-21,Mumbai,srv-soc-clean-01,Society Common Area Sanitization,3,3.64
2026-08-21,Mumbai,srv-soc-event-01,Community Event Sound & Electrical Setup,2,2.15
2026-08-21,Mumbai,srv-soc-tank-01,Water Sump & Overhead Tank Cleaning,3,2.72
2026-08-21,Nagpur,srv-ac-01,AC Deep Foam Jet Servicing,8,7.85
2026-08-21,Nagpur,srv-carp-01,Carpentry & Furniture Assembly,6,5.51
2026-08-21,Nagpur,srv-clean-01,Full Home Deep Cleaning,6,7.48
2026-08-21,Nagpur,srv-cook-01,Home Chef & Meal Preparation,6,5.88
2026-08-21,Nagpur,srv-elder-01,Elder Assistance & Companionship,4,4.55
2026-08-21,Nagpur,srv-elec-01,Electrical Repair & Wiring,8,7.88
2026-08-21,Nagpur,srv-garden-01,Gardening & Balcony Greenery,4,4.64
2026-08-21,Nagpur,srv-move-01,Moving & Heavy Lifting Assistance,3,2.73
2026-08-21,Nagpur,srv-paint-01,Wall Painting & Waterproofing,2,2.13
2026-08-21,Nagpur,srv-pest-01,Organic Pest Control,5,4.78
2026-08-21,Nagpur,srv-plumb-01,Plumbing Repair & Leakage Fix,7,6.27
2026-08-21,Nagpur,srv-soc-clean-01,Society Common Area Sanitization,2,2.05
2026-08-21,Nagpur,srv-soc-event-01,Community Event Sound & Electrical Setup,2,1.58
2026-08-21,Nagpur,srv-soc-tank-01,Water Sump & Overhead Tank Cleaning,1,1.69
2026-08-21,Patna,srv-ac-01,AC Deep Foam Jet Servicing,8,7.78
2026-08-21,Patna,srv-carp-01,Carpentry & Furniture Assembly,6,5.1
2026-08-21,Patna,srv-clean-01,Full Home Deep Cleaning,7,7.31
2026-08-21,Patna,srv-cook-01,Home Chef & Meal Preparation,5,5.76
2026-08-21,Patna,srv-elder-01,Elder Assistance & Companionship,4,4.63
2026-08-21,Patna,srv-elec-01,Electrical Repair & Wiring,7,7.84
2026-08-21,Patna,srv-garden-01,Gardening & Balcony Greenery,4,4.0
2026-08-21,Patna,srv-move-01,Moving & Heavy Lifting Assistance,3,2.76
2026-08-21,Patna,srv-paint-01,Wall Painting & Waterproofing,2,2.04
2026-08-21,Patna,srv-pest-01,Organic Pest Control,5,5.09
2026-08-21,Patna,srv-plumb-01,Plumbing Repair & Leakage Fix,6,5.94
2026-08-21,Patna,srv-soc-clean-01,Society Common Area Sanitization,2,2.01
2026-08-21,Patna,srv-soc-event-01,Community Event Sound & Electrical Setup,1,1.46
2026-08-21,Patna,srv-soc-tank-01,Water Sump & Overhead Tank Cleaning,2,1.56
2026-08-21,Pune,srv-ac-01,AC Deep Foam Jet Servicing,11,9.79
2026-08-21,Pune,srv-carp-01,Carpentry & Furniture Assembly,6,6.92
2026-08-21,Pune,srv-clean-01,Full Home Deep Cleaning,9,8.93
2026-08-21,Pune,srv-cook-01,Home Chef & Meal Preparation,7,7.1
2026-08-21,Pune,srv-elder-01,Elder Assistance & Companionship,5,5.5
2026-08-21,Pune,srv-elec-01,Electrical Repair & Wiring,10,10.09
2026-08-21,Pune,srv-garden-01,Gardening & Balcony Greenery,5,6.02
2026-08-21,Pune,srv-move-01,Moving & Heavy Lifting Assistance,3,3.21
2026-08-21,Pune,srv-paint-01,Wall Painting & Waterproofing,2,2.55
2026-08-21,Pune,srv-pest-01,Organic Pest Control,7,6.66
2026-08-21,Pune,srv-plumb-01,Plumbing Repair & Leakage Fix,7,7.72
2026-08-21,Pune,srv-soc-clean-01,Society Common Area Sanitization,3,2.73
2026-08-21,Pune,srv-soc-event-01,Community Event Sound & Electrical Setup,2,2.19
2026-08-21,Pune,srv-soc-tank-01,Water Sump & Overhead Tank Cleaning,2,2.02
2026-08-21,Surat,srv-ac-01,AC Deep Foam Jet Servicing,7,8.75
2026-08-21,Surat,srv-carp-01,Carpentry & Furniture Assembly,5,5.73
2026-08-21,Surat,srv-clean-01,Full Home Deep Cleaning,7,7.77
2026-08-21,Surat,srv-cook-01,Home Chef & Meal Preparation,7,5.88
2026-08-21,Surat,srv-elder-01,Elder Assistance & Companionship,5,4.96
2026-08-21,Surat,srv-elec-01,Electrical Repair & Wiring,8,8.06
2026-08-21,Surat,srv-garden-01,Gardening & Balcony Greenery,5,4.61
2026-08-21,Surat,srv-move-01,Moving & Heavy Lifting Assistance,3,2.99
2026-08-21,Surat,srv-paint-01,Wall Painting & Waterproofing,2,2.09
2026-08-21,Surat,srv-pest-01,Organic Pest Control,6,4.98
2026-08-21,Surat,srv-plumb-01,Plumbing Repair & Leakage Fix,6,7.45
2026-08-21,Surat,srv-soc-clean-01,Society Common Area Sanitization,2,2.07
2026-08-21,Surat,srv-soc-event-01,Community Event Sound & Electrical Setup,2,1.59
2026-08-21,Surat,srv-soc-tank-01,Water Sump & Overhead Tank Cleaning,2,1.52
2026-08-21,Vadodara,srv-ac-01,AC Deep Foam Jet Servicing,7,8.11
2026-08-21,Vadodara,srv-carp-01,Carpentry & Furniture Assembly,4,5.05
2026-08-21,Vadodara,srv-clean-01,Full Home Deep Cleaning,6,6.59
2026-08-21,Vadodara,srv-cook-01,Home Chef & Meal Preparation,5,5.59
2026-08-21,Vadodara,srv-elder-01,Elder Assistance & Companionship,5,4.35
2026-08-21,Vadodara,srv-elec-01,Electrical Repair & Wiring,7,6.83
2026-08-21,Vadodara,srv-garden-01,Gardening & Balcony Greenery,5,4.24
2026-08-21,Vadodara,srv-move-01,Moving & Heavy Lifting Assistance,2,2.29
2026-08-21,Vadodara,srv-paint-01,Wall Painting & Waterproofing,2,2.03
2026-08-21,Vadodara,srv-pest-01,Organic Pest Control,5,4.91
2026-08-21,Vadodara,srv-plumb-01,Plumbing Repair & Leakage Fix,6,6.03
2026-08-21,Vadodara,srv-soc-clean-01,Society Common Area Sanitization,2,2.23
2026-08-21,Vadodara,srv-soc-event-01,Community Event Sound & Electrical Setup,1,1.15
2026-08-21,Vadodara,srv-soc-tank-01,Water Sump & Overhead Tank Cleaning,2,1.48
2026-08-21,Visakhapatnam,srv-ac-01,AC Deep Foam Jet Servicing,8,7.58
2026-08-21,Visakhapatnam,srv-carp-01,Carpentry & Furniture Assembly,7,5.21
2026-08-21,Visakhapatnam,srv-clean-01,Full Home Deep Cleaning,7,7.18
2026-08-21,Visakhapatnam,srv-cook-01,Home Chef & Meal Preparation,6,5.61
2026-08-21,Visakhapatnam,srv-elder-01,Elder Assistance & Companionship,4,4.64
2026-08-21,Visakhapatnam,srv-elec-01,Electrical Repair & Wiring,8,7.21
2026-08-21,Visakhapatnam,srv-garden-01,Gardening & Balcony Greenery,5,4.53
2026-08-21,Visakhapatnam,srv-move-01,Moving & Heavy Lifting Assistance,2,2.35
2026-08-21,Visakhapatnam,srv-paint-01,Wall Painting & Waterproofing,3,2.06
2026-08-21,Visakhapatnam,srv-pest-01,Organic Pest Control,5,4.51
2026-08-21,Visakhapatnam,srv-plumb-01,Plumbing Repair & Leakage Fix,7,5.73
2026-08-21,Visakhapatnam,srv-soc-clean-01,Society Common Area Sanitization,2,2.06
2026-08-21,Visakhapatnam,srv-soc-event-01,Community Event Sound & Electrical Setup,1,1.27
2026-08-21,Visakhapatnam,srv-soc-tank-01,Water Sump & Overhead Tank Cleaning,2,1.49
2026-08-22,Ahmedabad,srv-ac-01,AC Deep Foam Jet Servicing,9,11.14
2026-08-22,Ahmedabad,srv-carp-01,Carpentry & Furniture Assembly,8,7.48
2026-08-22,Ahmedabad,srv-clean-01,Full Home Deep Cleaning,14,15.12
2026-08-22,Ahmedabad,srv-cook-01,Home Chef & Meal Preparation,8,6.94
2026-08-22,Ahmedabad,srv-elder-01,Elder Assistance & Companionship,6,5.34
2026-08-22,Ahmedabad,srv-elec-01,Electrical Repair & Wiring,8,11.49
2026-08-22,Ahmedabad,srv-garden-01,Gardening & Balcony Greenery,9,8.91
2026-08-22,Ahmedabad,srv-move-01,Moving & Heavy Lifting Assistance,6,6.26
2026-08-22,Ahmedabad,srv-paint-01,Wall Painting & Waterproofing,3,3.85
2026-08-22,Ahmedabad,srv-pest-01,Organic Pest Control,7,7.01
2026-08-22,Ahmedabad,srv-plumb-01,Plumbing Repair & Leakage Fix,8,8.71
2026-08-22,Ahmedabad,srv-soc-clean-01,Society Common Area Sanitization,3,3.16
2026-08-22,Ahmedabad,srv-soc-event-01,Community Event Sound & Electrical Setup,5,4.39
2026-08-22,Ahmedabad,srv-soc-tank-01,Water Sump & Overhead Tank Cleaning,2,2.21
2026-08-22,Bengaluru,srv-ac-01,AC Deep Foam Jet Servicing,14,14.14
2026-08-22,Bengaluru,srv-carp-01,Carpentry & Furniture Assembly,11,10.04
2026-08-22,Bengaluru,srv-clean-01,Full Home Deep Cleaning,21,20.55
2026-08-22,Bengaluru,srv-cook-01,Home Chef & Meal Preparation,11,9.8
2026-08-22,Bengaluru,srv-elder-01,Elder Assistance & Companionship,8,7.25
2026-08-22,Bengaluru,srv-elec-01,Electrical Repair & Wiring,11,11.34
2026-08-22,Bengaluru,srv-garden-01,Gardening & Balcony Greenery,11,11.16
2026-08-22,Bengaluru,srv-move-01,Moving & Heavy Lifting Assistance,8,8.03
2026-08-22,Bengaluru,srv-paint-01,Wall Painting & Waterproofing,5,5.11
2026-08-22,Bengaluru,srv-pest-01,Organic Pest Control,11,9.72
2026-08-22,Bengaluru,srv-plumb-01,Plumbing Repair & Leakage Fix,10,12.32
2026-08-22,Bengaluru,srv-soc-clean-01,Society Common Area Sanitization,5,5.02
2026-08-22,Bengaluru,srv-soc-event-01,Community Event Sound & Electrical Setup,6,5.37
2026-08-22,Bengaluru,srv-soc-tank-01,Water Sump & Overhead Tank Cleaning,3,3.17
2026-08-22,Bhopal,srv-ac-01,AC Deep Foam Jet Servicing,9,8.85
2026-08-22,Bhopal,srv-carp-01,Carpentry & Furniture Assembly,6,6.18
2026-08-22,Bhopal,srv-clean-01,Full Home Deep Cleaning,11,13.12
2026-08-22,Bhopal,srv-cook-01,Home Chef & Meal Preparation,7,6.14
2026-08-22,Bhopal,srv-elder-01,Elder Assistance & Companionship,4,4.04
2026-08-22,Bhopal,srv-elec-01,Electrical Repair & Wiring,7,6.76
2026-08-22,Bhopal,srv-garden-01,Gardening & Balcony Greenery,7,7.66
2026-08-22,Bhopal,srv-move-01,Moving & Heavy Lifting Assistance,5,5.28
2026-08-22,Bhopal,srv-paint-01,Wall Painting & Waterproofing,3,2.99
2026-08-22,Bhopal,srv-pest-01,Organic Pest Control,6,5.7
2026-08-22,Bhopal,srv-plumb-01,Plumbing Repair & Leakage Fix,6,7.11
2026-08-22,Bhopal,srv-soc-clean-01,Society Common Area Sanitization,3,2.51
2026-08-22,Bhopal,srv-soc-event-01,Community Event Sound & Electrical Setup,3,3.2
2026-08-22,Bhopal,srv-soc-tank-01,Water Sump & Overhead Tank Cleaning,2,1.77
2026-08-22,Chennai,srv-ac-01,AC Deep Foam Jet Servicing,10,10.74
2026-08-22,Chennai,srv-carp-01,Carpentry & Furniture Assembly,12,9.49
2026-08-22,Chennai,srv-clean-01,Full Home Deep Cleaning,31,19.98
2026-08-22,Chennai,srv-cook-01,Home Chef & Meal Preparation,8,8.07
2026-08-22,Chennai,srv-elder-01,Elder Assistance & Companionship,6,5.82
2026-08-22,Chennai,srv-elec-01,Electrical Repair & Wiring,10,8.79
2026-08-22,Chennai,srv-garden-01,Gardening & Balcony Greenery,8,9.61
2026-08-22,Chennai,srv-move-01,Moving & Heavy Lifting Assistance,8,7.07
2026-08-22,Chennai,srv-paint-01,Wall Painting & Waterproofing,4,4.07
2026-08-22,Chennai,srv-pest-01,Organic Pest Control,7,8.64
2026-08-22,Chennai,srv-plumb-01,Plumbing Repair & Leakage Fix,9,11.02
2026-08-22,Chennai,srv-soc-clean-01,Society Common Area Sanitization,3,3.45
2026-08-22,Chennai,srv-soc-event-01,Community Event Sound & Electrical Setup,4,4.54
2026-08-22,Chennai,srv-soc-tank-01,Water Sump & Overhead Tank Cleaning,3,2.38
2026-08-22,Coimbatore,srv-ac-01,AC Deep Foam Jet Servicing,9,9.12
2026-08-22,Coimbatore,srv-carp-01,Carpentry & Furniture Assembly,5,6.21
2026-08-22,Coimbatore,srv-clean-01,Full Home Deep Cleaning,12,13.63
2026-08-22,Coimbatore,srv-cook-01,Home Chef & Meal Preparation,5,6.51
2026-08-22,Coimbatore,srv-elder-01,Elder Assistance & Companionship,6,4.31
2026-08-22,Coimbatore,srv-elec-01,Electrical Repair & Wiring,7,7.46
2026-08-22,Coimbatore,srv-garden-01,Gardening & Balcony Greenery,8,7.76
2026-08-22,Coimbatore,srv-move-01,Moving & Heavy Lifting Assistance,5,4.87
2026-08-22,Coimbatore,srv-paint-01,Wall Painting & Waterproofing,3,3.1
2026-08-22,Coimbatore,srv-pest-01,Organic Pest Control,5,5.88
2026-08-22,Coimbatore,srv-plumb-01,Plumbing Repair & Leakage Fix,6,6.89
2026-08-22,Coimbatore,srv-soc-clean-01,Society Common Area Sanitization,3,2.7
2026-08-22,Coimbatore,srv-soc-event-01,Community Event Sound & Electrical Setup,3,3.41
2026-08-22,Coimbatore,srv-soc-tank-01,Water Sump & Overhead Tank Cleaning,2,1.86
2026-08-22,Delhi NCR,srv-ac-01,AC Deep Foam Jet Servicing,12,15.12
2026-08-22,Delhi NCR,srv-carp-01,Carpentry & Furniture Assembly,11,10.41
2026-08-22,Delhi NCR,srv-clean-01,Full Home Deep Cleaning,36,22.6
2026-08-22,Delhi NCR,srv-cook-01,Home Chef & Meal Preparation,10,8.97
2026-08-22,Delhi NCR,srv-elder-01,Elder Assistance & Companionship,7,7.6
2026-08-22,Delhi NCR,srv-elec-01,Electrical Repair & Wiring,10,12.45
2026-08-22,Delhi NCR,srv-garden-01,Gardening & Balcony Greenery,14,10.98
2026-08-22,Delhi NCR,srv-move-01,Moving & Heavy Lifting Assistance,9,8.34
2026-08-22,Delhi NCR,srv-paint-01,Wall Painting & Waterproofing,5,5.0
2026-08-22,Delhi NCR,srv-pest-01,Organic Pest Control,9,10.0
2026-08-22,Delhi NCR,srv-plumb-01,Plumbing Repair & Leakage Fix,11,11.93
2026-08-22,Delhi NCR,srv-soc-clean-01,Society Common Area Sanitization,5,4.18
2026-08-22,Delhi NCR,srv-soc-event-01,Community Event Sound & Electrical Setup,6,5.68
2026-08-22,Delhi NCR,srv-soc-tank-01,Water Sump & Overhead Tank Cleaning,3,3.98
2026-08-22,Gurugram,srv-ac-01,AC Deep Foam Jet Servicing,10,11.28
2026-08-22,Gurugram,srv-carp-01,Carpentry & Furniture Assembly,7,8.63
2026-08-22,Gurugram,srv-clean-01,Full Home Deep Cleaning,17,16.3
2026-08-22,Gurugram,srv-cook-01,Home Chef & Meal Preparation,8,7.22
2026-08-22,Gurugram,srv-elder-01,Elder Assistance & Companionship,5,5.24
2026-08-22,Gurugram,srv-elec-01,Electrical Repair & Wiring,13,8.25
2026-08-22,Gurugram,srv-garden-01,Gardening & Balcony Greenery,8,9.41
2026-08-22,Gurugram,srv-move-01,Moving & Heavy Lifting Assistance,7,5.92
2026-08-22,Gurugram,srv-paint-01,Wall Painting & Waterproofing,3,3.73
2026-08-22,Gurugram,srv-pest-01,Organic Pest Control,7,7.2
2026-08-22,Gurugram,srv-plumb-01,Plumbing Repair & Leakage Fix,9,8.51
2026-08-22,Gurugram,srv-soc-clean-01,Society Common Area Sanitization,3,3.15
2026-08-22,Gurugram,srv-soc-event-01,Community Event Sound & Electrical Setup,4,4.27
2026-08-22,Gurugram,srv-soc-tank-01,Water Sump & Overhead Tank Cleaning,2,2.4
2026-08-22,Hyderabad,srv-ac-01,AC Deep Foam Jet Servicing,13,11.41
2026-08-22,Hyderabad,srv-carp-01,Carpentry & Furniture Assembly,8,8.54
2026-08-22,Hyderabad,srv-clean-01,Full Home Deep Cleaning,16,18.11
2026-08-22,Hyderabad,srv-cook-01,Home Chef & Meal Preparation,9,9.58
2026-08-22,Hyderabad,srv-elder-01,Elder Assistance & Companionship,6,5.67
2026-08-22,Hyderabad,srv-elec-01,Electrical Repair & Wiring,11,9.54
2026-08-22,Hyderabad,srv-garden-01,Gardening & Balcony Greenery,11,10.02
2026-08-22,Hyderabad,srv-move-01,Moving & Heavy Lifting Assistance,8,7.1
2026-08-22,Hyderabad,srv-paint-01,Wall Painting & Waterproofing,4,4.42
2026-08-22,Hyderabad,srv-pest-01,Organic Pest Control,9,7.53
2026-08-22,Hyderabad,srv-plumb-01,Plumbing Repair & Leakage Fix,10,11.33
2026-08-22,Hyderabad,srv-soc-clean-01,Society Common Area Sanitization,3,4.33
2026-08-22,Hyderabad,srv-soc-event-01,Community Event Sound & Electrical Setup,4,4.9
2026-08-22,Hyderabad,srv-soc-tank-01,Water Sump & Overhead Tank Cleaning,3,2.76
2026-08-22,Indore,srv-ac-01,AC Deep Foam Jet Servicing,9,10.94
2026-08-22,Indore,srv-carp-01,Carpentry & Furniture Assembly,7,6.9
2026-08-22,Indore,srv-clean-01,Full Home Deep Cleaning,15,14.36
2026-08-22,Indore,srv-cook-01,Home Chef & Meal Preparation,6,6.43
2026-08-22,Indore,srv-elder-01,Elder Assistance & Companionship,4,4.42
2026-08-22,Indore,srv-elec-01,Electrical Repair & Wiring,8,7.38
2026-08-22,Indore,srv-garden-01,Gardening & Balcony Greenery,7,7.5
2026-08-22,Indore,srv-move-01,Moving & Heavy Lifting Assistance,5,5.51
2026-08-22,Indore,srv-paint-01,Wall Painting & Waterproofing,3,3.22
2026-08-22,Indore,srv-pest-01,Organic Pest Control,7,6.73
2026-08-22,Indore,srv-plumb-01,Plumbing Repair & Leakage Fix,7,7.55
2026-08-22,Indore,srv-soc-clean-01,Society Common Area Sanitization,3,2.79
2026-08-22,Indore,srv-soc-event-01,Community Event Sound & Electrical Setup,3,3.57
2026-08-22,Indore,srv-soc-tank-01,Water Sump & Overhead Tank Cleaning,2,1.95
2026-08-22,Jaipur,srv-ac-01,AC Deep Foam Jet Servicing,8,10.05
2026-08-22,Jaipur,srv-carp-01,Carpentry & Furniture Assembly,7,6.85
2026-08-22,Jaipur,srv-clean-01,Full Home Deep Cleaning,16,14.81
2026-08-22,Jaipur,srv-cook-01,Home Chef & Meal Preparation,6,6.6
2026-08-22,Jaipur,srv-elder-01,Elder Assistance & Companionship,5,4.7
2026-08-22,Jaipur,srv-elec-01,Electrical Repair & Wiring,8,7.45
2026-08-22,Jaipur,srv-garden-01,Gardening & Balcony Greenery,8,7.9
2026-08-22,Jaipur,srv-move-01,Moving & Heavy Lifting Assistance,6,6.19
2026-08-22,Jaipur,srv-paint-01,Wall Painting & Waterproofing,3,3.59
2026-08-22,Jaipur,srv-pest-01,Organic Pest Control,7,6.12
2026-08-22,Jaipur,srv-plumb-01,Plumbing Repair & Leakage Fix,9,7.85
2026-08-22,Jaipur,srv-soc-clean-01,Society Common Area Sanitization,5,2.82
2026-08-22,Jaipur,srv-soc-event-01,Community Event Sound & Electrical Setup,3,3.4
2026-08-22,Jaipur,srv-soc-tank-01,Water Sump & Overhead Tank Cleaning,2,2.16
2026-08-22,Kochi,srv-ac-01,AC Deep Foam Jet Servicing,8,9.48
2026-08-22,Kochi,srv-carp-01,Carpentry & Furniture Assembly,6,5.84
2026-08-22,Kochi,srv-clean-01,Full Home Deep Cleaning,15,15.32
2026-08-22,Kochi,srv-cook-01,Home Chef & Meal Preparation,6,6.48
2026-08-22,Kochi,srv-elder-01,Elder Assistance & Companionship,4,4.45
2026-08-22,Kochi,srv-elec-01,Electrical Repair & Wiring,10,7.33
2026-08-22,Kochi,srv-garden-01,Gardening & Balcony Greenery,7,7.65
2026-08-22,Kochi,srv-move-01,Moving & Heavy Lifting Assistance,5,5.27
2026-08-22,Kochi,srv-paint-01,Wall Painting & Waterproofing,3,3.28
2026-08-22,Kochi,srv-pest-01,Organic Pest Control,6,6.02
2026-08-22,Kochi,srv-plumb-01,Plumbing Repair & Leakage Fix,7,7.43
2026-08-22,Kochi,srv-soc-clean-01,Society Common Area Sanitization,2,2.78
2026-08-22,Kochi,srv-soc-event-01,Community Event Sound & Electrical Setup,3,3.42
2026-08-22,Kochi,srv-soc-tank-01,Water Sump & Overhead Tank Cleaning,2,1.97
2026-08-22,Kolkata,srv-ac-01,AC Deep Foam Jet Servicing,13,12.22
2026-08-22,Kolkata,srv-carp-01,Carpentry & Furniture Assembly,8,9.26
2026-08-22,Kolkata,srv-clean-01,Full Home Deep Cleaning,20,20.91
2026-08-22,Kolkata,srv-cook-01,Home Chef & Meal Preparation,10,8.45
2026-08-22,Kolkata,srv-elder-01,Elder Assistance & Companionship,7,6.7
2026-08-22,Kolkata,srv-elec-01,Electrical Repair & Wiring,9,9.77
2026-08-22,Kolkata,srv-garden-01,Gardening & Balcony Greenery,11,9.83
2026-08-22,Kolkata,srv-move-01,Moving & Heavy Lifting Assistance,8,7.87
2026-08-22,Kolkata,srv-paint-01,Wall Painting & Waterproofing,5,4.14
2026-08-22,Kolkata,srv-pest-01,Organic Pest Control,9,8.69
2026-08-22,Kolkata,srv-plumb-01,Plumbing Repair & Leakage Fix,9,9.87
2026-08-22,Kolkata,srv-soc-clean-01,Society Common Area Sanitization,4,3.99
2026-08-22,Kolkata,srv-soc-event-01,Community Event Sound & Electrical Setup,5,4.5
2026-08-22,Kolkata,srv-soc-tank-01,Water Sump & Overhead Tank Cleaning,2,2.54
2026-08-22,Lucknow,srv-ac-01,AC Deep Foam Jet Servicing,13,10.19
2026-08-22,Lucknow,srv-carp-01,Carpentry & Furniture Assembly,6,7.35
2026-08-22,Lucknow,srv-clean-01,Full Home Deep Cleaning,16,17.38
2026-08-22,Lucknow,srv-cook-01,Home Chef & Meal Preparation,7,6.83
2026-08-22,Lucknow,srv-elder-01,Elder Assistance & Companionship,5,5.27
2026-08-22,Lucknow,srv-elec-01,Electrical Repair & Wiring,8,8.75
2026-08-22,Lucknow,srv-garden-01,Gardening & Balcony Greenery,8,7.9
2026-08-22,Lucknow,srv-move-01,Moving & Heavy Lifting Assistance,6,5.78
2026-08-22,Lucknow,srv-paint-01,Wall Painting & Waterproofing,3,3.75
2026-08-22,Lucknow,srv-pest-01,Organic Pest Control,7,7.26
2026-08-22,Lucknow,srv-plumb-01,Plumbing Repair & Leakage Fix,7,8.86
2026-08-22,Lucknow,srv-soc-clean-01,Society Common Area Sanitization,3,2.96
2026-08-22,Lucknow,srv-soc-event-01,Community Event Sound & Electrical Setup,4,3.57
2026-08-22,Lucknow,srv-soc-tank-01,Water Sump & Overhead Tank Cleaning,4,2.16
2026-08-22,Mumbai,srv-ac-01,AC Deep Foam Jet Servicing,15,16.51
2026-08-22,Mumbai,srv-carp-01,Carpentry & Furniture Assembly,14,10.3
2026-08-22,Mumbai,srv-clean-01,Full Home Deep Cleaning,22,23.91
2026-08-22,Mumbai,srv-cook-01,Home Chef & Meal Preparation,9,10.14
2026-08-22,Mumbai,srv-elder-01,Elder Assistance & Companionship,7,7.16
2026-08-22,Mumbai,srv-elec-01,Electrical Repair & Wiring,11,12.99
2026-08-22,Mumbai,srv-garden-01,Gardening & Balcony Greenery,13,11.51
2026-08-22,Mumbai,srv-move-01,Moving & Heavy Lifting Assistance,10,9.33
2026-08-22,Mumbai,srv-paint-01,Wall Painting & Waterproofing,9,5.42
2026-08-22,Mumbai,srv-pest-01,Organic Pest Control,12,10.04
2026-08-22,Mumbai,srv-plumb-01,Plumbing Repair & Leakage Fix,14,12.04
2026-08-22,Mumbai,srv-soc-clean-01,Society Common Area Sanitization,5,4.41
2026-08-22,Mumbai,srv-soc-event-01,Community Event Sound & Electrical Setup,7,5.47
2026-08-22,Mumbai,srv-soc-tank-01,Water Sump & Overhead Tank Cleaning,3,3.13
2026-08-22,Nagpur,srv-ac-01,AC Deep Foam Jet Servicing,8,9.05
2026-08-22,Nagpur,srv-carp-01,Carpentry & Furniture Assembly,6,6.22
2026-08-22,Nagpur,srv-clean-01,Full Home Deep Cleaning,13,16.73
2026-08-22,Nagpur,srv-cook-01,Home Chef & Meal Preparation,7,6.2
2026-08-22,Nagpur,srv-elder-01,Elder Assistance & Companionship,4,4.43
2026-08-22,Nagpur,srv-elec-01,Electrical Repair & Wiring,8,7.21
2026-08-22,Nagpur,srv-garden-01,Gardening & Balcony Greenery,7,7.53
2026-08-22,Nagpur,srv-move-01,Moving & Heavy Lifting Assistance,6,5.56
2026-08-22,Nagpur,srv-paint-01,Wall Painting & Waterproofing,3,3.18
2026-08-22,Nagpur,srv-pest-01,Organic Pest Control,7,6.25
2026-08-22,Nagpur,srv-plumb-01,Plumbing Repair & Leakage Fix,8,7.18
2026-08-22,Nagpur,srv-soc-clean-01,Society Common Area Sanitization,3,2.48
2026-08-22,Nagpur,srv-soc-event-01,Community Event Sound & Electrical Setup,4,3.37
2026-08-22,Nagpur,srv-soc-tank-01,Water Sump & Overhead Tank Cleaning,2,1.98
2026-08-22,Patna,srv-ac-01,AC Deep Foam Jet Servicing,9,8.77
2026-08-22,Patna,srv-carp-01,Carpentry & Furniture Assembly,6,5.99
2026-08-22,Patna,srv-clean-01,Full Home Deep Cleaning,15,13.49
2026-08-22,Patna,srv-cook-01,Home Chef & Meal Preparation,6,6.0
2026-08-22,Patna,srv-elder-01,Elder Assistance & Companionship,4,4.2
2026-08-22,Patna,srv-elec-01,Electrical Repair & Wiring,7,7.18
2026-08-22,Patna,srv-garden-01,Gardening & Balcony Greenery,8,6.37
2026-08-22,Patna,srv-move-01,Moving & Heavy Lifting Assistance,6,5.81
2026-08-22,Patna,srv-paint-01,Wall Painting & Waterproofing,3,3.12
2026-08-22,Patna,srv-pest-01,Organic Pest Control,5,5.93
2026-08-22,Patna,srv-plumb-01,Plumbing Repair & Leakage Fix,6,7.1
2026-08-22,Patna,srv-soc-clean-01,Society Common Area Sanitization,2,2.32
2026-08-22,Patna,srv-soc-event-01,Community Event Sound & Electrical Setup,3,3.5
2026-08-22,Patna,srv-soc-tank-01,Water Sump & Overhead Tank Cleaning,2,1.97
2026-08-22,Pune,srv-ac-01,AC Deep Foam Jet Servicing,11,11.9
2026-08-22,Pune,srv-carp-01,Carpentry & Furniture Assembly,9,7.54
2026-08-22,Pune,srv-clean-01,Full Home Deep Cleaning,19,16.82
2026-08-22,Pune,srv-cook-01,Home Chef & Meal Preparation,7,7.16
2026-08-22,Pune,srv-elder-01,Elder Assistance & Companionship,6,5.48
2026-08-22,Pune,srv-elec-01,Electrical Repair & Wiring,9,8.37
2026-08-22,Pune,srv-garden-01,Gardening & Balcony Greenery,9,9.37
2026-08-22,Pune,srv-move-01,Moving & Heavy Lifting Assistance,8,6.48
2026-08-22,Pune,srv-paint-01,Wall Painting & Waterproofing,4,3.57
2026-08-22,Pune,srv-pest-01,Organic Pest Control,6,7.47
2026-08-22,Pune,srv-plumb-01,Plumbing Repair & Leakage Fix,10,8.64
2026-08-22,Pune,srv-soc-clean-01,Society Common Area Sanitization,3,3.28
2026-08-22,Pune,srv-soc-event-01,Community Event Sound & Electrical Setup,4,4.84
2026-08-22,Pune,srv-soc-tank-01,Water Sump & Overhead Tank Cleaning,2,2.23
2026-08-22,Surat,srv-ac-01,AC Deep Foam Jet Servicing,10,9.52
2026-08-22,Surat,srv-carp-01,Carpentry & Furniture Assembly,10,6.78
2026-08-22,Surat,srv-clean-01,Full Home Deep Cleaning,13,14.34
2026-08-22,Surat,srv-cook-01,Home Chef & Meal Preparation,6,6.09
2026-08-22,Surat,srv-elder-01,Elder Assistance & Companionship,4,4.5
2026-08-22,Surat,srv-elec-01,Electrical Repair & Wiring,8,7.13
2026-08-22,Surat,srv-garden-01,Gardening & Balcony Greenery,7,7.73
2026-08-22,Surat,srv-move-01,Moving & Heavy Lifting Assistance,5,5.57
2026-08-22,Surat,srv-paint-01,Wall Painting & Waterproofing,3,3.17
2026-08-22,Surat,srv-pest-01,Organic Pest Control,7,6.03
2026-08-22,Surat,srv-plumb-01,Plumbing Repair & Leakage Fix,15,9.22
2026-08-22,Surat,srv-soc-clean-01,Society Common Area Sanitization,3,2.36
2026-08-22,Surat,srv-soc-event-01,Community Event Sound & Electrical Setup,3,3.51
2026-08-22,Surat,srv-soc-tank-01,Water Sump & Overhead Tank Cleaning,2,1.98
2026-08-22,Vadodara,srv-ac-01,AC Deep Foam Jet Servicing,17,8.89
2026-08-22,Vadodara,srv-carp-01,Carpentry & Furniture Assembly,6,5.75
2026-08-22,Vadodara,srv-clean-01,Full Home Deep Cleaning,15,12.1
2026-08-22,Vadodara,srv-cook-01,Home Chef & Meal Preparation,6,5.96
2026-08-22,Vadodara,srv-elder-01,Elder Assistance & Companionship,4,4.1
2026-08-22,Vadodara,srv-elec-01,Electrical Repair & Wiring,6,6.45
2026-08-22,Vadodara,srv-garden-01,Gardening & Balcony Greenery,6,6.41
2026-08-22,Vadodara,srv-move-01,Moving & Heavy Lifting Assistance,5,4.86
2026-08-22,Vadodara,srv-paint-01,Wall Painting & Waterproofing,3,3.0
2026-08-22,Vadodara,srv-pest-01,Organic Pest Control,6,5.58
2026-08-22,Vadodara,srv-plumb-01,Plumbing Repair & Leakage Fix,7,6.98
2026-08-22,Vadodara,srv-soc-clean-01,Society Common Area Sanitization,3,2.89
2026-08-22,Vadodara,srv-soc-event-01,Community Event Sound & Electrical Setup,4,3.1
2026-08-22,Vadodara,srv-soc-tank-01,Water Sump & Overhead Tank Cleaning,2,1.9
2026-08-22,Visakhapatnam,srv-ac-01,AC Deep Foam Jet Servicing,7,8.67
2026-08-22,Visakhapatnam,srv-carp-01,Carpentry & Furniture Assembly,5,6.22
2026-08-22,Visakhapatnam,srv-clean-01,Full Home Deep Cleaning,13,15.0
2026-08-22,Visakhapatnam,srv-cook-01,Home Chef & Meal Preparation,7,6.03
2026-08-22,Visakhapatnam,srv-elder-01,Elder Assistance & Companionship,4,4.23
2026-08-22,Visakhapatnam,srv-elec-01,Electrical Repair & Wiring,8,6.85
2026-08-22,Visakhapatnam,srv-garden-01,Gardening & Balcony Greenery,7,7.26
2026-08-22,Visakhapatnam,srv-move-01,Moving & Heavy Lifting Assistance,5,5.06
2026-08-22,Visakhapatnam,srv-paint-01,Wall Painting & Waterproofing,5,3.32
2026-08-22,Visakhapatnam,srv-pest-01,Organic Pest Control,5,5.72
2026-08-22,Visakhapatnam,srv-plumb-01,Plumbing Repair & Leakage Fix,7,7.24
2026-08-22,Visakhapatnam,srv-soc-clean-01,Society Common Area Sanitization,2,2.47
2026-08-22,Visakhapatnam,srv-soc-event-01,Community Event Sound & Electrical Setup,3,3.28
2026-08-22,Visakhapatnam,srv-soc-tank-01,Water Sump & Overhead Tank Cleaning,2,1.94
2026-08-23,Ahmedabad,srv-ac-01,AC Deep Foam Jet Servicing,9,9.83
2026-08-23,Ahmedabad,srv-carp-01,Carpentry & Furniture Assembly,7,6.98
2026-08-23,Ahmedabad,srv-clean-01,Full Home Deep Cleaning,15,14.21
2026-08-23,Ahmedabad,srv-cook-01,Home Chef & Meal Preparation,8,7.23
2026-08-23,Ahmedabad,srv-elder-01,Elder Assistance & Companionship,5,5.26
2026-08-23,Ahmedabad,srv-elec-01,Electrical Repair & Wiring,8,8.91
2026-08-23,Ahmedabad,srv-garden-01,Gardening & Balcony Greenery,12,8.81
2026-08-23,Ahmedabad,srv-move-01,Moving & Heavy Lifting Assistance,6,6.26
2026-08-23,Ahmedabad,srv-paint-01,Wall Painting & Waterproofing,4,3.57
2026-08-23,Ahmedabad,srv-pest-01,Organic Pest Control,7,7.25
2026-08-23,Ahmedabad,srv-plumb-01,Plumbing Repair & Leakage Fix,10,8.95
2026-08-23,Ahmedabad,srv-soc-clean-01,Society Common Area Sanitization,2,2.24
2026-08-23,Ahmedabad,srv-soc-event-01,Community Event Sound & Electrical Setup,5,4.42
2026-08-23,Ahmedabad,srv-soc-tank-01,Water Sump & Overhead Tank Cleaning,4,2.16
2026-08-23,Bengaluru,srv-ac-01,AC Deep Foam Jet Servicing,14,13.73
2026-08-23,Bengaluru,srv-carp-01,Carpentry & Furniture Assembly,19,9.16
2026-08-23,Bengaluru,srv-clean-01,Full Home Deep Cleaning,21,20.0
2026-08-23,Bengaluru,srv-cook-01,Home Chef & Meal Preparation,10,9.32
2026-08-23,Bengaluru,srv-elder-01,Elder Assistance & Companionship,7,7.57
2026-08-23,Bengaluru,srv-elec-01,Electrical Repair & Wiring,13,10.83
2026-08-23,Bengaluru,srv-garden-01,Gardening & Balcony Greenery,12,10.2
2026-08-23,Bengaluru,srv-move-01,Moving & Heavy Lifting Assistance,9,8.02
2026-08-23,Bengaluru,srv-paint-01,Wall Painting & Waterproofing,5,5.2
2026-08-23,Bengaluru,srv-pest-01,Organic Pest Control,10,9.34
2026-08-23,Bengaluru,srv-plumb-01,Plumbing Repair & Leakage Fix,12,12.09
2026-08-23,Bengaluru,srv-soc-clean-01,Society Common Area Sanitization,4,3.78
2026-08-23,Bengaluru,srv-soc-event-01,Community Event Sound & Electrical Setup,6,5.55
2026-08-23,Bengaluru,srv-soc-tank-01,Water Sump & Overhead Tank Cleaning,3,3.27
2026-08-23,Bhopal,srv-ac-01,AC Deep Foam Jet Servicing,9,8.54
2026-08-23,Bhopal,srv-carp-01,Carpentry & Furniture Assembly,6,5.67
2026-08-23,Bhopal,srv-clean-01,Full Home Deep Cleaning,14,12.16
2026-08-23,Bhopal,srv-cook-01,Home Chef & Meal Preparation,5,5.92
2026-08-23,Bhopal,srv-elder-01,Elder Assistance & Companionship,5,4.16
2026-08-23,Bhopal,srv-elec-01,Electrical Repair & Wiring,7,6.75
2026-08-23,Bhopal,srv-garden-01,Gardening & Balcony Greenery,7,7.19
2026-08-23,Bhopal,srv-move-01,Moving & Heavy Lifting Assistance,5,5.2
2026-08-23,Bhopal,srv-paint-01,Wall Painting & Waterproofing,3,2.73
2026-08-23,Bhopal,srv-pest-01,Organic Pest Control,6,5.83
2026-08-23,Bhopal,srv-plumb-01,Plumbing Repair & Leakage Fix,6,6.73
2026-08-23,Bhopal,srv-soc-clean-01,Society Common Area Sanitization,2,2.04
2026-08-23,Bhopal,srv-soc-event-01,Community Event Sound & Electrical Setup,3,3.17
2026-08-23,Bhopal,srv-soc-tank-01,Water Sump & Overhead Tank Cleaning,2,1.85
2026-08-23,Chennai,srv-ac-01,AC Deep Foam Jet Servicing,11,10.83
2026-08-23,Chennai,srv-carp-01,Carpentry & Furniture Assembly,8,10.93
2026-08-23,Chennai,srv-clean-01,Full Home Deep Cleaning,18,17.75
2026-08-23,Chennai,srv-cook-01,Home Chef & Meal Preparation,8,7.91
2026-08-23,Chennai,srv-elder-01,Elder Assistance & Companionship,7,5.9
2026-08-23,Chennai,srv-elec-01,Electrical Repair & Wiring,9,8.75
2026-08-23,Chennai,srv-garden-01,Gardening & Balcony Greenery,9,9.18
2026-08-23,Chennai,srv-move-01,Moving & Heavy Lifting Assistance,7,8.02
2026-08-23,Chennai,srv-paint-01,Wall Painting & Waterproofing,6,4.19
2026-08-23,Chennai,srv-pest-01,Organic Pest Control,7,8.23
2026-08-23,Chennai,srv-plumb-01,Plumbing Repair & Leakage Fix,10,10.1
2026-08-23,Chennai,srv-soc-clean-01,Society Common Area Sanitization,3,2.36
2026-08-23,Chennai,srv-soc-event-01,Community Event Sound & Electrical Setup,5,4.8
2026-08-23,Chennai,srv-soc-tank-01,Water Sump & Overhead Tank Cleaning,2,2.34
2026-08-23,Coimbatore,srv-ac-01,AC Deep Foam Jet Servicing,8,8.76
2026-08-23,Coimbatore,srv-carp-01,Carpentry & Furniture Assembly,5,5.7
2026-08-23,Coimbatore,srv-clean-01,Full Home Deep Cleaning,12,14.19
2026-08-23,Coimbatore,srv-cook-01,Home Chef & Meal Preparation,5,6.39
2026-08-23,Coimbatore,srv-elder-01,Elder Assistance & Companionship,5,4.25
2026-08-23,Coimbatore,srv-elec-01,Electrical Repair & Wiring,7,6.91
2026-08-23,Coimbatore,srv-garden-01,Gardening & Balcony Greenery,6,7.47
2026-08-23,Coimbatore,srv-move-01,Moving & Heavy Lifting Assistance,5,5.05
2026-08-23,Coimbatore,srv-paint-01,Wall Painting & Waterproofing,3,3.01
2026-08-23,Coimbatore,srv-pest-01,Organic Pest Control,6,5.65
2026-08-23,Coimbatore,srv-plumb-01,Plumbing Repair & Leakage Fix,8,7.3
2026-08-23,Coimbatore,srv-soc-clean-01,Society Common Area Sanitization,2,1.99
2026-08-23,Coimbatore,srv-soc-event-01,Community Event Sound & Electrical Setup,3,3.34
2026-08-23,Coimbatore,srv-soc-tank-01,Water Sump & Overhead Tank Cleaning,2,1.87
2026-08-23,Delhi NCR,srv-ac-01,AC Deep Foam Jet Servicing,15,15.01
2026-08-23,Delhi NCR,srv-carp-01,Carpentry & Furniture Assembly,10,10.96
2026-08-23,Delhi NCR,srv-clean-01,Full Home Deep Cleaning,31,20.35
2026-08-23,Delhi NCR,srv-cook-01,Home Chef & Meal Preparation,14,10.75
2026-08-23,Delhi NCR,srv-elder-01,Elder Assistance & Companionship,7,7.31
2026-08-23,Delhi NCR,srv-elec-01,Electrical Repair & Wiring,12,11.72
2026-08-23,Delhi NCR,srv-garden-01,Gardening & Balcony Greenery,11,10.26
2026-08-23,Delhi NCR,srv-move-01,Moving & Heavy Lifting Assistance,10,8.57
2026-08-23,Delhi NCR,srv-paint-01,Wall Painting & Waterproofing,5,4.65
2026-08-23,Delhi NCR,srv-pest-01,Organic Pest Control,11,10.56
2026-08-23,Delhi NCR,srv-plumb-01,Plumbing Repair & Leakage Fix,12,13.11
2026-08-23,Delhi NCR,srv-soc-clean-01,Society Common Area Sanitization,3,3.45
2026-08-23,Delhi NCR,srv-soc-event-01,Community Event Sound & Electrical Setup,6,5.91
2026-08-23,Delhi NCR,srv-soc-tank-01,Water Sump & Overhead Tank Cleaning,3,3.22
2026-08-23,Gurugram,srv-ac-01,AC Deep Foam Jet Servicing,11,10.6
2026-08-23,Gurugram,srv-carp-01,Carpentry & Furniture Assembly,8,7.72
2026-08-23,Gurugram,srv-clean-01,Full Home Deep Cleaning,17,14.97
2026-08-23,Gurugram,srv-cook-01,Home Chef & Meal Preparation,7,7.33
2026-08-23,Gurugram,srv-elder-01,Elder Assistance & Companionship,6,5.06
2026-08-23,Gurugram,srv-elec-01,Electrical Repair & Wiring,9,8.27
2026-08-23,Gurugram,srv-garden-01,Gardening & Balcony Greenery,8,9.3
2026-08-23,Gurugram,srv-move-01,Moving & Heavy Lifting Assistance,6,6.45
2026-08-23,Gurugram,srv-paint-01,Wall Painting & Waterproofing,3,3.55
2026-08-23,Gurugram,srv-pest-01,Organic Pest Control,7,7.39
2026-08-23,Gurugram,srv-plumb-01,Plumbing Repair & Leakage Fix,9,8.81
2026-08-23,Gurugram,srv-soc-clean-01,Society Common Area Sanitization,2,2.3
2026-08-23,Gurugram,srv-soc-event-01,Community Event Sound & Electrical Setup,4,4.3
2026-08-23,Gurugram,srv-soc-tank-01,Water Sump & Overhead Tank Cleaning,2,2.21
2026-08-23,Hyderabad,srv-ac-01,AC Deep Foam Jet Servicing,13,12.06
2026-08-23,Hyderabad,srv-carp-01,Carpentry & Furniture Assembly,8,8.66
2026-08-23,Hyderabad,srv-clean-01,Full Home Deep Cleaning,22,18.34
2026-08-23,Hyderabad,srv-cook-01,Home Chef & Meal Preparation,8,9.42
2026-08-23,Hyderabad,srv-elder-01,Elder Assistance & Companionship,6,5.75
2026-08-23,Hyderabad,srv-elec-01,Electrical Repair & Wiring,10,9.49
2026-08-23,Hyderabad,srv-garden-01,Gardening & Balcony Greenery,10,9.48
2026-08-23,Hyderabad,srv-move-01,Moving & Heavy Lifting Assistance,8,7.27
2026-08-23,Hyderabad,srv-paint-01,Wall Painting & Waterproofing,4,4.26
2026-08-23,Hyderabad,srv-pest-01,Organic Pest Control,9,8.07
2026-08-23,Hyderabad,srv-plumb-01,Plumbing Repair & Leakage Fix,11,10.79
2026-08-23,Hyderabad,srv-soc-clean-01,Society Common Area Sanitization,3,3.17
2026-08-23,Hyderabad,srv-soc-event-01,Community Event Sound & Electrical Setup,4,4.81
2026-08-23,Hyderabad,srv-soc-tank-01,Water Sump & Overhead Tank Cleaning,2,2.32
2026-08-23,Indore,srv-ac-01,AC Deep Foam Jet Servicing,8,10.88
2026-08-23,Indore,srv-carp-01,Carpentry & Furniture Assembly,6,6.75
2026-08-23,Indore,srv-clean-01,Full Home Deep Cleaning,16,15.08
2026-08-23,Indore,srv-cook-01,Home Chef & Meal Preparation,7,6.33
2026-08-23,Indore,srv-elder-01,Elder Assistance & Companionship,4,4.49
2026-08-23,Indore,srv-elec-01,Electrical Repair & Wiring,8,7.01
2026-08-23,Indore,srv-garden-01,Gardening & Balcony Greenery,7,7.36
2026-08-23,Indore,srv-move-01,Moving & Heavy Lifting Assistance,5,5.34
2026-08-23,Indore,srv-paint-01,Wall Painting & Waterproofing,3,3.32
2026-08-23,Indore,srv-pest-01,Organic Pest Control,7,6.71
2026-08-23,Indore,srv-plumb-01,Plumbing Repair & Leakage Fix,9,7.42
2026-08-23,Indore,srv-soc-clean-01,Society Common Area Sanitization,2,2.05
2026-08-23,Indore,srv-soc-event-01,Community Event Sound & Electrical Setup,4,3.46
2026-08-23,Indore,srv-soc-tank-01,Water Sump & Overhead Tank Cleaning,2,1.99
2026-08-23,Jaipur,srv-ac-01,AC Deep Foam Jet Servicing,9,9.4
2026-08-23,Jaipur,srv-carp-01,Carpentry & Furniture Assembly,6,6.69
2026-08-23,Jaipur,srv-clean-01,Full Home Deep Cleaning,16,14.23
2026-08-23,Jaipur,srv-cook-01,Home Chef & Meal Preparation,7,6.28
2026-08-23,Jaipur,srv-elder-01,Elder Assistance & Companionship,5,4.63
2026-08-23,Jaipur,srv-elec-01,Electrical Repair & Wiring,7,7.66
2026-08-23,Jaipur,srv-garden-01,Gardening & Balcony Greenery,9,7.83
2026-08-23,Jaipur,srv-move-01,Moving & Heavy Lifting Assistance,5,6.16
2026-08-23,Jaipur,srv-paint-01,Wall Painting & Waterproofing,3,3.6
2026-08-23,Jaipur,srv-pest-01,Organic Pest Control,7,6.52
2026-08-23,Jaipur,srv-plumb-01,Plumbing Repair & Leakage Fix,11,8.03
2026-08-23,Jaipur,srv-soc-clean-01,Society Common Area Sanitization,2,2.68
2026-08-23,Jaipur,srv-soc-event-01,Community Event Sound & Electrical Setup,4,3.34
2026-08-23,Jaipur,srv-soc-tank-01,Water Sump & Overhead Tank Cleaning,2,2.03
2026-08-23,Kochi,srv-ac-01,AC Deep Foam Jet Servicing,7,9.01
2026-08-23,Kochi,srv-carp-01,Carpentry & Furniture Assembly,6,6.34
2026-08-23,Kochi,srv-clean-01,Full Home Deep Cleaning,15,13.79
2026-08-23,Kochi,srv-cook-01,Home Chef & Meal Preparation,7,6.15
2026-08-23,Kochi,srv-elder-01,Elder Assistance & Companionship,4,4.51
2026-08-23,Kochi,srv-elec-01,Electrical Repair & Wiring,8,8.1
2026-08-23,Kochi,srv-garden-01,Gardening & Balcony Greenery,8,7.28
2026-08-23,Kochi,srv-move-01,Moving & Heavy Lifting Assistance,5,5.38
2026-08-23,Kochi,srv-paint-01,Wall Painting & Waterproofing,4,3.3
2026-08-23,Kochi,srv-pest-01,Organic Pest Control,7,6.39
2026-08-23,Kochi,srv-plumb-01,Plumbing Repair & Leakage Fix,7,7.59
2026-08-23,Kochi,srv-soc-clean-01,Society Common Area Sanitization,2,2.03
2026-08-23,Kochi,srv-soc-event-01,Community Event Sound & Electrical Setup,3,3.36
2026-08-23,Kochi,srv-soc-tank-01,Water Sump & Overhead Tank Cleaning,2,1.97
2026-08-23,Kolkata,srv-ac-01,AC Deep Foam Jet Servicing,12,13.27
2026-08-23,Kolkata,srv-carp-01,Carpentry & Furniture Assembly,9,8.75
2026-08-23,Kolkata,srv-clean-01,Full Home Deep Cleaning,22,21.47
2026-08-23,Kolkata,srv-cook-01,Home Chef & Meal Preparation,10,8.08
2026-08-23,Kolkata,srv-elder-01,Elder Assistance & Companionship,7,6.08
2026-08-23,Kolkata,srv-elec-01,Electrical Repair & Wiring,10,9.48
2026-08-23,Kolkata,srv-garden-01,Gardening & Balcony Greenery,9,10.28
2026-08-23,Kolkata,srv-move-01,Moving & Heavy Lifting Assistance,14,7.87
2026-08-23,Kolkata,srv-paint-01,Wall Painting & Waterproofing,4,4.28
2026-08-23,Kolkata,srv-pest-01,Organic Pest Control,8,7.99
2026-08-23,Kolkata,srv-plumb-01,Plumbing Repair & Leakage Fix,11,9.97
2026-08-23,Kolkata,srv-soc-clean-01,Society Common Area Sanitization,2,3.45
2026-08-23,Kolkata,srv-soc-event-01,Community Event Sound & Electrical Setup,5,4.86
2026-08-23,Kolkata,srv-soc-tank-01,Water Sump & Overhead Tank Cleaning,3,2.44
2026-08-23,Lucknow,srv-ac-01,AC Deep Foam Jet Servicing,11,11.26
2026-08-23,Lucknow,srv-carp-01,Carpentry & Furniture Assembly,10,7.51
2026-08-23,Lucknow,srv-clean-01,Full Home Deep Cleaning,13,17.2
2026-08-23,Lucknow,srv-cook-01,Home Chef & Meal Preparation,7,6.86
2026-08-23,Lucknow,srv-elder-01,Elder Assistance & Companionship,6,4.85
2026-08-23,Lucknow,srv-elec-01,Electrical Repair & Wiring,9,8.66
2026-08-23,Lucknow,srv-garden-01,Gardening & Balcony Greenery,9,7.8
2026-08-23,Lucknow,srv-move-01,Moving & Heavy Lifting Assistance,5,5.77
2026-08-23,Lucknow,srv-paint-01,Wall Painting & Waterproofing,4,3.48
2026-08-23,Lucknow,srv-pest-01,Organic Pest Control,7,7.02
2026-08-23,Lucknow,srv-plumb-01,Plumbing Repair & Leakage Fix,9,8.53
2026-08-23,Lucknow,srv-soc-clean-01,Society Common Area Sanitization,2,2.08
2026-08-23,Lucknow,srv-soc-event-01,Community Event Sound & Electrical Setup,4,3.78
2026-08-23,Lucknow,srv-soc-tank-01,Water Sump & Overhead Tank Cleaning,3,2.2
2026-08-23,Mumbai,srv-ac-01,AC Deep Foam Jet Servicing,16,15.67
2026-08-23,Mumbai,srv-carp-01,Carpentry & Furniture Assembly,10,10.7
2026-08-23,Mumbai,srv-clean-01,Full Home Deep Cleaning,26,22.21
2026-08-23,Mumbai,srv-cook-01,Home Chef & Meal Preparation,12,10.45
2026-08-23,Mumbai,srv-elder-01,Elder Assistance & Companionship,7,8.14
2026-08-23,Mumbai,srv-elec-01,Electrical Repair & Wiring,13,12.81
2026-08-23,Mumbai,srv-garden-01,Gardening & Balcony Greenery,12,12.58
2026-08-23,Mumbai,srv-move-01,Moving & Heavy Lifting Assistance,16,9.26
2026-08-23,Mumbai,srv-paint-01,Wall Painting & Waterproofing,6,5.42
2026-08-23,Mumbai,srv-pest-01,Organic Pest Control,11,9.83
2026-08-23,Mumbai,srv-plumb-01,Plumbing Repair & Leakage Fix,11,12.78
2026-08-23,Mumbai,srv-soc-clean-01,Society Common Area Sanitization,3,4.26
2026-08-23,Mumbai,srv-soc-event-01,Community Event Sound & Electrical Setup,6,5.55
2026-08-23,Mumbai,srv-soc-tank-01,Water Sump & Overhead Tank Cleaning,4,3.21
2026-08-23,Nagpur,srv-ac-01,AC Deep Foam Jet Servicing,8,8.82
2026-08-23,Nagpur,srv-carp-01,Carpentry & Furniture Assembly,5,6.15
2026-08-23,Nagpur,srv-clean-01,Full Home Deep Cleaning,15,13.97
2026-08-23,Nagpur,srv-cook-01,Home Chef & Meal Preparation,7,5.99
2026-08-23,Nagpur,srv-elder-01,Elder Assistance & Companionship,5,4.46
2026-08-23,Nagpur,srv-elec-01,Electrical Repair & Wiring,7,7.58
2026-08-23,Nagpur,srv-garden-01,Gardening & Balcony Greenery,9,7.12
2026-08-23,Nagpur,srv-move-01,Moving & Heavy Lifting Assistance,5,5.57
2026-08-23,Nagpur,srv-paint-01,Wall Painting & Waterproofing,3,3.3
2026-08-23,Nagpur,srv-pest-01,Organic Pest Control,7,6.25
2026-08-23,Nagpur,srv-plumb-01,Plumbing Repair & Leakage Fix,7,7.12
2026-08-23,Nagpur,srv-soc-clean-01,Society Common Area Sanitization,2,2.6
2026-08-23,Nagpur,srv-soc-event-01,Community Event Sound & Electrical Setup,3,3.67
2026-08-23,Nagpur,srv-soc-tank-01,Water Sump & Overhead Tank Cleaning,2,2.01
2026-08-23,Patna,srv-ac-01,AC Deep Foam Jet Servicing,9,8.86
2026-08-23,Patna,srv-carp-01,Carpentry & Furniture Assembly,5,5.92
2026-08-23,Patna,srv-clean-01,Full Home Deep Cleaning,15,13.28
2026-08-23,Patna,srv-cook-01,Home Chef & Meal Preparation,6,5.87
2026-08-23,Patna,srv-elder-01,Elder Assistance & Companionship,5,4.17
2026-08-23,Patna,srv-elec-01,Electrical Repair & Wiring,9,6.93
2026-08-23,Patna,srv-garden-01,Gardening & Balcony Greenery,8,6.63
2026-08-23,Patna,srv-move-01,Moving & Heavy Lifting Assistance,5,5.45
2026-08-23,Patna,srv-paint-01,Wall Painting & Waterproofing,3,3.28
2026-08-23,Patna,srv-pest-01,Organic Pest Control,6,5.72
2026-08-23,Patna,srv-plumb-01,Plumbing Repair & Leakage Fix,8,6.81
2026-08-23,Patna,srv-soc-clean-01,Society Common Area Sanitization,2,1.97
2026-08-23,Patna,srv-soc-event-01,Community Event Sound & Electrical Setup,4,3.33
2026-08-23,Patna,srv-soc-tank-01,Water Sump & Overhead Tank Cleaning,2,1.96
2026-08-23,Pune,srv-ac-01,AC Deep Foam Jet Servicing,11,11.4
2026-08-23,Pune,srv-carp-01,Carpentry & Furniture Assembly,8,7.42
2026-08-23,Pune,srv-clean-01,Full Home Deep Cleaning,16,24.72
2026-08-23,Pune,srv-cook-01,Home Chef & Meal Preparation,9,7.08
2026-08-23,Pune,srv-elder-01,Elder Assistance & Companionship,5,5.26
2026-08-23,Pune,srv-elec-01,Electrical Repair & Wiring,9,9.32
2026-08-23,Pune,srv-garden-01,Gardening & Balcony Greenery,9,9.03
2026-08-23,Pune,srv-move-01,Moving & Heavy Lifting Assistance,6,6.58
2026-08-23,Pune,srv-paint-01,Wall Painting & Waterproofing,3,3.85
2026-08-23,Pune,srv-pest-01,Organic Pest Control,7,7.4
2026-08-23,Pune,srv-plumb-01,Plumbing Repair & Leakage Fix,9,8.77
2026-08-23,Pune,srv-soc-clean-01,Society Common Area Sanitization,3,2.46
2026-08-23,Pune,srv-soc-event-01,Community Event Sound & Electrical Setup,5,4.44
2026-08-23,Pune,srv-soc-tank-01,Water Sump & Overhead Tank Cleaning,2,2.21
2026-08-23,Surat,srv-ac-01,AC Deep Foam Jet Servicing,10,9.27
2026-08-23,Surat,srv-carp-01,Carpentry & Furniture Assembly,6,6.25
2026-08-23,Surat,srv-clean-01,Full Home Deep Cleaning,12,14.34
2026-08-23,Surat,srv-cook-01,Home Chef & Meal Preparation,7,6.18
2026-08-23,Surat,srv-elder-01,Elder Assistance & Companionship,5,4.49
2026-08-23,Surat,srv-elec-01,Electrical Repair & Wiring,8,6.74
2026-08-23,Surat,srv-garden-01,Gardening & Balcony Greenery,7,7.47
2026-08-23,Surat,srv-move-01,Moving & Heavy Lifting Assistance,6,5.41
2026-08-23,Surat,srv-paint-01,Wall Painting & Waterproofing,3,3.32
2026-08-23,Surat,srv-pest-01,Organic Pest Control,8,6.45
2026-08-23,Surat,srv-plumb-01,Plumbing Repair & Leakage Fix,8,8.47
2026-08-23,Surat,srv-soc-clean-01,Society Common Area Sanitization,2,2.04
2026-08-23,Surat,srv-soc-event-01,Community Event Sound & Electrical Setup,3,3.48
2026-08-23,Surat,srv-soc-tank-01,Water Sump & Overhead Tank Cleaning,2,2.01
2026-08-23,Vadodara,srv-ac-01,AC Deep Foam Jet Servicing,9,7.96
2026-08-23,Vadodara,srv-carp-01,Carpentry & Furniture Assembly,6,5.93
2026-08-23,Vadodara,srv-clean-01,Full Home Deep Cleaning,14,14.03
2026-08-23,Vadodara,srv-cook-01,Home Chef & Meal Preparation,5,5.94
2026-08-23,Vadodara,srv-elder-01,Elder Assistance & Companionship,4,4.02
2026-08-23,Vadodara,srv-elec-01,Electrical Repair & Wiring,6,6.27
2026-08-23,Vadodara,srv-garden-01,Gardening & Balcony Greenery,7,6.4
2026-08-23,Vadodara,srv-move-01,Moving & Heavy Lifting Assistance,6,5.12
2026-08-23,Vadodara,srv-paint-01,Wall Painting & Waterproofing,3,3.21
2026-08-23,Vadodara,srv-pest-01,Organic Pest Control,6,5.64
2026-08-23,Vadodara,srv-plumb-01,Plumbing Repair & Leakage Fix,6,6.98
2026-08-23,Vadodara,srv-soc-clean-01,Society Common Area Sanitization,2,2.07
2026-08-23,Vadodara,srv-soc-event-01,Community Event Sound & Electrical Setup,4,3.35
2026-08-23,Vadodara,srv-soc-tank-01,Water Sump & Overhead Tank Cleaning,2,1.93
2026-08-23,Visakhapatnam,srv-ac-01,AC Deep Foam Jet Servicing,8,8.13
2026-08-23,Visakhapatnam,srv-carp-01,Carpentry & Furniture Assembly,5,5.67
2026-08-23,Visakhapatnam,srv-clean-01,Full Home Deep Cleaning,13,15.06
2026-08-23,Visakhapatnam,srv-cook-01,Home Chef & Meal Preparation,5,5.9
2026-08-23,Visakhapatnam,srv-elder-01,Elder Assistance & Companionship,4,4.19
2026-08-23,Visakhapatnam,srv-elec-01,Electrical Repair & Wiring,6,6.83
2026-08-23,Visakhapatnam,srv-garden-01,Gardening & Balcony Greenery,8,7.24
2026-08-23,Visakhapatnam,srv-move-01,Moving & Heavy Lifting Assistance,4,5.17
2026-08-23,Visakhapatnam,srv-paint-01,Wall Painting & Waterproofing,3,3.22
2026-08-23,Visakhapatnam,srv-pest-01,Organic Pest Control,5,5.81
2026-08-23,Visakhapatnam,srv-plumb-01,Plumbing Repair & Leakage Fix,6,6.88
2026-08-23,Visakhapatnam,srv-soc-clean-01,Society Common Area Sanitization,2,1.98
2026-08-23,Visakhapatnam,srv-soc-event-01,Community Event Sound & Electrical Setup,3,3.23
2026-08-23,Visakhapatnam,srv-soc-tank-01,Water Sump & Overhead Tank Cleaning,2,1.89
2026-08-24,Ahmedabad,srv-ac-01,AC Deep Foam Jet Servicing,8,9.3
2026-08-24,Ahmedabad,srv-carp-01,Carpentry & Furniture Assembly,6,6.1
2026-08-24,Ahmedabad,srv-clean-01,Full Home Deep Cleaning,7,8.41
2026-08-24,Ahmedabad,srv-cook-01,Home Chef & Meal Preparation,8,7.1
2026-08-24,Ahmedabad,srv-elder-01,Elder Assistance & Companionship,6,5.43
2026-08-24,Ahmedabad,srv-elec-01,Electrical Repair & Wiring,8,9.51
2026-08-24,Ahmedabad,srv-garden-01,Gardening & Balcony Greenery,5,5.69
2026-08-24,Ahmedabad,srv-move-01,Moving & Heavy Lifting Assistance,3,3.15
2026-08-24,Ahmedabad,srv-paint-01,Wall Painting & Waterproofing,3,2.69
2026-08-24,Ahmedabad,srv-pest-01,Organic Pest Control,8,6.26
2026-08-24,Ahmedabad,srv-plumb-01,Plumbing Repair & Leakage Fix,8,7.25
2026-08-24,Ahmedabad,srv-soc-clean-01,Society Common Area Sanitization,3,2.45
2026-08-24,Ahmedabad,srv-soc-event-01,Community Event Sound & Electrical Setup,2,2.17
2026-08-24,Ahmedabad,srv-soc-tank-01,Water Sump & Overhead Tank Cleaning,2,2.09
2026-08-24,Bengaluru,srv-ac-01,AC Deep Foam Jet Servicing,11,12.98
2026-08-24,Bengaluru,srv-carp-01,Carpentry & Furniture Assembly,8,8.93
2026-08-24,Bengaluru,srv-clean-01,Full Home Deep Cleaning,10,11.12
2026-08-24,Bengaluru,srv-cook-01,Home Chef & Meal Preparation,11,9.62
2026-08-24,Bengaluru,srv-elder-01,Elder Assistance & Companionship,8,7.83
2026-08-24,Bengaluru,srv-elec-01,Electrical Repair & Wiring,14,12.31
2026-08-24,Bengaluru,srv-garden-01,Gardening & Balcony Greenery,7,6.93
2026-08-24,Bengaluru,srv-move-01,Moving & Heavy Lifting Assistance,4,4.13
2026-08-24,Bengaluru,srv-paint-01,Wall Painting & Waterproofing,4,3.66
2026-08-24,Bengaluru,srv-pest-01,Organic Pest Control,8,7.93
2026-08-24,Bengaluru,srv-plumb-01,Plumbing Repair & Leakage Fix,10,10.84
2026-08-24,Bengaluru,srv-soc-clean-01,Society Common Area Sanitization,4,3.5
2026-08-24,Bengaluru,srv-soc-event-01,Community Event Sound & Electrical Setup,2,2.38
2026-08-24,Bengaluru,srv-soc-tank-01,Water Sump & Overhead Tank Cleaning,3,2.58
2026-08-24,Bhopal,srv-ac-01,AC Deep Foam Jet Servicing,6,8.16
2026-08-24,Bhopal,srv-carp-01,Carpentry & Furniture Assembly,11,5.22
2026-08-24,Bhopal,srv-clean-01,Full Home Deep Cleaning,7,8.42
2026-08-24,Bhopal,srv-cook-01,Home Chef & Meal Preparation,6,5.54
2026-08-24,Bhopal,srv-elder-01,Elder Assistance & Companionship,4,4.56
2026-08-24,Bhopal,srv-elec-01,Electrical Repair & Wiring,7,7.07
2026-08-24,Bhopal,srv-garden-01,Gardening & Balcony Greenery,5,4.58
2026-08-24,Bhopal,srv-move-01,Moving & Heavy Lifting Assistance,2,2.34
2026-08-24,Bhopal,srv-paint-01,Wall Painting & Waterproofing,2,2.1
2026-08-24,Bhopal,srv-pest-01,Organic Pest Control,5,5.22
2026-08-24,Bhopal,srv-plumb-01,Plumbing Repair & Leakage Fix,6,6.3
2026-08-24,Bhopal,srv-soc-clean-01,Society Common Area Sanitization,2,2.14
2026-08-24,Bhopal,srv-soc-event-01,Community Event Sound & Electrical Setup,1,1.2
2026-08-24,Bhopal,srv-soc-tank-01,Water Sump & Overhead Tank Cleaning,1,1.5
2026-08-24,Chennai,srv-ac-01,AC Deep Foam Jet Servicing,11,9.62
2026-08-24,Chennai,srv-carp-01,Carpentry & Furniture Assembly,7,8.09
2026-08-24,Chennai,srv-clean-01,Full Home Deep Cleaning,9,9.9
2026-08-24,Chennai,srv-cook-01,Home Chef & Meal Preparation,7,7.9
2026-08-24,Chennai,srv-elder-01,Elder Assistance & Companionship,6,6.0
2026-08-24,Chennai,srv-elec-01,Electrical Repair & Wiring,10,10.5
2026-08-24,Chennai,srv-garden-01,Gardening & Balcony Greenery,6,5.47
2026-08-24,Chennai,srv-move-01,Moving & Heavy Lifting Assistance,4,3.53
2026-08-24,Chennai,srv-paint-01,Wall Painting & Waterproofing,3,3.33
2026-08-24,Chennai,srv-pest-01,Organic Pest Control,9,6.94
2026-08-24,Chennai,srv-plumb-01,Plumbing Repair & Leakage Fix,17,8.84
2026-08-24,Chennai,srv-soc-clean-01,Society Common Area Sanitization,3,2.52
2026-08-24,Chennai,srv-soc-event-01,Community Event Sound & Electrical Setup,2,2.08
2026-08-24,Chennai,srv-soc-tank-01,Water Sump & Overhead Tank Cleaning,2,2.08
2026-08-24,Coimbatore,srv-ac-01,AC Deep Foam Jet Servicing,8,9.1
2026-08-24,Coimbatore,srv-carp-01,Carpentry & Furniture Assembly,5,5.07
2026-08-24,Coimbatore,srv-clean-01,Full Home Deep Cleaning,7,6.86
2026-08-24,Coimbatore,srv-cook-01,Home Chef & Meal Preparation,6,6.12
2026-08-24,Coimbatore,srv-elder-01,Elder Assistance & Companionship,4,4.74
2026-08-24,Coimbatore,srv-elec-01,Electrical Repair & Wiring,7,8.03
2026-08-24,Coimbatore,srv-garden-01,Gardening & Balcony Greenery,4,5.03
2026-08-24,Coimbatore,srv-move-01,Moving & Heavy Lifting Assistance,2,2.18
2026-08-24,Coimbatore,srv-paint-01,Wall Painting & Waterproofing,2,2.09
2026-08-24,Coimbatore,srv-pest-01,Organic Pest Control,5,4.99
2026-08-24,Coimbatore,srv-plumb-01,Plumbing Repair & Leakage Fix,6,6.32
2026-08-24,Coimbatore,srv-soc-clean-01,Society Common Area Sanitization,2,2.05
2026-08-24,Coimbatore,srv-soc-event-01,Community Event Sound & Electrical Setup,1,1.33
2026-08-24,Coimbatore,srv-soc-tank-01,Water Sump & Overhead Tank Cleaning,2,1.41
2026-08-24,Delhi NCR,srv-ac-01,AC Deep Foam Jet Servicing,14,13.79
2026-08-24,Delhi NCR,srv-carp-01,Carpentry & Furniture Assembly,9,9.44
2026-08-24,Delhi NCR,srv-clean-01,Full Home Deep Cleaning,11,11.21
2026-08-24,Delhi NCR,srv-cook-01,Home Chef & Meal Preparation,9,10.0
2026-08-24,Delhi NCR,srv-elder-01,Elder Assistance & Companionship,8,7.73
2026-08-24,Delhi NCR,srv-elec-01,Electrical Repair & Wiring,14,13.09
2026-08-24,Delhi NCR,srv-garden-01,Gardening & Balcony Greenery,7,9.51
2026-08-24,Delhi NCR,srv-move-01,Moving & Heavy Lifting Assistance,4,4.73
2026-08-24,Delhi NCR,srv-paint-01,Wall Painting & Waterproofing,4,3.72
2026-08-24,Delhi NCR,srv-pest-01,Organic Pest Control,9,8.28
2026-08-24,Delhi NCR,srv-plumb-01,Plumbing Repair & Leakage Fix,9,11.14
2026-08-24,Delhi NCR,srv-soc-clean-01,Society Common Area Sanitization,3,3.65
2026-08-24,Delhi NCR,srv-soc-event-01,Community Event Sound & Electrical Setup,3,2.54
2026-08-24,Delhi NCR,srv-soc-tank-01,Water Sump & Overhead Tank Cleaning,3,2.8
2026-08-24,Gurugram,srv-ac-01,AC Deep Foam Jet Servicing,10,9.49
2026-08-24,Gurugram,srv-carp-01,Carpentry & Furniture Assembly,9,6.8
2026-08-24,Gurugram,srv-clean-01,Full Home Deep Cleaning,8,8.43
2026-08-24,Gurugram,srv-cook-01,Home Chef & Meal Preparation,7,7.12
2026-08-24,Gurugram,srv-elder-01,Elder Assistance & Companionship,5,5.5
2026-08-24,Gurugram,srv-elec-01,Electrical Repair & Wiring,11,9.22
2026-08-24,Gurugram,srv-garden-01,Gardening & Balcony Greenery,6,5.52
2026-08-24,Gurugram,srv-move-01,Moving & Heavy Lifting Assistance,4,2.89
2026-08-24,Gurugram,srv-paint-01,Wall Painting & Waterproofing,3,2.59
2026-08-24,Gurugram,srv-pest-01,Organic Pest Control,5,6.39
2026-08-24,Gurugram,srv-plumb-01,Plumbing Repair & Leakage Fix,7,7.45
2026-08-24,Gurugram,srv-soc-clean-01,Society Common Area Sanitization,3,2.59
2026-08-24,Gurugram,srv-soc-event-01,Community Event Sound & Electrical Setup,2,2.02
2026-08-24,Gurugram,srv-soc-tank-01,Water Sump & Overhead Tank Cleaning,2,2.05
2026-08-24,Hyderabad,srv-ac-01,AC Deep Foam Jet Servicing,9,10.81
2026-08-24,Hyderabad,srv-carp-01,Carpentry & Furniture Assembly,8,7.72
2026-08-24,Hyderabad,srv-clean-01,Full Home Deep Cleaning,10,9.27
2026-08-24,Hyderabad,srv-cook-01,Home Chef & Meal Preparation,7,9.2
2026-08-24,Hyderabad,srv-elder-01,Elder Assistance & Companionship,6,6.09
2026-08-24,Hyderabad,srv-elec-01,Electrical Repair & Wiring,9,10.35
2026-08-24,Hyderabad,srv-garden-01,Gardening & Balcony Greenery,5,5.93
2026-08-24,Hyderabad,srv-move-01,Moving & Heavy Lifting Assistance,3,3.41
2026-08-24,Hyderabad,srv-paint-01,Wall Painting & Waterproofing,3,3.52
2026-08-24,Hyderabad,srv-pest-01,Organic Pest Control,7,6.7
2026-08-24,Hyderabad,srv-plumb-01,Plumbing Repair & Leakage Fix,9,9.33
2026-08-24,Hyderabad,srv-soc-clean-01,Society Common Area Sanitization,3,3.25
2026-08-24,Hyderabad,srv-soc-event-01,Community Event Sound & Electrical Setup,2,2.05
2026-08-24,Hyderabad,srv-soc-tank-01,Water Sump & Overhead Tank Cleaning,2,2.06
2026-08-24,Indore,srv-ac-01,AC Deep Foam Jet Servicing,7,9.2
2026-08-24,Indore,srv-carp-01,Carpentry & Furniture Assembly,6,5.57
2026-08-24,Indore,srv-clean-01,Full Home Deep Cleaning,8,7.97
2026-08-24,Indore,srv-cook-01,Home Chef & Meal Preparation,6,6.31
2026-08-24,Indore,srv-elder-01,Elder Assistance & Companionship,5,4.71
2026-08-24,Indore,srv-elec-01,Electrical Repair & Wiring,7,8.46
2026-08-24,Indore,srv-garden-01,Gardening & Balcony Greenery,4,4.68
2026-08-24,Indore,srv-move-01,Moving & Heavy Lifting Assistance,3,2.54
2026-08-24,Indore,srv-paint-01,Wall Painting & Waterproofing,2,2.22
2026-08-24,Indore,srv-pest-01,Organic Pest Control,5,5.64
2026-08-24,Indore,srv-plumb-01,Plumbing Repair & Leakage Fix,6,6.63
2026-08-24,Indore,srv-soc-clean-01,Society Common Area Sanitization,2,2.14
2026-08-24,Indore,srv-soc-event-01,Community Event Sound & Electrical Setup,2,1.56
2026-08-24,Indore,srv-soc-tank-01,Water Sump & Overhead Tank Cleaning,2,1.69
2026-08-24,Jaipur,srv-ac-01,AC Deep Foam Jet Servicing,11,8.4
2026-08-24,Jaipur,srv-carp-01,Carpentry & Furniture Assembly,6,5.71
2026-08-24,Jaipur,srv-clean-01,Full Home Deep Cleaning,7,7.38
2026-08-24,Jaipur,srv-cook-01,Home Chef & Meal Preparation,6,6.34
2026-08-24,Jaipur,srv-elder-01,Elder Assistance & Companionship,5,4.81
2026-08-24,Jaipur,srv-elec-01,Electrical Repair & Wiring,9,8.78
2026-08-24,Jaipur,srv-garden-01,Gardening & Balcony Greenery,5,4.86
2026-08-24,Jaipur,srv-move-01,Moving & Heavy Lifting Assistance,3,2.72
2026-08-24,Jaipur,srv-paint-01,Wall Painting & Waterproofing,2,2.36
2026-08-24,Jaipur,srv-pest-01,Organic Pest Control,6,5.49
2026-08-24,Jaipur,srv-plumb-01,Plumbing Repair & Leakage Fix,7,6.69
2026-08-24,Jaipur,srv-soc-clean-01,Society Common Area Sanitization,2,2.41
2026-08-24,Jaipur,srv-soc-event-01,Community Event Sound & Electrical Setup,2,1.32
2026-08-24,Jaipur,srv-soc-tank-01,Water Sump & Overhead Tank Cleaning,2,1.91
2026-08-24,Kochi,srv-ac-01,AC Deep Foam Jet Servicing,7,8.1
2026-08-24,Kochi,srv-carp-01,Carpentry & Furniture Assembly,6,5.55
2026-08-24,Kochi,srv-clean-01,Full Home Deep Cleaning,9,7.1
2026-08-24,Kochi,srv-cook-01,Home Chef & Meal Preparation,7,6.28
2026-08-24,Kochi,srv-elder-01,Elder Assistance & Companionship,5,4.62
2026-08-24,Kochi,srv-elec-01,Electrical Repair & Wiring,8,8.43
2026-08-24,Kochi,srv-garden-01,Gardening & Balcony Greenery,4,4.59
2026-08-24,Kochi,srv-move-01,Moving & Heavy Lifting Assistance,2,2.42
2026-08-24,Kochi,srv-paint-01,Wall Painting & Waterproofing,2,2.19
2026-08-24,Kochi,srv-pest-01,Organic Pest Control,5,5.44
2026-08-24,Kochi,srv-plumb-01,Plumbing Repair & Leakage Fix,6,7.04
2026-08-24,Kochi,srv-soc-clean-01,Society Common Area Sanitization,2,2.08
2026-08-24,Kochi,srv-soc-event-01,Community Event Sound & Electrical Setup,2,1.52
2026-08-24,Kochi,srv-soc-tank-01,Water Sump & Overhead Tank Cleaning,1,1.76
2026-08-24,Kolkata,srv-ac-01,AC Deep Foam Jet Servicing,10,11.02
2026-08-24,Kolkata,srv-carp-01,Carpentry & Furniture Assembly,7,7.86
2026-08-24,Kolkata,srv-clean-01,Full Home Deep Cleaning,10,10.73
2026-08-24,Kolkata,srv-cook-01,Home Chef & Meal Preparation,8,8.31
2026-08-24,Kolkata,srv-elder-01,Elder Assistance & Companionship,7,6.4
2026-08-24,Kolkata,srv-elec-01,Electrical Repair & Wiring,12,10.61
2026-08-24,Kolkata,srv-garden-01,Gardening & Balcony Greenery,7,6.27
2026-08-24,Kolkata,srv-move-01,Moving & Heavy Lifting Assistance,3,4.52
2026-08-24,Kolkata,srv-paint-01,Wall Painting & Waterproofing,3,3.26
2026-08-24,Kolkata,srv-pest-01,Organic Pest Control,7,8.1
2026-08-24,Kolkata,srv-plumb-01,Plumbing Repair & Leakage Fix,8,9.23
2026-08-24,Kolkata,srv-soc-clean-01,Society Common Area Sanitization,3,2.9
2026-08-24,Kolkata,srv-soc-event-01,Community Event Sound & Electrical Setup,2,2.05
2026-08-24,Kolkata,srv-soc-tank-01,Water Sump & Overhead Tank Cleaning,3,2.09
2026-08-24,Lucknow,srv-ac-01,AC Deep Foam Jet Servicing,9,8.84
2026-08-24,Lucknow,srv-carp-01,Carpentry & Furniture Assembly,7,6.02
2026-08-24,Lucknow,srv-clean-01,Full Home Deep Cleaning,7,8.11
2026-08-24,Lucknow,srv-cook-01,Home Chef & Meal Preparation,7,6.79
2026-08-24,Lucknow,srv-elder-01,Elder Assistance & Companionship,6,5.4
2026-08-24,Lucknow,srv-elec-01,Electrical Repair & Wiring,9,9.37
2026-08-24,Lucknow,srv-garden-01,Gardening & Balcony Greenery,5,4.81
2026-08-24,Lucknow,srv-move-01,Moving & Heavy Lifting Assistance,3,2.75
2026-08-24,Lucknow,srv-paint-01,Wall Painting & Waterproofing,2,2.51
2026-08-24,Lucknow,srv-pest-01,Organic Pest Control,6,6.16
2026-08-24,Lucknow,srv-plumb-01,Plumbing Repair & Leakage Fix,8,8.11
2026-08-24,Lucknow,srv-soc-clean-01,Society Common Area Sanitization,3,2.22
2026-08-24,Lucknow,srv-soc-event-01,Community Event Sound & Electrical Setup,2,1.68
2026-08-24,Lucknow,srv-soc-tank-01,Water Sump & Overhead Tank Cleaning,2,2.13
2026-08-24,Mumbai,srv-ac-01,AC Deep Foam Jet Servicing,13,14.49
2026-08-24,Mumbai,srv-carp-01,Carpentry & Furniture Assembly,10,8.87
2026-08-24,Mumbai,srv-clean-01,Full Home Deep Cleaning,11,12.15
2026-08-24,Mumbai,srv-cook-01,Home Chef & Meal Preparation,10,9.72
2026-08-24,Mumbai,srv-elder-01,Elder Assistance & Companionship,8,7.89
2026-08-24,Mumbai,srv-elec-01,Electrical Repair & Wiring,12,13.15
2026-08-24,Mumbai,srv-garden-01,Gardening & Balcony Greenery,9,7.46
2026-08-24,Mumbai,srv-move-01,Moving & Heavy Lifting Assistance,5,5.46
2026-08-24,Mumbai,srv-paint-01,Wall Painting & Waterproofing,4,3.93
2026-08-24,Mumbai,srv-pest-01,Organic Pest Control,8,8.93
2026-08-24,Mumbai,srv-plumb-01,Plumbing Repair & Leakage Fix,12,10.14
2026-08-24,Mumbai,srv-soc-clean-01,Society Common Area Sanitization,3,3.68
2026-08-24,Mumbai,srv-soc-event-01,Community Event Sound & Electrical Setup,3,2.71
2026-08-24,Mumbai,srv-soc-tank-01,Water Sump & Overhead Tank Cleaning,3,2.61
2026-08-24,Nagpur,srv-ac-01,AC Deep Foam Jet Servicing,9,7.67
2026-08-24,Nagpur,srv-carp-01,Carpentry & Furniture Assembly,5,5.41
2026-08-24,Nagpur,srv-clean-01,Full Home Deep Cleaning,8,7.79
2026-08-24,Nagpur,srv-cook-01,Home Chef & Meal Preparation,6,6.24
2026-08-24,Nagpur,srv-elder-01,Elder Assistance & Companionship,4,4.68
2026-08-24,Nagpur,srv-elec-01,Electrical Repair & Wiring,8,8.15
2026-08-24,Nagpur,srv-garden-01,Gardening & Balcony Greenery,5,4.28
2026-08-24,Nagpur,srv-move-01,Moving & Heavy Lifting Assistance,2,2.64
2026-08-24,Nagpur,srv-paint-01,Wall Painting & Waterproofing,2,2.15
2026-08-24,Nagpur,srv-pest-01,Organic Pest Control,6,5.46
2026-08-24,Nagpur,srv-plumb-01,Plumbing Repair & Leakage Fix,6,6.5
2026-08-24,Nagpur,srv-soc-clean-01,Society Common Area Sanitization,2,2.13
2026-08-24,Nagpur,srv-soc-event-01,Community Event Sound & Electrical Setup,1,1.5
2026-08-24,Nagpur,srv-soc-tank-01,Water Sump & Overhead Tank Cleaning,2,1.67
2026-08-24,Patna,srv-ac-01,AC Deep Foam Jet Servicing,7,7.88
2026-08-24,Patna,srv-carp-01,Carpentry & Furniture Assembly,5,5.16
2026-08-24,Patna,srv-clean-01,Full Home Deep Cleaning,8,8.2
2026-08-24,Patna,srv-cook-01,Home Chef & Meal Preparation,5,5.68
2026-08-24,Patna,srv-elder-01,Elder Assistance & Companionship,4,4.7
2026-08-24,Patna,srv-elec-01,Electrical Repair & Wiring,7,7.9
2026-08-24,Patna,srv-garden-01,Gardening & Balcony Greenery,5,4.52
2026-08-24,Patna,srv-move-01,Moving & Heavy Lifting Assistance,3,2.55
2026-08-24,Patna,srv-paint-01,Wall Painting & Waterproofing,2,2.1
2026-08-24,Patna,srv-pest-01,Organic Pest Control,5,5.14
2026-08-24,Patna,srv-plumb-01,Plumbing Repair & Leakage Fix,7,5.89
2026-08-24,Patna,srv-soc-clean-01,Society Common Area Sanitization,2,2.05
2026-08-24,Patna,srv-soc-event-01,Community Event Sound & Electrical Setup,2,1.52
2026-08-24,Patna,srv-soc-tank-01,Water Sump & Overhead Tank Cleaning,2,1.7
2026-08-24,Pune,srv-ac-01,AC Deep Foam Jet Servicing,11,10.23
2026-08-24,Pune,srv-carp-01,Carpentry & Furniture Assembly,6,6.95
2026-08-24,Pune,srv-clean-01,Full Home Deep Cleaning,8,8.57
2026-08-24,Pune,srv-cook-01,Home Chef & Meal Preparation,8,6.76
2026-08-24,Pune,srv-elder-01,Elder Assistance & Companionship,6,5.5
2026-08-24,Pune,srv-elec-01,Electrical Repair & Wiring,10,10.24
2026-08-24,Pune,srv-garden-01,Gardening & Balcony Greenery,6,5.66
2026-08-24,Pune,srv-move-01,Moving & Heavy Lifting Assistance,3,3.25
2026-08-24,Pune,srv-paint-01,Wall Painting & Waterproofing,2,2.56
2026-08-24,Pune,srv-pest-01,Organic Pest Control,6,6.68
2026-08-24,Pune,srv-plumb-01,Plumbing Repair & Leakage Fix,8,8.17
2026-08-24,Pune,srv-soc-clean-01,Society Common Area Sanitization,2,2.57
2026-08-24,Pune,srv-soc-event-01,Community Event Sound & Electrical Setup,2,2.04
2026-08-24,Pune,srv-soc-tank-01,Water Sump & Overhead Tank Cleaning,2,2.01
2026-08-24,Surat,srv-ac-01,AC Deep Foam Jet Servicing,9,8.43
2026-08-24,Surat,srv-carp-01,Carpentry & Furniture Assembly,6,5.74
2026-08-24,Surat,srv-clean-01,Full Home Deep Cleaning,6,7.19
2026-08-24,Surat,srv-cook-01,Home Chef & Meal Preparation,6,5.89
2026-08-24,Surat,srv-elder-01,Elder Assistance & Companionship,4,4.67
2026-08-24,Surat,srv-elec-01,Electrical Repair & Wiring,7,8.5
2026-08-24,Surat,srv-garden-01,Gardening & Balcony Greenery,7,4.63
2026-08-24,Surat,srv-move-01,Moving & Heavy Lifting Assistance,2,2.52
2026-08-24,Surat,srv-paint-01,Wall Painting & Waterproofing,2,2.13
2026-08-24,Surat,srv-pest-01,Organic Pest Control,5,5.31
2026-08-24,Surat,srv-plumb-01,Plumbing Repair & Leakage Fix,7,7.25
2026-08-24,Surat,srv-soc-clean-01,Society Common Area Sanitization,2,2.1
2026-08-24,Surat,srv-soc-event-01,Community Event Sound & Electrical Setup,2,1.61
2026-08-24,Surat,srv-soc-tank-01,Water Sump & Overhead Tank Cleaning,2,1.65
2026-08-24,Vadodara,srv-ac-01,AC Deep Foam Jet Servicing,7,7.87
2026-08-24,Vadodara,srv-carp-01,Carpentry & Furniture Assembly,5,5.03
2026-08-24,Vadodara,srv-clean-01,Full Home Deep Cleaning,7,7.19
2026-08-24,Vadodara,srv-cook-01,Home Chef & Meal Preparation,5,5.51
2026-08-24,Vadodara,srv-elder-01,Elder Assistance & Companionship,4,4.46
2026-08-24,Vadodara,srv-elec-01,Electrical Repair & Wiring,9,7.2
2026-08-24,Vadodara,srv-garden-01,Gardening & Balcony Greenery,4,4.13
2026-08-24,Vadodara,srv-move-01,Moving & Heavy Lifting Assistance,3,2.43
2026-08-24,Vadodara,srv-paint-01,Wall Painting & Waterproofing,2,2.07
2026-08-24,Vadodara,srv-pest-01,Organic Pest Control,5,5.0
2026-08-24,Vadodara,srv-plumb-01,Plumbing Repair & Leakage Fix,5,6.26
2026-08-24,Vadodara,srv-soc-clean-01,Society Common Area Sanitization,2,2.2
2026-08-24,Vadodara,srv-soc-event-01,Community Event Sound & Electrical Setup,1,1.5
2026-08-24,Vadodara,srv-soc-tank-01,Water Sump & Overhead Tank Cleaning,2,1.53
2026-08-24,Visakhapatnam,srv-ac-01,AC Deep Foam Jet Servicing,6,7.71
2026-08-24,Visakhapatnam,srv-carp-01,Carpentry & Furniture Assembly,5,5.02
2026-08-24,Visakhapatnam,srv-clean-01,Full Home Deep Cleaning,8,7.32
2026-08-24,Visakhapatnam,srv-cook-01,Home Chef & Meal Preparation,6,5.35
2026-08-24,Visakhapatnam,srv-elder-01,Elder Assistance & Companionship,4,4.65
2026-08-24,Visakhapatnam,srv-elec-01,Electrical Repair & Wiring,9,8.02
2026-08-24,Visakhapatnam,srv-garden-01,Gardening & Balcony Greenery,5,4.57
2026-08-24,Visakhapatnam,srv-move-01,Moving & Heavy Lifting Assistance,3,2.34
2026-08-24,Visakhapatnam,srv-paint-01,Wall Painting & Waterproofing,2,2.26
2026-08-24,Visakhapatnam,srv-pest-01,Organic Pest Control,4,5.15
2026-08-24,Visakhapatnam,srv-plumb-01,Plumbing Repair & Leakage Fix,6,5.88
2026-08-24,Visakhapatnam,srv-soc-clean-01,Society Common Area Sanitization,2,2.07
2026-08-24,Visakhapatnam,srv-soc-event-01,Community Event Sound & Electrical Setup,1,1.18
2026-08-24,Visakhapatnam,srv-soc-tank-01,Water Sump & Overhead Tank Cleaning,1,1.55
2026-08-25,Ahmedabad,srv-ac-01,AC Deep Foam Jet Servicing,10,9.62
2026-08-25,Ahmedabad,srv-carp-01,Carpentry & Furniture Assembly,7,6.3
2026-08-25,Ahmedabad,srv-clean-01,Full Home Deep Cleaning,10,8.12
2026-08-25,Ahmedabad,srv-cook-01,Home Chef & Meal Preparation,6,7.39
2026-08-25,Ahmedabad,srv-elder-01,Elder Assistance & Companionship,10,5.55
2026-08-25,Ahmedabad,srv-elec-01,Electrical Repair & Wiring,8,9.45
2026-08-25,Ahmedabad,srv-garden-01,Gardening & Balcony Greenery,5,5.74
2026-08-25,Ahmedabad,srv-move-01,Moving & Heavy Lifting Assistance,3,3.17
2026-08-25,Ahmedabad,srv-paint-01,Wall Painting & Waterproofing,3,2.71
2026-08-25,Ahmedabad,srv-pest-01,Organic Pest Control,6,6.39
2026-08-25,Ahmedabad,srv-plumb-01,Plumbing Repair & Leakage Fix,8,7.08
2026-08-25,Ahmedabad,srv-soc-clean-01,Society Common Area Sanitization,3,2.37
2026-08-25,Ahmedabad,srv-soc-event-01,Community Event Sound & Electrical Setup,2,2.06
2026-08-25,Ahmedabad,srv-soc-tank-01,Water Sump & Overhead Tank Cleaning,2,2.1
2026-08-25,Bengaluru,srv-ac-01,AC Deep Foam Jet Servicing,10,12.29
2026-08-25,Bengaluru,srv-carp-01,Carpentry & Furniture Assembly,8,9.04
2026-08-25,Bengaluru,srv-clean-01,Full Home Deep Cleaning,11,10.83
2026-08-25,Bengaluru,srv-cook-01,Home Chef & Meal Preparation,11,9.51
2026-08-25,Bengaluru,srv-elder-01,Elder Assistance & Companionship,7,7.7
2026-08-25,Bengaluru,srv-elec-01,Electrical Repair & Wiring,12,12.06
2026-08-25,Bengaluru,srv-garden-01,Gardening & Balcony Greenery,8,6.37
2026-08-25,Bengaluru,srv-move-01,Moving & Heavy Lifting Assistance,5,4.15
2026-08-25,Bengaluru,srv-paint-01,Wall Painting & Waterproofing,4,3.89
2026-08-25,Bengaluru,srv-pest-01,Organic Pest Control,8,8.27
2026-08-25,Bengaluru,srv-plumb-01,Plumbing Repair & Leakage Fix,10,9.76
2026-08-25,Bengaluru,srv-soc-clean-01,Society Common Area Sanitization,3,3.65
2026-08-25,Bengaluru,srv-soc-event-01,Community Event Sound & Electrical Setup,2,2.32
2026-08-25,Bengaluru,srv-soc-tank-01,Water Sump & Overhead Tank Cleaning,3,2.64
2026-08-25,Bhopal,srv-ac-01,AC Deep Foam Jet Servicing,7,8.04
2026-08-25,Bhopal,srv-carp-01,Carpentry & Furniture Assembly,5,4.72
2026-08-25,Bhopal,srv-clean-01,Full Home Deep Cleaning,6,6.77
2026-08-25,Bhopal,srv-cook-01,Home Chef & Meal Preparation,5,5.48
2026-08-25,Bhopal,srv-elder-01,Elder Assistance & Companionship,4,4.49
2026-08-25,Bhopal,srv-elec-01,Electrical Repair & Wiring,7,7.44
2026-08-25,Bhopal,srv-garden-01,Gardening & Balcony Greenery,4,4.66
2026-08-25,Bhopal,srv-move-01,Moving & Heavy Lifting Assistance,3,2.38
2026-08-25,Bhopal,srv-paint-01,Wall Painting & Waterproofing,2,2.05
2026-08-25,Bhopal,srv-pest-01,Organic Pest Control,5,5.17
2026-08-25,Bhopal,srv-plumb-01,Plumbing Repair & Leakage Fix,6,6.24
2026-08-25,Bhopal,srv-soc-clean-01,Society Common Area Sanitization,2,2.1
2026-08-25,Bhopal,srv-soc-event-01,Community Event Sound & Electrical Setup,2,1.11
2026-08-25,Bhopal,srv-soc-tank-01,Water Sump & Overhead Tank Cleaning,2,1.52
2026-08-25,Chennai,srv-ac-01,AC Deep Foam Jet Servicing,10,9.97
2026-08-25,Chennai,srv-carp-01,Carpentry & Furniture Assembly,7,8.06
2026-08-25,Chennai,srv-clean-01,Full Home Deep Cleaning,9,9.47
2026-08-25,Chennai,srv-cook-01,Home Chef & Meal Preparation,7,7.88
2026-08-25,Chennai,srv-elder-01,Elder Assistance & Companionship,6,5.66
2026-08-25,Chennai,srv-elec-01,Electrical Repair & Wiring,12,9.95
2026-08-25,Chennai,srv-garden-01,Gardening & Balcony Greenery,6,5.7
2026-08-25,Chennai,srv-move-01,Moving & Heavy Lifting Assistance,3,3.91
2026-08-25,Chennai,srv-paint-01,Wall Painting & Waterproofing,3,3.31
2026-08-25,Chennai,srv-pest-01,Organic Pest Control,7,6.68
2026-08-25,Chennai,srv-plumb-01,Plumbing Repair & Leakage Fix,8,8.05
2026-08-25,Chennai,srv-soc-clean-01,Society Common Area Sanitization,3,2.82
2026-08-25,Chennai,srv-soc-event-01,Community Event Sound & Electrical Setup,2,2.12
2026-08-25,Chennai,srv-soc-tank-01,Water Sump & Overhead Tank Cleaning,2,2.1
2026-08-25,Coimbatore,srv-ac-01,AC Deep Foam Jet Servicing,8,8.7
2026-08-25,Coimbatore,srv-carp-01,Carpentry & Furniture Assembly,6,5.07
2026-08-25,Coimbatore,srv-clean-01,Full Home Deep Cleaning,9,6.84
2026-08-25,Coimbatore,srv-cook-01,Home Chef & Meal Preparation,5,6.01
2026-08-25,Coimbatore,srv-elder-01,Elder Assistance & Companionship,4,4.71
2026-08-25,Coimbatore,srv-elec-01,Electrical Repair & Wiring,7,8.02
2026-08-25,Coimbatore,srv-garden-01,Gardening & Balcony Greenery,5,4.51
2026-08-25,Coimbatore,srv-move-01,Moving & Heavy Lifting Assistance,2,2.33
2026-08-25,Coimbatore,srv-paint-01,Wall Painting & Waterproofing,2,2.08
2026-08-25,Coimbatore,srv-pest-01,Organic Pest Control,5,5.1
2026-08-25,Coimbatore,srv-plumb-01,Plumbing Repair & Leakage Fix,7,6.06
2026-08-25,Coimbatore,srv-soc-clean-01,Society Common Area Sanitization,2,2.05
2026-08-25,Coimbatore,srv-soc-event-01,Community Event Sound & Electrical Setup,1,1.4
2026-08-25,Coimbatore,srv-soc-tank-01,Water Sump & Overhead Tank Cleaning,1,1.49
2026-08-25,Delhi NCR,srv-ac-01,AC Deep Foam Jet Servicing,11,12.45
2026-08-25,Delhi NCR,srv-carp-01,Carpentry & Furniture Assembly,9,9.3
2026-08-25,Delhi NCR,srv-clean-01,Full Home Deep Cleaning,13,12.4
2026-08-25,Delhi NCR,srv-cook-01,Home Chef & Meal Preparation,11,10.4
2026-08-25,Delhi NCR,srv-elder-01,Elder Assistance & Companionship,12,8.06
2026-08-25,Delhi NCR,srv-elec-01,Electrical Repair & Wiring,14,12.68
2026-08-25,Delhi NCR,srv-garden-01,Gardening & Balcony Greenery,7,7.92
2026-08-25,Delhi NCR,srv-move-01,Moving & Heavy Lifting Assistance,4,4.62
2026-08-25,Delhi NCR,srv-paint-01,Wall Painting & Waterproofing,3,3.94
2026-08-25,Delhi NCR,srv-pest-01,Organic Pest Control,8,9.47
2026-08-25,Delhi NCR,srv-plumb-01,Plumbing Repair & Leakage Fix,12,10.3
2026-08-25,Delhi NCR,srv-soc-clean-01,Society Common Area Sanitization,3,3.65
2026-08-25,Delhi NCR,srv-soc-event-01,Community Event Sound & Electrical Setup,3,2.69
2026-08-25,Delhi NCR,srv-soc-tank-01,Water Sump & Overhead Tank Cleaning,2,2.84
2026-08-25,Gurugram,srv-ac-01,AC Deep Foam Jet Servicing,10,9.87
2026-08-25,Gurugram,srv-carp-01,Carpentry & Furniture Assembly,6,6.67
2026-08-25,Gurugram,srv-clean-01,Full Home Deep Cleaning,9,9.07
2026-08-25,Gurugram,srv-cook-01,Home Chef & Meal Preparation,8,6.93
2026-08-25,Gurugram,srv-elder-01,Elder Assistance & Companionship,5,5.62
2026-08-25,Gurugram,srv-elec-01,Electrical Repair & Wiring,8,9.32
2026-08-25,Gurugram,srv-garden-01,Gardening & Balcony Greenery,5,5.57
2026-08-25,Gurugram,srv-move-01,Moving & Heavy Lifting Assistance,4,3.43
2026-08-25,Gurugram,srv-paint-01,Wall Painting & Waterproofing,3,2.76
2026-08-25,Gurugram,srv-pest-01,Organic Pest Control,6,6.22
2026-08-25,Gurugram,srv-plumb-01,Plumbing Repair & Leakage Fix,14,7.45
2026-08-25,Gurugram,srv-soc-clean-01,Society Common Area Sanitization,2,2.46
2026-08-25,Gurugram,srv-soc-event-01,Community Event Sound & Electrical Setup,2,2.05
2026-08-25,Gurugram,srv-soc-tank-01,Water Sump & Overhead Tank Cleaning,2,2.04
2026-08-25,Hyderabad,srv-ac-01,AC Deep Foam Jet Servicing,11,11.23
2026-08-25,Hyderabad,srv-carp-01,Carpentry & Furniture Assembly,8,7.16
2026-08-25,Hyderabad,srv-clean-01,Full Home Deep Cleaning,9,10.4
2026-08-25,Hyderabad,srv-cook-01,Home Chef & Meal Preparation,7,8.14
2026-08-25,Hyderabad,srv-elder-01,Elder Assistance & Companionship,5,6.17
2026-08-25,Hyderabad,srv-elec-01,Electrical Repair & Wiring,11,11.04
2026-08-25,Hyderabad,srv-garden-01,Gardening & Balcony Greenery,6,6.1
2026-08-25,Hyderabad,srv-move-01,Moving & Heavy Lifting Assistance,4,3.77
2026-08-25,Hyderabad,srv-paint-01,Wall Painting & Waterproofing,3,3.23
2026-08-25,Hyderabad,srv-pest-01,Organic Pest Control,8,6.92
2026-08-25,Hyderabad,srv-plumb-01,Plumbing Repair & Leakage Fix,8,9.11
2026-08-25,Hyderabad,srv-soc-clean-01,Society Common Area Sanitization,3,3.34
2026-08-25,Hyderabad,srv-soc-event-01,Community Event Sound & Electrical Setup,4,2.09
2026-08-25,Hyderabad,srv-soc-tank-01,Water Sump & Overhead Tank Cleaning,2,2.1
2026-08-25,Indore,srv-ac-01,AC Deep Foam Jet Servicing,7,8.86
2026-08-25,Indore,srv-carp-01,Carpentry & Furniture Assembly,5,5.55
2026-08-25,Indore,srv-clean-01,Full Home Deep Cleaning,8,8.2
2026-08-25,Indore,srv-cook-01,Home Chef & Meal Preparation,7,6.42
2026-08-25,Indore,srv-elder-01,Elder Assistance & Companionship,4,4.77
2026-08-25,Indore,srv-elec-01,Electrical Repair & Wiring,9,8.11
2026-08-25,Indore,srv-garden-01,Gardening & Balcony Greenery,4,4.49
2026-08-25,Indore,srv-move-01,Moving & Heavy Lifting Assistance,2,2.8
2026-08-25,Indore,srv-paint-01,Wall Painting & Waterproofing,2,2.22
2026-08-25,Indore,srv-pest-01,Organic Pest Control,6,5.58
2026-08-25,Indore,srv-plumb-01,Plumbing Repair & Leakage Fix,7,6.67
2026-08-25,Indore,srv-soc-clean-01,Society Common Area Sanitization,2,2.13
2026-08-25,Indore,srv-soc-event-01,Community Event Sound & Electrical Setup,1,1.65
2026-08-25,Indore,srv-soc-tank-01,Water Sump & Overhead Tank Cleaning,2,1.68
2026-08-25,Jaipur,srv-ac-01,AC Deep Foam Jet Servicing,8,8.31
2026-08-25,Jaipur,srv-carp-01,Carpentry & Furniture Assembly,6,5.69
2026-08-25,Jaipur,srv-clean-01,Full Home Deep Cleaning,7,7.58
2026-08-25,Jaipur,srv-cook-01,Home Chef & Meal Preparation,6,6.62
2026-08-25,Jaipur,srv-elder-01,Elder Assistance & Companionship,5,4.82
2026-08-25,Jaipur,srv-elec-01,Electrical Repair & Wiring,9,8.02
2026-08-25,Jaipur,srv-garden-01,Gardening & Balcony Greenery,4,5.01
2026-08-25,Jaipur,srv-move-01,Moving & Heavy Lifting Assistance,3,3.14
2026-08-25,Jaipur,srv-paint-01,Wall Painting & Waterproofing,3,2.5
2026-08-25,Jaipur,srv-pest-01,Organic Pest Control,6,5.54
2026-08-25,Jaipur,srv-plumb-01,Plumbing Repair & Leakage Fix,6,7.07
2026-08-25,Jaipur,srv-soc-clean-01,Society Common Area Sanitization,2,2.41
2026-08-25,Jaipur,srv-soc-event-01,Community Event Sound & Electrical Setup,1,1.31
2026-08-25,Jaipur,srv-soc-tank-01,Water Sump & Overhead Tank Cleaning,2,1.94
2026-08-25,Kochi,srv-ac-01,AC Deep Foam Jet Servicing,7,8.08
2026-08-25,Kochi,srv-carp-01,Carpentry & Furniture Assembly,5,5.49
2026-08-25,Kochi,srv-clean-01,Full Home Deep Cleaning,8,7.5
2026-08-25,Kochi,srv-cook-01,Home Chef & Meal Preparation,7,6.24
2026-08-25,Kochi,srv-elder-01,Elder Assistance & Companionship,4,4.64
2026-08-25,Kochi,srv-elec-01,Electrical Repair & Wiring,8,7.82
2026-08-25,Kochi,srv-garden-01,Gardening & Balcony Greenery,4,4.66
2026-08-25,Kochi,srv-move-01,Moving & Heavy Lifting Assistance,2,2.44
2026-08-25,Kochi,srv-paint-01,Wall Painting & Waterproofing,2,2.2
2026-08-25,Kochi,srv-pest-01,Organic Pest Control,5,5.27
2026-08-25,Kochi,srv-plumb-01,Plumbing Repair & Leakage Fix,6,6.89
2026-08-25,Kochi,srv-soc-clean-01,Society Common Area Sanitization,2,2.08
2026-08-25,Kochi,srv-soc-event-01,Community Event Sound & Electrical Setup,2,1.58
2026-08-25,Kochi,srv-soc-tank-01,Water Sump & Overhead Tank Cleaning,2,1.69
2026-08-25,Kolkata,srv-ac-01,AC Deep Foam Jet Servicing,12,11.01
2026-08-25,Kolkata,srv-carp-01,Carpentry & Furniture Assembly,8,7.95
2026-08-25,Kolkata,srv-clean-01,Full Home Deep Cleaning,9,11.28
2026-08-25,Kolkata,srv-cook-01,Home Chef & Meal Preparation,9,8.07
2026-08-25,Kolkata,srv-elder-01,Elder Assistance & Companionship,7,6.53
2026-08-25,Kolkata,srv-elec-01,Electrical Repair & Wiring,10,11.7
2026-08-25,Kolkata,srv-garden-01,Gardening & Balcony Greenery,7,6.4
2026-08-25,Kolkata,srv-move-01,Moving & Heavy Lifting Assistance,4,4.85
2026-08-25,Kolkata,srv-paint-01,Wall Painting & Waterproofing,3,3.3
2026-08-25,Kolkata,srv-pest-01,Organic Pest Control,7,8.42
2026-08-25,Kolkata,srv-plumb-01,Plumbing Repair & Leakage Fix,8,8.76
2026-08-25,Kolkata,srv-soc-clean-01,Society Common Area Sanitization,3,3.08
2026-08-25,Kolkata,srv-soc-event-01,Community Event Sound & Electrical Setup,2,2.1
2026-08-25,Kolkata,srv-soc-tank-01,Water Sump & Overhead Tank Cleaning,2,2.23
2026-08-25,Lucknow,srv-ac-01,AC Deep Foam Jet Servicing,7,9.63
2026-08-25,Lucknow,srv-carp-01,Carpentry & Furniture Assembly,7,6.55
2026-08-25,Lucknow,srv-clean-01,Full Home Deep Cleaning,7,8.33
2026-08-25,Lucknow,srv-cook-01,Home Chef & Meal Preparation,7,6.75
2026-08-25,Lucknow,srv-elder-01,Elder Assistance & Companionship,8,5.51
2026-08-25,Lucknow,srv-elec-01,Electrical Repair & Wiring,9,9.59
2026-08-25,Lucknow,srv-garden-01,Gardening & Balcony Greenery,4,5.19
2026-08-25,Lucknow,srv-move-01,Moving & Heavy Lifting Assistance,3,2.9
2026-08-25,Lucknow,srv-paint-01,Wall Painting & Waterproofing,3,2.58
2026-08-25,Lucknow,srv-pest-01,Organic Pest Control,7,6.25
2026-08-25,Lucknow,srv-plumb-01,Plumbing Repair & Leakage Fix,7,7.98
2026-08-25,Lucknow,srv-soc-clean-01,Society Common Area Sanitization,2,2.2
2026-08-25,Lucknow,srv-soc-event-01,Community Event Sound & Electrical Setup,2,1.79
2026-08-25,Lucknow,srv-soc-tank-01,Water Sump & Overhead Tank Cleaning,2,2.13
2026-08-25,Mumbai,srv-ac-01,AC Deep Foam Jet Servicing,15,13.58
2026-08-25,Mumbai,srv-carp-01,Carpentry & Furniture Assembly,10,8.79
2026-08-25,Mumbai,srv-clean-01,Full Home Deep Cleaning,11,11.74
2026-08-25,Mumbai,srv-cook-01,Home Chef & Meal Preparation,9,10.22
2026-08-25,Mumbai,srv-elder-01,Elder Assistance & Companionship,9,7.85
2026-08-25,Mumbai,srv-elec-01,Electrical Repair & Wiring,14,13.02
2026-08-25,Mumbai,srv-garden-01,Gardening & Balcony Greenery,7,8.53
2026-08-25,Mumbai,srv-move-01,Moving & Heavy Lifting Assistance,4,5.6
2026-08-25,Mumbai,srv-paint-01,Wall Painting & Waterproofing,4,3.91
2026-08-25,Mumbai,srv-pest-01,Organic Pest Control,8,9.2
2026-08-25,Mumbai,srv-plumb-01,Plumbing Repair & Leakage Fix,12,10.35
2026-08-25,Mumbai,srv-soc-clean-01,Society Common Area Sanitization,4,3.14
2026-08-25,Mumbai,srv-soc-event-01,Community Event Sound & Electrical Setup,2,2.63
2026-08-25,Mumbai,srv-soc-tank-01,Water Sump & Overhead Tank Cleaning,3,2.73
2026-08-25,Nagpur,srv-ac-01,AC Deep Foam Jet Servicing,8,7.93
2026-08-25,Nagpur,srv-carp-01,Carpentry & Furniture Assembly,6,5.42
2026-08-25,Nagpur,srv-clean-01,Full Home Deep Cleaning,7,7.79
2026-08-25,Nagpur,srv-cook-01,Home Chef & Meal Preparation,9,6.16
2026-08-25,Nagpur,srv-elder-01,Elder Assistance & Companionship,4,4.71
2026-08-25,Nagpur,srv-elec-01,Electrical Repair & Wiring,7,7.95
2026-08-25,Nagpur,srv-garden-01,Gardening & Balcony Greenery,4,4.89
2026-08-25,Nagpur,srv-move-01,Moving & Heavy Lifting Assistance,3,2.61
2026-08-25,Nagpur,srv-paint-01,Wall Painting & Waterproofing,2,2.16
2026-08-25,Nagpur,srv-pest-01,Organic Pest Control,6,5.73
2026-08-25,Nagpur,srv-plumb-01,Plumbing Repair & Leakage Fix,6,6.41
2026-08-25,Nagpur,srv-soc-clean-01,Society Common Area Sanitization,2,2.13
2026-08-25,Nagpur,srv-soc-event-01,Community Event Sound & Electrical Setup,2,1.49
2026-08-25,Nagpur,srv-soc-tank-01,Water Sump & Overhead Tank Cleaning,1,1.75
2026-08-25,Patna,srv-ac-01,AC Deep Foam Jet Servicing,10,8.04
2026-08-25,Patna,srv-carp-01,Carpentry & Furniture Assembly,6,5.2
2026-08-25,Patna,srv-clean-01,Full Home Deep Cleaning,7,7.53
2026-08-25,Patna,srv-cook-01,Home Chef & Meal Preparation,7,5.67
2026-08-25,Patna,srv-elder-01,Elder Assistance & Companionship,5,4.59
2026-08-25,Patna,srv-elec-01,Electrical Repair & Wiring,7,8.15
2026-08-25,Patna,srv-garden-01,Gardening & Balcony Greenery,8,4.62
2026-08-25,Patna,srv-move-01,Moving & Heavy Lifting Assistance,2,2.78
2026-08-25,Patna,srv-paint-01,Wall Painting & Waterproofing,2,2.1
2026-08-25,Patna,srv-pest-01,Organic Pest Control,6,6.08
2026-08-25,Patna,srv-plumb-01,Plumbing Repair & Leakage Fix,7,6.28
2026-08-25,Patna,srv-soc-clean-01,Society Common Area Sanitization,2,2.06
2026-08-25,Patna,srv-soc-event-01,Community Event Sound & Electrical Setup,2,1.47
2026-08-25,Patna,srv-soc-tank-01,Water Sump & Overhead Tank Cleaning,1,1.69
2026-08-25,Pune,srv-ac-01,AC Deep Foam Jet Servicing,9,10.06
2026-08-25,Pune,srv-carp-01,Carpentry & Furniture Assembly,7,6.75
2026-08-25,Pune,srv-clean-01,Full Home Deep Cleaning,10,8.99
2026-08-25,Pune,srv-cook-01,Home Chef & Meal Preparation,7,7.15
2026-08-25,Pune,srv-elder-01,Elder Assistance & Companionship,5,5.63
2026-08-25,Pune,srv-elec-01,Electrical Repair & Wiring,9,10.55
2026-08-25,Pune,srv-garden-01,Gardening & Balcony Greenery,9,5.81
2026-08-25,Pune,srv-move-01,Moving & Heavy Lifting Assistance,3,3.31
2026-08-25,Pune,srv-paint-01,Wall Painting & Waterproofing,3,2.7
2026-08-25,Pune,srv-pest-01,Organic Pest Control,7,6.57
2026-08-25,Pune,srv-plumb-01,Plumbing Repair & Leakage Fix,9,8.02
2026-08-25,Pune,srv-soc-clean-01,Society Common Area Sanitization,2,2.93
2026-08-25,Pune,srv-soc-event-01,Community Event Sound & Electrical Setup,2,2.04
2026-08-25,Pune,srv-soc-tank-01,Water Sump & Overhead Tank Cleaning,2,2.01
2026-08-25,Surat,srv-ac-01,AC Deep Foam Jet Servicing,8,8.36
2026-08-25,Surat,srv-carp-01,Carpentry & Furniture Assembly,5,5.95
2026-08-25,Surat,srv-clean-01,Full Home Deep Cleaning,7,7.14
2026-08-25,Surat,srv-cook-01,Home Chef & Meal Preparation,5,6.4
2026-08-25,Surat,srv-elder-01,Elder Assistance & Companionship,5,4.78
2026-08-25,Surat,srv-elec-01,Electrical Repair & Wiring,8,8.06
2026-08-25,Surat,srv-garden-01,Gardening & Balcony Greenery,4,5.04
2026-08-25,Surat,srv-move-01,Moving & Heavy Lifting Assistance,3,2.63
2026-08-25,Surat,srv-paint-01,Wall Painting & Waterproofing,2,2.14
2026-08-25,Surat,srv-pest-01,Organic Pest Control,5,5.52
2026-08-25,Surat,srv-plumb-01,Plumbing Repair & Leakage Fix,6,7.69
2026-08-25,Surat,srv-soc-clean-01,Society Common Area Sanitization,2,2.11
2026-08-25,Surat,srv-soc-event-01,Community Event Sound & Electrical Setup,2,1.59
2026-08-25,Surat,srv-soc-tank-01,Water Sump & Overhead Tank Cleaning,2,1.79
2026-08-25,Vadodara,srv-ac-01,AC Deep Foam Jet Servicing,7,8.12
2026-08-25,Vadodara,srv-carp-01,Carpentry & Furniture Assembly,5,5.13
2026-08-25,Vadodara,srv-clean-01,Full Home Deep Cleaning,7,6.67
2026-08-25,Vadodara,srv-cook-01,Home Chef & Meal Preparation,6,5.41
2026-08-25,Vadodara,srv-elder-01,Elder Assistance & Companionship,4,4.48
2026-08-25,Vadodara,srv-elec-01,Electrical Repair & Wiring,8,6.77
2026-08-25,Vadodara,srv-garden-01,Gardening & Balcony Greenery,4,4.07
2026-08-25,Vadodara,srv-move-01,Moving & Heavy Lifting Assistance,3,2.55
2026-08-25,Vadodara,srv-paint-01,Wall Painting & Waterproofing,2,2.03
2026-08-25,Vadodara,srv-pest-01,Organic Pest Control,6,4.9
2026-08-25,Vadodara,srv-plumb-01,Plumbing Repair & Leakage Fix,8,6.12
2026-08-25,Vadodara,srv-soc-clean-01,Society Common Area Sanitization,2,2.08
2026-08-25,Vadodara,srv-soc-event-01,Community Event Sound & Electrical Setup,1,1.13
2026-08-25,Vadodara,srv-soc-tank-01,Water Sump & Overhead Tank Cleaning,1,1.57
2026-08-25,Visakhapatnam,srv-ac-01,AC Deep Foam Jet Servicing,8,7.81
2026-08-25,Visakhapatnam,srv-carp-01,Carpentry & Furniture Assembly,5,4.9
2026-08-25,Visakhapatnam,srv-clean-01,Full Home Deep Cleaning,6,7.08
2026-08-25,Visakhapatnam,srv-cook-01,Home Chef & Meal Preparation,6,5.67
2026-08-25,Visakhapatnam,srv-elder-01,Elder Assistance & Companionship,5,4.51
2026-08-25,Visakhapatnam,srv-elec-01,Electrical Repair & Wiring,8,7.33
2026-08-25,Visakhapatnam,srv-garden-01,Gardening & Balcony Greenery,4,4.65
2026-08-25,Visakhapatnam,srv-move-01,Moving & Heavy Lifting Assistance,2,2.59
2026-08-25,Visakhapatnam,srv-paint-01,Wall Painting & Waterproofing,2,2.24
2026-08-25,Visakhapatnam,srv-pest-01,Organic Pest Control,4,4.59
2026-08-25,Visakhapatnam,srv-plumb-01,Plumbing Repair & Leakage Fix,8,6.23
2026-08-25,Visakhapatnam,srv-soc-clean-01,Society Common Area Sanitization,2,2.05
2026-08-25,Visakhapatnam,srv-soc-event-01,Community Event Sound & Electrical Setup,1,1.14
2026-08-25,Visakhapatnam,srv-soc-tank-01,Water Sump & Overhead Tank Cleaning,2,1.55
2026-08-26,Ahmedabad,srv-ac-01,AC Deep Foam Jet Servicing,10,9.44
2026-08-26,Ahmedabad,srv-carp-01,Carpentry & Furniture Assembly,7,6.36
2026-08-26,Ahmedabad,srv-clean-01,Full Home Deep Cleaning,9,8.38
2026-08-26,Ahmedabad,srv-cook-01,Home Chef & Meal Preparation,7,7.26
2026-08-26,Ahmedabad,srv-elder-01,Elder Assistance & Companionship,6,5.58
2026-08-26,Ahmedabad,srv-elec-01,Electrical Repair & Wiring,10,9.81
2026-08-26,Ahmedabad,srv-garden-01,Gardening & Balcony Greenery,5,5.69
2026-08-26,Ahmedabad,srv-move-01,Moving & Heavy Lifting Assistance,3,3.15
2026-08-26,Ahmedabad,srv-paint-01,Wall Painting & Waterproofing,2,2.84
2026-08-26,Ahmedabad,srv-pest-01,Organic Pest Control,6,6.31
2026-08-26,Ahmedabad,srv-plumb-01,Plumbing Repair & Leakage Fix,7,7.37
2026-08-26,Ahmedabad,srv-soc-clean-01,Society Common Area Sanitization,3,2.43
2026-08-26,Ahmedabad,srv-soc-event-01,Community Event Sound & Electrical Setup,2,2.05
2026-08-26,Ahmedabad,srv-soc-tank-01,Water Sump & Overhead Tank Cleaning,2,2.1
2026-08-26,Bengaluru,srv-ac-01,AC Deep Foam Jet Servicing,11,13.63
2026-08-26,Bengaluru,srv-carp-01,Carpentry & Furniture Assembly,9,9.12
2026-08-26,Bengaluru,srv-clean-01,Full Home Deep Cleaning,12,10.75
2026-08-26,Bengaluru,srv-cook-01,Home Chef & Meal Preparation,10,10.62
2026-08-26,Bengaluru,srv-elder-01,Elder Assistance & Companionship,8,8.07
2026-08-26,Bengaluru,srv-elec-01,Electrical Repair & Wiring,15,12.86
2026-08-26,Bengaluru,srv-garden-01,Gardening & Balcony Greenery,15,6.49
2026-08-26,Bengaluru,srv-move-01,Moving & Heavy Lifting Assistance,4,5.29
2026-08-26,Bengaluru,srv-paint-01,Wall Painting & Waterproofing,4,3.54
2026-08-26,Bengaluru,srv-pest-01,Organic Pest Control,8,8.13
2026-08-26,Bengaluru,srv-plumb-01,Plumbing Repair & Leakage Fix,15,10.43
2026-08-26,Bengaluru,srv-soc-clean-01,Society Common Area Sanitization,4,3.57
2026-08-26,Bengaluru,srv-soc-event-01,Community Event Sound & Electrical Setup,3,2.21
2026-08-26,Bengaluru,srv-soc-tank-01,Water Sump & Overhead Tank Cleaning,2,2.7
2026-08-26,Bhopal,srv-ac-01,AC Deep Foam Jet Servicing,7,7.76
2026-08-26,Bhopal,srv-carp-01,Carpentry & Furniture Assembly,4,5.26
2026-08-26,Bhopal,srv-clean-01,Full Home Deep Cleaning,7,6.59
2026-08-26,Bhopal,srv-cook-01,Home Chef & Meal Preparation,5,5.59
2026-08-26,Bhopal,srv-elder-01,Elder Assistance & Companionship,4,4.39
2026-08-26,Bhopal,srv-elec-01,Electrical Repair & Wiring,8,6.86
2026-08-26,Bhopal,srv-garden-01,Gardening & Balcony Greenery,4,4.71
2026-08-26,Bhopal,srv-move-01,Moving & Heavy Lifting Assistance,3,2.55
2026-08-26,Bhopal,srv-paint-01,Wall Painting & Waterproofing,2,2.03
2026-08-26,Bhopal,srv-pest-01,Organic Pest Control,6,5.15
2026-08-26,Bhopal,srv-plumb-01,Plumbing Repair & Leakage Fix,7,6.03
2026-08-26,Bhopal,srv-soc-clean-01,Society Common Area Sanitization,2,2.08
2026-08-26,Bhopal,srv-soc-event-01,Community Event Sound & Electrical Setup,1,1.17
2026-08-26,Bhopal,srv-soc-tank-01,Water Sump & Overhead Tank Cleaning,1,1.44
2026-08-26,Chennai,srv-ac-01,AC Deep Foam Jet Servicing,11,9.84
2026-08-26,Chennai,srv-carp-01,Carpentry & Furniture Assembly,6,8.01
2026-08-26,Chennai,srv-clean-01,Full Home Deep Cleaning,9,9.56
2026-08-26,Chennai,srv-cook-01,Home Chef & Meal Preparation,8,7.9
2026-08-26,Chennai,srv-elder-01,Elder Assistance & Companionship,6,5.86
2026-08-26,Chennai,srv-elec-01,Electrical Repair & Wiring,9,10.06
2026-08-26,Chennai,srv-garden-01,Gardening & Balcony Greenery,6,5.92
2026-08-26,Chennai,srv-move-01,Moving & Heavy Lifting Assistance,3,4.03
2026-08-26,Chennai,srv-paint-01,Wall Painting & Waterproofing,2,3.3
2026-08-26,Chennai,srv-pest-01,Organic Pest Control,6,7.15
2026-08-26,Chennai,srv-plumb-01,Plumbing Repair & Leakage Fix,7,9.22
2026-08-26,Chennai,srv-soc-clean-01,Society Common Area Sanitization,2,2.66
2026-08-26,Chennai,srv-soc-event-01,Community Event Sound & Electrical Setup,2,2.02
2026-08-26,Chennai,srv-soc-tank-01,Water Sump & Overhead Tank Cleaning,2,2.08
2026-08-26,Coimbatore,srv-ac-01,AC Deep Foam Jet Servicing,8,7.84
2026-08-26,Coimbatore,srv-carp-01,Carpentry & Furniture Assembly,5,5.16
2026-08-26,Coimbatore,srv-clean-01,Full Home Deep Cleaning,7,7.23
2026-08-26,Coimbatore,srv-cook-01,Home Chef & Meal Preparation,5,5.9
2026-08-26,Coimbatore,srv-elder-01,Elder Assistance & Companionship,4,4.68
2026-08-26,Coimbatore,srv-elec-01,Electrical Repair & Wiring,7,8.03
2026-08-26,Coimbatore,srv-garden-01,Gardening & Balcony Greenery,5,4.98
2026-08-26,Coimbatore,srv-move-01,Moving & Heavy Lifting Assistance,2,2.22
2026-08-26,Coimbatore,srv-paint-01,Wall Painting & Waterproofing,2,2.05
2026-08-26,Coimbatore,srv-pest-01,Organic Pest Control,6,5.1
2026-08-26,Coimbatore,srv-plumb-01,Plumbing Repair & Leakage Fix,6,6.33
2026-08-26,Coimbatore,srv-soc-clean-01,Society Common Area Sanitization,2,2.03
2026-08-26,Coimbatore,srv-soc-event-01,Community Event Sound & Electrical Setup,2,1.11
2026-08-26,Coimbatore,srv-soc-tank-01,Water Sump & Overhead Tank Cleaning,2,1.36
2026-08-26,Delhi NCR,srv-ac-01,AC Deep Foam Jet Servicing,14,12.43
2026-08-26,Delhi NCR,srv-carp-01,Carpentry & Furniture Assembly,9,8.71
2026-08-26,Delhi NCR,srv-clean-01,Full Home Deep Cleaning,11,13.5
2026-08-26,Delhi NCR,srv-cook-01,Home Chef & Meal Preparation,9,9.55
2026-08-26,Delhi NCR,srv-elder-01,Elder Assistance & Companionship,8,7.76
2026-08-26,Delhi NCR,srv-elec-01,Electrical Repair & Wiring,13,12.89
2026-08-26,Delhi NCR,srv-garden-01,Gardening & Balcony Greenery,7,8.15
2026-08-26,Delhi NCR,srv-move-01,Moving & Heavy Lifting Assistance,5,4.96
2026-08-26,Delhi NCR,srv-paint-01,Wall Painting & Waterproofing,3,3.62
2026-08-26,Delhi NCR,srv-pest-01,Organic Pest Control,9,8.99
2026-08-26,Delhi NCR,srv-plumb-01,Plumbing Repair & Leakage Fix,12,9.92
2026-08-26,Delhi NCR,srv-soc-clean-01,Society Common Area Sanitization,4,3.57
2026-08-26,Delhi NCR,srv-soc-event-01,Community Event Sound & Electrical Setup,2,2.85
2026-08-26,Delhi NCR,srv-soc-tank-01,Water Sump & Overhead Tank Cleaning,3,2.56
2026-08-26,Gurugram,srv-ac-01,AC Deep Foam Jet Servicing,8,10.29
2026-08-26,Gurugram,srv-carp-01,Carpentry & Furniture Assembly,6,6.56
2026-08-26,Gurugram,srv-clean-01,Full Home Deep Cleaning,7,8.93
2026-08-26,Gurugram,srv-cook-01,Home Chef & Meal Preparation,7,7.1
2026-08-26,Gurugram,srv-elder-01,Elder Assistance & Companionship,6,5.65
2026-08-26,Gurugram,srv-elec-01,Electrical Repair & Wiring,9,9.73
2026-08-26,Gurugram,srv-garden-01,Gardening & Balcony Greenery,5,5.92
2026-08-26,Gurugram,srv-move-01,Moving & Heavy Lifting Assistance,3,3.36
2026-08-26,Gurugram,srv-paint-01,Wall Painting & Waterproofing,3,2.75
2026-08-26,Gurugram,srv-pest-01,Organic Pest Control,5,6.16
2026-08-26,Gurugram,srv-plumb-01,Plumbing Repair & Leakage Fix,7,6.99
2026-08-26,Gurugram,srv-soc-clean-01,Society Common Area Sanitization,3,2.51
2026-08-26,Gurugram,srv-soc-event-01,Community Event Sound & Electrical Setup,2,2.0
2026-08-26,Gurugram,srv-soc-tank-01,Water Sump & Overhead Tank Cleaning,2,2.04
2026-08-26,Hyderabad,srv-ac-01,AC Deep Foam Jet Servicing,11,11.24
2026-08-26,Hyderabad,srv-carp-01,Carpentry & Furniture Assembly,7,8.16
2026-08-26,Hyderabad,srv-clean-01,Full Home Deep Cleaning,9,9.25
2026-08-26,Hyderabad,srv-cook-01,Home Chef & Meal Preparation,8,8.48
2026-08-26,Hyderabad,srv-elder-01,Elder Assistance & Companionship,6,6.27
2026-08-26,Hyderabad,srv-elec-01,Electrical Repair & Wiring,11,10.76
2026-08-26,Hyderabad,srv-garden-01,Gardening & Balcony Greenery,6,6.19
2026-08-26,Hyderabad,srv-move-01,Moving & Heavy Lifting Assistance,3,3.74
2026-08-26,Hyderabad,srv-paint-01,Wall Painting & Waterproofing,3,3.14
2026-08-26,Hyderabad,srv-pest-01,Organic Pest Control,6,7.04
2026-08-26,Hyderabad,srv-plumb-01,Plumbing Repair & Leakage Fix,10,8.83
2026-08-26,Hyderabad,srv-soc-clean-01,Society Common Area Sanitization,3,3.26
2026-08-26,Hyderabad,srv-soc-event-01,Community Event Sound & Electrical Setup,2,2.14
2026-08-26,Hyderabad,srv-soc-tank-01,Water Sump & Overhead Tank Cleaning,2,2.13
2026-08-26,Indore,srv-ac-01,AC Deep Foam Jet Servicing,7,9.14
2026-08-26,Indore,srv-carp-01,Carpentry & Furniture Assembly,5,5.59
2026-08-26,Indore,srv-clean-01,Full Home Deep Cleaning,8,8.02
2026-08-26,Indore,srv-cook-01,Home Chef & Meal Preparation,6,6.36
2026-08-26,Indore,srv-elder-01,Elder Assistance & Companionship,5,4.7
2026-08-26,Indore,srv-elec-01,Electrical Repair & Wiring,9,8.84
2026-08-26,Indore,srv-garden-01,Gardening & Balcony Greenery,8,4.52
2026-08-26,Indore,srv-move-01,Moving & Heavy Lifting Assistance,5,2.55
2026-08-26,Indore,srv-paint-01,Wall Painting & Waterproofing,2,2.12
2026-08-26,Indore,srv-pest-01,Organic Pest Control,5,5.64
2026-08-26,Indore,srv-plumb-01,Plumbing Repair & Leakage Fix,7,6.89
2026-08-26,Indore,srv-soc-clean-01,Society Common Area Sanitization,2,2.11
2026-08-26,Indore,srv-soc-event-01,Community Event Sound & Electrical Setup,2,1.52
2026-08-26,Indore,srv-soc-tank-01,Water Sump & Overhead Tank Cleaning,2,1.74
2026-08-26,Jaipur,srv-ac-01,AC Deep Foam Jet Servicing,9,8.68
2026-08-26,Jaipur,srv-carp-01,Carpentry & Furniture Assembly,6,5.68
2026-08-26,Jaipur,srv-clean-01,Full Home Deep Cleaning,14,7.25
2026-08-26,Jaipur,srv-cook-01,Home Chef & Meal Preparation,5,6.45
2026-08-26,Jaipur,srv-elder-01,Elder Assistance & Companionship,5,4.78
2026-08-26,Jaipur,srv-elec-01,Electrical Repair & Wiring,9,8.34
2026-08-26,Jaipur,srv-garden-01,Gardening & Balcony Greenery,5,5.05
2026-08-26,Jaipur,srv-move-01,Moving & Heavy Lifting Assistance,3,2.97
2026-08-26,Jaipur,srv-paint-01,Wall Painting & Waterproofing,2,2.43
2026-08-26,Jaipur,srv-pest-01,Organic Pest Control,6,5.66
2026-08-26,Jaipur,srv-plumb-01,Plumbing Repair & Leakage Fix,10,6.9
2026-08-26,Jaipur,srv-soc-clean-01,Society Common Area Sanitization,3,2.37
2026-08-26,Jaipur,srv-soc-event-01,Community Event Sound & Electrical Setup,1,1.26
2026-08-26,Jaipur,srv-soc-tank-01,Water Sump & Overhead Tank Cleaning,2,1.94
2026-08-26,Kochi,srv-ac-01,AC Deep Foam Jet Servicing,8,8.6
2026-08-26,Kochi,srv-carp-01,Carpentry & Furniture Assembly,5,5.51
2026-08-26,Kochi,srv-clean-01,Full Home Deep Cleaning,7,7.33
2026-08-26,Kochi,srv-cook-01,Home Chef & Meal Preparation,5,6.45
2026-08-26,Kochi,srv-elder-01,Elder Assistance & Companionship,5,4.65
2026-08-26,Kochi,srv-elec-01,Electrical Repair & Wiring,8,7.72
2026-08-26,Kochi,srv-garden-01,Gardening & Balcony Greenery,4,4.69
2026-08-26,Kochi,srv-move-01,Moving & Heavy Lifting Assistance,3,2.44
2026-08-26,Kochi,srv-paint-01,Wall Painting & Waterproofing,3,2.16
2026-08-26,Kochi,srv-pest-01,Organic Pest Control,5,5.25
2026-08-26,Kochi,srv-plumb-01,Plumbing Repair & Leakage Fix,6,6.66
2026-08-26,Kochi,srv-soc-clean-01,Society Common Area Sanitization,2,2.05
2026-08-26,Kochi,srv-soc-event-01,Community Event Sound & Electrical Setup,1,1.48
2026-08-26,Kochi,srv-soc-tank-01,Water Sump & Overhead Tank Cleaning,1,1.84
2026-08-26,Kolkata,srv-ac-01,AC Deep Foam Jet Servicing,12,11.93
2026-08-26,Kolkata,srv-carp-01,Carpentry & Furniture Assembly,9,7.68
2026-08-26,Kolkata,srv-clean-01,Full Home Deep Cleaning,10,10.6
2026-08-26,Kolkata,srv-cook-01,Home Chef & Meal Preparation,9,8.32
2026-08-26,Kolkata,srv-elder-01,Elder Assistance & Companionship,6,6.8
2026-08-26,Kolkata,srv-elec-01,Electrical Repair & Wiring,12,10.77
2026-08-26,Kolkata,srv-garden-01,Gardening & Balcony Greenery,7,6.24
2026-08-26,Kolkata,srv-move-01,Moving & Heavy Lifting Assistance,4,4.26
2026-08-26,Kolkata,srv-paint-01,Wall Painting & Waterproofing,3,3.31
2026-08-26,Kolkata,srv-pest-01,Organic Pest Control,7,7.59
2026-08-26,Kolkata,srv-plumb-01,Plumbing Repair & Leakage Fix,8,8.81
2026-08-26,Kolkata,srv-soc-clean-01,Society Common Area Sanitization,3,3.05
2026-08-26,Kolkata,srv-soc-event-01,Community Event Sound & Electrical Setup,2,2.06
2026-08-26,Kolkata,srv-soc-tank-01,Water Sump & Overhead Tank Cleaning,2,2.09
2026-08-26,Lucknow,srv-ac-01,AC Deep Foam Jet Servicing,8,8.82
2026-08-26,Lucknow,srv-carp-01,Carpentry & Furniture Assembly,5,6.82
2026-08-26,Lucknow,srv-clean-01,Full Home Deep Cleaning,8,7.83
2026-08-26,Lucknow,srv-cook-01,Home Chef & Meal Preparation,8,6.65
2026-08-26,Lucknow,srv-elder-01,Elder Assistance & Companionship,5,5.49
2026-08-26,Lucknow,srv-elec-01,Electrical Repair & Wiring,10,9.66
2026-08-26,Lucknow,srv-garden-01,Gardening & Balcony Greenery,4,4.96
2026-08-26,Lucknow,srv-move-01,Moving & Heavy Lifting Assistance,3,2.87
2026-08-26,Lucknow,srv-paint-01,Wall Painting & Waterproofing,3,2.77
2026-08-26,Lucknow,srv-pest-01,Organic Pest Control,5,6.3
2026-08-26,Lucknow,srv-plumb-01,Plumbing Repair & Leakage Fix,8,8.14
2026-08-26,Lucknow,srv-soc-clean-01,Society Common Area Sanitization,2,2.16
2026-08-26,Lucknow,srv-soc-event-01,Community Event Sound & Electrical Setup,1,1.82
2026-08-26,Lucknow,srv-soc-tank-01,Water Sump & Overhead Tank Cleaning,2,2.12
2026-08-26,Mumbai,srv-ac-01,AC Deep Foam Jet Servicing,13,13.9
2026-08-26,Mumbai,srv-carp-01,Carpentry & Furniture Assembly,8,9.14
2026-08-26,Mumbai,srv-clean-01,Full Home Deep Cleaning,14,12.05
2026-08-26,Mumbai,srv-cook-01,Home Chef & Meal Preparation,9,10.63
2026-08-26,Mumbai,srv-elder-01,Elder Assistance & Companionship,9,8.25
2026-08-26,Mumbai,srv-elec-01,Electrical Repair & Wiring,15,13.66
2026-08-26,Mumbai,srv-garden-01,Gardening & Balcony Greenery,7,7.48
2026-08-26,Mumbai,srv-move-01,Moving & Heavy Lifting Assistance,4,4.86
2026-08-26,Mumbai,srv-paint-01,Wall Painting & Waterproofing,3,3.48
2026-08-26,Mumbai,srv-pest-01,Organic Pest Control,9,9.03
2026-08-26,Mumbai,srv-plumb-01,Plumbing Repair & Leakage Fix,12,10.62
2026-08-26,Mumbai,srv-soc-clean-01,Society Common Area Sanitization,4,3.67
2026-08-26,Mumbai,srv-soc-event-01,Community Event Sound & Electrical Setup,3,2.25
2026-08-26,Mumbai,srv-soc-tank-01,Water Sump & Overhead Tank Cleaning,2,2.75
2026-08-26,Nagpur,srv-ac-01,AC Deep Foam Jet Servicing,8,9.07
2026-08-26,Nagpur,srv-carp-01,Carpentry & Furniture Assembly,6,5.51
2026-08-26,Nagpur,srv-clean-01,Full Home Deep Cleaning,6,7.35
2026-08-26,Nagpur,srv-cook-01,Home Chef & Meal Preparation,5,5.75
2026-08-26,Nagpur,srv-elder-01,Elder Assistance & Companionship,4,4.67
2026-08-26,Nagpur,srv-elec-01,Electrical Repair & Wiring,8,8.41
2026-08-26,Nagpur,srv-garden-01,Gardening & Balcony Greenery,5,4.69
2026-08-26,Nagpur,srv-move-01,Moving & Heavy Lifting Assistance,3,2.71
2026-08-26,Nagpur,srv-paint-01,Wall Painting & Waterproofing,2,2.12
2026-08-26,Nagpur,srv-pest-01,Organic Pest Control,7,5.77
2026-08-26,Nagpur,srv-plumb-01,Plumbing Repair & Leakage Fix,7,6.37
2026-08-26,Nagpur,srv-soc-clean-01,Society Common Area Sanitization,2,2.09
2026-08-26,Nagpur,srv-soc-event-01,Community Event Sound & Electrical Setup,1,1.65
2026-08-26,Nagpur,srv-soc-tank-01,Water Sump & Overhead Tank Cleaning,1,1.63
2026-08-26,Patna,srv-ac-01,AC Deep Foam Jet Servicing,7,8.56
2026-08-26,Patna,srv-carp-01,Carpentry & Furniture Assembly,5,5.44
2026-08-26,Patna,srv-clean-01,Full Home Deep Cleaning,6,7.37
2026-08-26,Patna,srv-cook-01,Home Chef & Meal Preparation,6,6.02
2026-08-26,Patna,srv-elder-01,Elder Assistance & Companionship,5,4.61
2026-08-26,Patna,srv-elec-01,Electrical Repair & Wiring,9,8.61
2026-08-26,Patna,srv-garden-01,Gardening & Balcony Greenery,5,4.99
2026-08-26,Patna,srv-move-01,Moving & Heavy Lifting Assistance,3,2.56
2026-08-26,Patna,srv-paint-01,Wall Painting & Waterproofing,2,2.08
2026-08-26,Patna,srv-pest-01,Organic Pest Control,6,5.45
2026-08-26,Patna,srv-plumb-01,Plumbing Repair & Leakage Fix,6,6.18
2026-08-26,Patna,srv-soc-clean-01,Society Common Area Sanitization,2,2.04
2026-08-26,Patna,srv-soc-event-01,Community Event Sound & Electrical Setup,2,1.6
2026-08-26,Patna,srv-soc-tank-01,Water Sump & Overhead Tank Cleaning,2,1.52
2026-08-26,Pune,srv-ac-01,AC Deep Foam Jet Servicing,10,10.6
2026-08-26,Pune,srv-carp-01,Carpentry & Furniture Assembly,7,6.79
2026-08-26,Pune,srv-clean-01,Full Home Deep Cleaning,9,8.99
2026-08-26,Pune,srv-cook-01,Home Chef & Meal Preparation,8,7.32
2026-08-26,Pune,srv-elder-01,Elder Assistance & Companionship,6,5.71
2026-08-26,Pune,srv-elec-01,Electrical Repair & Wiring,11,10.22
2026-08-26,Pune,srv-garden-01,Gardening & Balcony Greenery,5,6.14
2026-08-26,Pune,srv-move-01,Moving & Heavy Lifting Assistance,3,3.29
2026-08-26,Pune,srv-paint-01,Wall Painting & Waterproofing,3,2.76
2026-08-26,Pune,srv-pest-01,Organic Pest Control,6,6.78
2026-08-26,Pune,srv-plumb-01,Plumbing Repair & Leakage Fix,9,7.67
2026-08-26,Pune,srv-soc-clean-01,Society Common Area Sanitization,3,2.74
2026-08-26,Pune,srv-soc-event-01,Community Event Sound & Electrical Setup,2,2.05
2026-08-26,Pune,srv-soc-tank-01,Water Sump & Overhead Tank Cleaning,2,2.03
2026-08-26,Surat,srv-ac-01,AC Deep Foam Jet Servicing,7,9.03
2026-08-26,Surat,srv-carp-01,Carpentry & Furniture Assembly,5,5.91
2026-08-26,Surat,srv-clean-01,Full Home Deep Cleaning,10,6.6
2026-08-26,Surat,srv-cook-01,Home Chef & Meal Preparation,5,5.96
2026-08-26,Surat,srv-elder-01,Elder Assistance & Companionship,4,4.68
2026-08-26,Surat,srv-elec-01,Electrical Repair & Wiring,8,7.69
2026-08-26,Surat,srv-garden-01,Gardening & Balcony Greenery,5,4.96
2026-08-26,Surat,srv-move-01,Moving & Heavy Lifting Assistance,3,2.84
2026-08-26,Surat,srv-paint-01,Wall Painting & Waterproofing,2,2.11
2026-08-26,Surat,srv-pest-01,Organic Pest Control,6,5.39
2026-08-26,Surat,srv-plumb-01,Plumbing Repair & Leakage Fix,6,7.07
2026-08-26,Surat,srv-soc-clean-01,Society Common Area Sanitization,2,2.08
2026-08-26,Surat,srv-soc-event-01,Community Event Sound & Electrical Setup,2,1.71
2026-08-26,Surat,srv-soc-tank-01,Water Sump & Overhead Tank Cleaning,1,1.71
2026-08-26,Vadodara,srv-ac-01,AC Deep Foam Jet Servicing,7,8.7
2026-08-26,Vadodara,srv-carp-01,Carpentry & Furniture Assembly,5,4.97
2026-08-26,Vadodara,srv-clean-01,Full Home Deep Cleaning,15,7.38
2026-08-26,Vadodara,srv-cook-01,Home Chef & Meal Preparation,5,5.61
2026-08-26,Vadodara,srv-elder-01,Elder Assistance & Companionship,4,4.31
2026-08-26,Vadodara,srv-elec-01,Electrical Repair & Wiring,7,7.57
2026-08-26,Vadodara,srv-garden-01,Gardening & Balcony Greenery,4,4.37
2026-08-26,Vadodara,srv-move-01,Moving & Heavy Lifting Assistance,3,2.56
2026-08-26,Vadodara,srv-paint-01,Wall Painting & Waterproofing,2,2.03
2026-08-26,Vadodara,srv-pest-01,Organic Pest Control,4,5.02
2026-08-26,Vadodara,srv-plumb-01,Plumbing Repair & Leakage Fix,6,5.93
2026-08-26,Vadodara,srv-soc-clean-01,Society Common Area Sanitization,2,2.14
2026-08-26,Vadodara,srv-soc-event-01,Community Event Sound & Electrical Setup,1,1.24
2026-08-26,Vadodara,srv-soc-tank-01,Water Sump & Overhead Tank Cleaning,2,1.49
2026-08-26,Visakhapatnam,srv-ac-01,AC Deep Foam Jet Servicing,7,7.73
2026-08-26,Visakhapatnam,srv-carp-01,Carpentry & Furniture Assembly,6,4.86
2026-08-26,Visakhapatnam,srv-clean-01,Full Home Deep Cleaning,8,6.57
2026-08-26,Visakhapatnam,srv-cook-01,Home Chef & Meal Preparation,6,5.67
2026-08-26,Visakhapatnam,srv-elder-01,Elder Assistance & Companionship,5,4.65
2026-08-26,Visakhapatnam,srv-elec-01,Electrical Repair & Wiring,8,7.15
2026-08-26,Visakhapatnam,srv-garden-01,Gardening & Balcony Greenery,5,4.67
2026-08-26,Visakhapatnam,srv-move-01,Moving & Heavy Lifting Assistance,3,2.48
2026-08-26,Visakhapatnam,srv-paint-01,Wall Painting & Waterproofing,2,2.24
2026-08-26,Visakhapatnam,srv-pest-01,Organic Pest Control,5,4.57
2026-08-26,Visakhapatnam,srv-plumb-01,Plumbing Repair & Leakage Fix,6,5.5
2026-08-26,Visakhapatnam,srv-soc-clean-01,Society Common Area Sanitization,2,2.02
2026-08-26,Visakhapatnam,srv-soc-event-01,Community Event Sound & Electrical Setup,1,1.15
2026-08-26,Visakhapatnam,srv-soc-tank-01,Water Sump & Overhead Tank Cleaning,2,1.51
2026-08-27,Ahmedabad,srv-ac-01,AC Deep Foam Jet Servicing,10,8.81
2026-08-27,Ahmedabad,srv-carp-01,Carpentry & Furniture Assembly,6,6.72
2026-08-27,Ahmedabad,srv-clean-01,Full Home Deep Cleaning,7,8.47
2026-08-27,Ahmedabad,srv-cook-01,Home Chef & Meal Preparation,7,7.39
2026-08-27,Ahmedabad,srv-elder-01,Elder Assistance & Companionship,5,5.83
2026-08-27,Ahmedabad,srv-elec-01,Electrical Repair & Wiring,11,9.32
2026-08-27,Ahmedabad,srv-garden-01,Gardening & Balcony Greenery,5,5.85
2026-08-27,Ahmedabad,srv-move-01,Moving & Heavy Lifting Assistance,3,3.22
2026-08-27,Ahmedabad,srv-paint-01,Wall Painting & Waterproofing,3,2.63
2026-08-27,Ahmedabad,srv-pest-01,Organic Pest Control,6,6.45
2026-08-27,Ahmedabad,srv-plumb-01,Plumbing Repair & Leakage Fix,7,8.1
2026-08-27,Ahmedabad,srv-soc-clean-01,Society Common Area Sanitization,3,2.52
2026-08-27,Ahmedabad,srv-soc-event-01,Community Event Sound & Electrical Setup,2,2.04
2026-08-27,Ahmedabad,srv-soc-tank-01,Water Sump & Overhead Tank Cleaning,2,2.1
2026-08-27,Bengaluru,srv-ac-01,AC Deep Foam Jet Servicing,12,12.22
2026-08-27,Bengaluru,srv-carp-01,Carpentry & Furniture Assembly,8,8.51
2026-08-27,Bengaluru,srv-clean-01,Full Home Deep Cleaning,11,10.6
2026-08-27,Bengaluru,srv-cook-01,Home Chef & Meal Preparation,9,9.56
2026-08-27,Bengaluru,srv-elder-01,Elder Assistance & Companionship,8,7.84
2026-08-27,Bengaluru,srv-elec-01,Electrical Repair & Wiring,14,13.07
2026-08-27,Bengaluru,srv-garden-01,Gardening & Balcony Greenery,8,8.02
2026-08-27,Bengaluru,srv-move-01,Moving & Heavy Lifting Assistance,4,4.42
2026-08-27,Bengaluru,srv-paint-01,Wall Painting & Waterproofing,3,3.69
2026-08-27,Bengaluru,srv-pest-01,Organic Pest Control,9,8.17
2026-08-27,Bengaluru,srv-plumb-01,Plumbing Repair & Leakage Fix,11,11.14
2026-08-27,Bengaluru,srv-soc-clean-01,Society Common Area Sanitization,3,3.54
2026-08-27,Bengaluru,srv-soc-event-01,Community Event Sound & Electrical Setup,3,2.37
2026-08-27,Bengaluru,srv-soc-tank-01,Water Sump & Overhead Tank Cleaning,3,2.46
2026-08-27,Bhopal,srv-ac-01,AC Deep Foam Jet Servicing,8,7.29
2026-08-27,Bhopal,srv-carp-01,Carpentry & Furniture Assembly,5,4.9
2026-08-27,Bhopal,srv-clean-01,Full Home Deep Cleaning,8,6.75
2026-08-27,Bhopal,srv-cook-01,Home Chef & Meal Preparation,5,5.54
2026-08-27,Bhopal,srv-elder-01,Elder Assistance & Companionship,4,4.44
2026-08-27,Bhopal,srv-elec-01,Electrical Repair & Wiring,7,7.66
2026-08-27,Bhopal,srv-garden-01,Gardening & Balcony Greenery,4,4.5
2026-08-27,Bhopal,srv-move-01,Moving & Heavy Lifting Assistance,2,2.72
2026-08-27,Bhopal,srv-paint-01,Wall Painting & Waterproofing,2,2.08
2026-08-27,Bhopal,srv-pest-01,Organic Pest Control,5,5.19
2026-08-27,Bhopal,srv-plumb-01,Plumbing Repair & Leakage Fix,7,6.14
2026-08-27,Bhopal,srv-soc-clean-01,Society Common Area Sanitization,3,2.14
2026-08-27,Bhopal,srv-soc-event-01,Community Event Sound & Electrical Setup,1,1.2
2026-08-27,Bhopal,srv-soc-tank-01,Water Sump & Overhead Tank Cleaning,2,1.48
2026-08-27,Chennai,srv-ac-01,AC Deep Foam Jet Servicing,10,10.3
2026-08-27,Chennai,srv-carp-01,Carpentry & Furniture Assembly,6,7.63
2026-08-27,Chennai,srv-clean-01,Full Home Deep Cleaning,9,10.36
2026-08-27,Chennai,srv-cook-01,Home Chef & Meal Preparation,8,7.78
2026-08-27,Chennai,srv-elder-01,Elder Assistance & Companionship,7,5.8
2026-08-27,Chennai,srv-elec-01,Electrical Repair & Wiring,11,10.38
2026-08-27,Chennai,srv-garden-01,Gardening & Balcony Greenery,6,5.75
2026-08-27,Chennai,srv-move-01,Moving & Heavy Lifting Assistance,4,3.54
2026-08-27,Chennai,srv-paint-01,Wall Painting & Waterproofing,3,2.71
2026-08-27,Chennai,srv-pest-01,Organic Pest Control,6,7.1
2026-08-27,Chennai,srv-plumb-01,Plumbing Repair & Leakage Fix,9,9.35
2026-08-27,Chennai,srv-soc-clean-01,Society Common Area Sanitization,3,2.72
2026-08-27,Chennai,srv-soc-event-01,Community Event Sound & Electrical Setup,2,2.02
2026-08-27,Chennai,srv-soc-tank-01,Water Sump & Overhead Tank Cleaning,2,2.05
2026-08-27,Coimbatore,srv-ac-01,AC Deep Foam Jet Servicing,8,7.72
2026-08-27,Coimbatore,srv-carp-01,Carpentry & Furniture Assembly,6,5.13
2026-08-27,Coimbatore,srv-clean-01,Full Home Deep Cleaning,7,6.95
2026-08-27,Coimbatore,srv-cook-01,Home Chef & Meal Preparation,12,5.91
2026-08-27,Coimbatore,srv-elder-01,Elder Assistance & Companionship,4,4.6
2026-08-27,Coimbatore,srv-elec-01,Electrical Repair & Wiring,7,7.78
2026-08-27,Coimbatore,srv-garden-01,Gardening & Balcony Greenery,4,4.72
2026-08-27,Coimbatore,srv-move-01,Moving & Heavy Lifting Assistance,3,2.22
2026-08-27,Coimbatore,srv-paint-01,Wall Painting & Waterproofing,2,2.04
2026-08-27,Coimbatore,srv-pest-01,Organic Pest Control,4,5.27
2026-08-27,Coimbatore,srv-plumb-01,Plumbing Repair & Leakage Fix,6,6.22
2026-08-27,Coimbatore,srv-soc-clean-01,Society Common Area Sanitization,2,2.01
2026-08-27,Coimbatore,srv-soc-event-01,Community Event Sound & Electrical Setup,1,1.46
2026-08-27,Coimbatore,srv-soc-tank-01,Water Sump & Overhead Tank Cleaning,2,1.47
2026-08-27,Delhi NCR,srv-ac-01,AC Deep Foam Jet Servicing,14,13.12
2026-08-27,Delhi NCR,srv-carp-01,Carpentry & Furniture Assembly,8,8.79
2026-08-27,Delhi NCR,srv-clean-01,Full Home Deep Cleaning,13,14.52
2026-08-27,Delhi NCR,srv-cook-01,Home Chef & Meal Preparation,11,9.71
2026-08-27,Delhi NCR,srv-elder-01,Elder Assistance & Companionship,9,8.27
2026-08-27,Delhi NCR,srv-elec-01,Electrical Repair & Wiring,14,12.97
2026-08-27,Delhi NCR,srv-garden-01,Gardening & Balcony Greenery,8,7.76
2026-08-27,Delhi NCR,srv-move-01,Moving & Heavy Lifting Assistance,5,5.96
2026-08-27,Delhi NCR,srv-paint-01,Wall Painting & Waterproofing,5,3.61
2026-08-27,Delhi NCR,srv-pest-01,Organic Pest Control,9,8.28
2026-08-27,Delhi NCR,srv-plumb-01,Plumbing Repair & Leakage Fix,11,10.73
2026-08-27,Delhi NCR,srv-soc-clean-01,Society Common Area Sanitization,3,3.45
2026-08-27,Delhi NCR,srv-soc-event-01,Community Event Sound & Electrical Setup,2,2.24
2026-08-27,Delhi NCR,srv-soc-tank-01,Water Sump & Overhead Tank Cleaning,3,2.68
2026-08-27,Gurugram,srv-ac-01,AC Deep Foam Jet Servicing,8,9.77
2026-08-27,Gurugram,srv-carp-01,Carpentry & Furniture Assembly,6,7.0
2026-08-27,Gurugram,srv-clean-01,Full Home Deep Cleaning,8,8.93
2026-08-27,Gurugram,srv-cook-01,Home Chef & Meal Preparation,6,7.06
2026-08-27,Gurugram,srv-elder-01,Elder Assistance & Companionship,5,5.52
2026-08-27,Gurugram,srv-elec-01,Electrical Repair & Wiring,8,9.42
2026-08-27,Gurugram,srv-garden-01,Gardening & Balcony Greenery,5,5.66
2026-08-27,Gurugram,srv-move-01,Moving & Heavy Lifting Assistance,3,3.24
2026-08-27,Gurugram,srv-paint-01,Wall Painting & Waterproofing,2,2.51
2026-08-27,Gurugram,srv-pest-01,Organic Pest Control,7,6.11
2026-08-27,Gurugram,srv-plumb-01,Plumbing Repair & Leakage Fix,6,7.57
2026-08-27,Gurugram,srv-soc-clean-01,Society Common Area Sanitization,3,2.46
2026-08-27,Gurugram,srv-soc-event-01,Community Event Sound & Electrical Setup,2,2.2
2026-08-27,Gurugram,srv-soc-tank-01,Water Sump & Overhead Tank Cleaning,2,2.03
2026-08-27,Hyderabad,srv-ac-01,AC Deep Foam Jet Servicing,11,10.77
2026-08-27,Hyderabad,srv-carp-01,Carpentry & Furniture Assembly,7,7.47
2026-08-27,Hyderabad,srv-clean-01,Full Home Deep Cleaning,9,10.02
2026-08-27,Hyderabad,srv-cook-01,Home Chef & Meal Preparation,8,8.07
2026-08-27,Hyderabad,srv-elder-01,Elder Assistance & Companionship,7,5.99
2026-08-27,Hyderabad,srv-elec-01,Electrical Repair & Wiring,11,10.18
2026-08-27,Hyderabad,srv-garden-01,Gardening & Balcony Greenery,6,6.03
2026-08-27,Hyderabad,srv-move-01,Moving & Heavy Lifting Assistance,3,3.52
2026-08-27,Hyderabad,srv-paint-01,Wall Painting & Waterproofing,3,3.04
2026-08-27,Hyderabad,srv-pest-01,Organic Pest Control,6,6.87
2026-08-27,Hyderabad,srv-plumb-01,Plumbing Repair & Leakage Fix,8,8.9
2026-08-27,Hyderabad,srv-soc-clean-01,Society Common Area Sanitization,3,2.77
2026-08-27,Hyderabad,srv-soc-event-01,Community Event Sound & Electrical Setup,2,2.08
2026-08-27,Hyderabad,srv-soc-tank-01,Water Sump & Overhead Tank Cleaning,2,2.06
2026-08-27,Indore,srv-ac-01,AC Deep Foam Jet Servicing,15,8.8
2026-08-27,Indore,srv-carp-01,Carpentry & Furniture Assembly,6,5.61
2026-08-27,Indore,srv-clean-01,Full Home Deep Cleaning,8,7.73
2026-08-27,Indore,srv-cook-01,Home Chef & Meal Preparation,7,6.41
2026-08-27,Indore,srv-elder-01,Elder Assistance & Companionship,5,4.67
2026-08-27,Indore,srv-elec-01,Electrical Repair & Wiring,9,8.71
2026-08-27,Indore,srv-garden-01,Gardening & Balcony Greenery,4,4.59
2026-08-27,Indore,srv-move-01,Moving & Heavy Lifting Assistance,2,2.71
2026-08-27,Indore,srv-paint-01,Wall Painting & Waterproofing,2,2.08
2026-08-27,Indore,srv-pest-01,Organic Pest Control,5,5.7
2026-08-27,Indore,srv-plumb-01,Plumbing Repair & Leakage Fix,6,7.22
2026-08-27,Indore,srv-soc-clean-01,Society Common Area Sanitization,2,2.11
2026-08-27,Indore,srv-soc-event-01,Community Event Sound & Electrical Setup,1,1.64
2026-08-27,Indore,srv-soc-tank-01,Water Sump & Overhead Tank Cleaning,2,1.74
2026-08-27,Jaipur,srv-ac-01,AC Deep Foam Jet Servicing,8,8.41
2026-08-27,Jaipur,srv-carp-01,Carpentry & Furniture Assembly,6,5.8
2026-08-27,Jaipur,srv-clean-01,Full Home Deep Cleaning,8,7.57
2026-08-27,Jaipur,srv-cook-01,Home Chef & Meal Preparation,6,6.36
2026-08-27,Jaipur,srv-elder-01,Elder Assistance & Companionship,5,4.95
2026-08-27,Jaipur,srv-elec-01,Electrical Repair & Wiring,10,8.51
2026-08-27,Jaipur,srv-garden-01,Gardening & Balcony Greenery,8,5.01
2026-08-27,Jaipur,srv-move-01,Moving & Heavy Lifting Assistance,3,2.97
2026-08-27,Jaipur,srv-paint-01,Wall Painting & Waterproofing,3,2.36
2026-08-27,Jaipur,srv-pest-01,Organic Pest Control,5,5.72
2026-08-27,Jaipur,srv-plumb-01,Plumbing Repair & Leakage Fix,7,6.8
2026-08-27,Jaipur,srv-soc-clean-01,Society Common Area Sanitization,2,2.4
2026-08-27,Jaipur,srv-soc-event-01,Community Event Sound & Electrical Setup,2,1.26
2026-08-27,Jaipur,srv-soc-tank-01,Water Sump & Overhead Tank Cleaning,2,1.89
2026-08-27,Kochi,srv-ac-01,AC Deep Foam Jet Servicing,7,8.21
2026-08-27,Kochi,srv-carp-01,Carpentry & Furniture Assembly,6,5.48
2026-08-27,Kochi,srv-clean-01,Full Home Deep Cleaning,8,7.17
2026-08-27,Kochi,srv-cook-01,Home Chef & Meal Preparation,6,6.28
2026-08-27,Kochi,srv-elder-01,Elder Assistance & Companionship,4,4.68
2026-08-27,Kochi,srv-elec-01,Electrical Repair & Wiring,9,7.79
2026-08-27,Kochi,srv-garden-01,Gardening & Balcony Greenery,4,4.66
2026-08-27,Kochi,srv-move-01,Moving & Heavy Lifting Assistance,2,2.56
2026-08-27,Kochi,srv-paint-01,Wall Painting & Waterproofing,2,2.16
2026-08-27,Kochi,srv-pest-01,Organic Pest Control,6,5.31
2026-08-27,Kochi,srv-plumb-01,Plumbing Repair & Leakage Fix,7,6.91
2026-08-27,Kochi,srv-soc-clean-01,Society Common Area Sanitization,2,2.05
2026-08-27,Kochi,srv-soc-event-01,Community Event Sound & Electrical Setup,1,1.52
2026-08-27,Kochi,srv-soc-tank-01,Water Sump & Overhead Tank Cleaning,2,1.67
2026-08-27,Kolkata,srv-ac-01,AC Deep Foam Jet Servicing,11,10.98
2026-08-27,Kolkata,srv-carp-01,Carpentry & Furniture Assembly,8,7.94
2026-08-27,Kolkata,srv-clean-01,Full Home Deep Cleaning,20,11.41
2026-08-27,Kolkata,srv-cook-01,Home Chef & Meal Preparation,9,8.21
2026-08-27,Kolkata,srv-elder-01,Elder Assistance & Companionship,6,6.69
2026-08-27,Kolkata,srv-elec-01,Electrical Repair & Wiring,11,11.5
2026-08-27,Kolkata,srv-garden-01,Gardening & Balcony Greenery,7,6.08
2026-08-27,Kolkata,srv-move-01,Moving & Heavy Lifting Assistance,3,4.45
2026-08-27,Kolkata,srv-paint-01,Wall Painting & Waterproofing,4,3.19
2026-08-27,Kolkata,srv-pest-01,Organic Pest Control,8,7.17
2026-08-27,Kolkata,srv-plumb-01,Plumbing Repair & Leakage Fix,9,9.23
2026-08-27,Kolkata,srv-soc-clean-01,Society Common Area Sanitization,3,3.06
2026-08-27,Kolkata,srv-soc-event-01,Community Event Sound & Electrical Setup,2,2.07
2026-08-27,Kolkata,srv-soc-tank-01,Water Sump & Overhead Tank Cleaning,2,2.11
2026-08-27,Lucknow,srv-ac-01,AC Deep Foam Jet Servicing,9,9.23
2026-08-27,Lucknow,srv-carp-01,Carpentry & Furniture Assembly,6,6.76
2026-08-27,Lucknow,srv-clean-01,Full Home Deep Cleaning,8,8.78
2026-08-27,Lucknow,srv-cook-01,Home Chef & Meal Preparation,7,6.86
2026-08-27,Lucknow,srv-elder-01,Elder Assistance & Companionship,6,5.52
2026-08-27,Lucknow,srv-elec-01,Electrical Repair & Wiring,8,9.46
2026-08-27,Lucknow,srv-garden-01,Gardening & Balcony Greenery,5,4.76
2026-08-27,Lucknow,srv-move-01,Moving & Heavy Lifting Assistance,3,2.86
2026-08-27,Lucknow,srv-paint-01,Wall Painting & Waterproofing,3,2.65
2026-08-27,Lucknow,srv-pest-01,Organic Pest Control,6,6.04
2026-08-27,Lucknow,srv-plumb-01,Plumbing Repair & Leakage Fix,8,8.15
2026-08-27,Lucknow,srv-soc-clean-01,Society Common Area Sanitization,3,2.13
2026-08-27,Lucknow,srv-soc-event-01,Community Event Sound & Electrical Setup,2,1.65
2026-08-27,Lucknow,srv-soc-tank-01,Water Sump & Overhead Tank Cleaning,2,2.09
2026-08-27,Mumbai,srv-ac-01,AC Deep Foam Jet Servicing,12,13.79
2026-08-27,Mumbai,srv-carp-01,Carpentry & Furniture Assembly,10,8.85
2026-08-27,Mumbai,srv-clean-01,Full Home Deep Cleaning,12,13.05
2026-08-27,Mumbai,srv-cook-01,Home Chef & Meal Preparation,10,9.93
2026-08-27,Mumbai,srv-elder-01,Elder Assistance & Companionship,8,7.99
2026-08-27,Mumbai,srv-elec-01,Electrical Repair & Wiring,13,13.55
2026-08-27,Mumbai,srv-garden-01,Gardening & Balcony Greenery,7,7.39
2026-08-27,Mumbai,srv-move-01,Moving & Heavy Lifting Assistance,4,4.83
2026-08-27,Mumbai,srv-paint-01,Wall Painting & Waterproofing,4,3.99
2026-08-27,Mumbai,srv-pest-01,Organic Pest Control,8,8.88
2026-08-27,Mumbai,srv-plumb-01,Plumbing Repair & Leakage Fix,12,10.09
2026-08-27,Mumbai,srv-soc-clean-01,Society Common Area Sanitization,4,3.58
2026-08-27,Mumbai,srv-soc-event-01,Community Event Sound & Electrical Setup,2,2.63
2026-08-27,Mumbai,srv-soc-tank-01,Water Sump & Overhead Tank Cleaning,3,2.53
2026-08-27,Nagpur,srv-ac-01,AC Deep Foam Jet Servicing,8,8.12
2026-08-27,Nagpur,srv-carp-01,Carpentry & Furniture Assembly,5,5.46
2026-08-27,Nagpur,srv-clean-01,Full Home Deep Cleaning,7,7.0
2026-08-27,Nagpur,srv-cook-01,Home Chef & Meal Preparation,5,6.01
2026-08-27,Nagpur,srv-elder-01,Elder Assistance & Companionship,5,4.51
2026-08-27,Nagpur,srv-elec-01,Electrical Repair & Wiring,7,8.13
2026-08-27,Nagpur,srv-garden-01,Gardening & Balcony Greenery,5,4.71
2026-08-27,Nagpur,srv-move-01,Moving & Heavy Lifting Assistance,3,2.67
2026-08-27,Nagpur,srv-paint-01,Wall Painting & Waterproofing,2,2.07
2026-08-27,Nagpur,srv-pest-01,Organic Pest Control,5,5.67
2026-08-27,Nagpur,srv-plumb-01,Plumbing Repair & Leakage Fix,7,6.36
2026-08-27,Nagpur,srv-soc-clean-01,Society Common Area Sanitization,2,2.08
2026-08-27,Nagpur,srv-soc-event-01,Community Event Sound & Electrical Setup,2,1.56
2026-08-27,Nagpur,srv-soc-tank-01,Water Sump & Overhead Tank Cleaning,2,1.58
2026-08-27,Patna,srv-ac-01,AC Deep Foam Jet Servicing,8,7.9
2026-08-27,Patna,srv-carp-01,Carpentry & Furniture Assembly,4,5.29
2026-08-27,Patna,srv-clean-01,Full Home Deep Cleaning,7,7.51
2026-08-27,Patna,srv-cook-01,Home Chef & Meal Preparation,5,5.82
2026-08-27,Patna,srv-elder-01,Elder Assistance & Companionship,4,4.54
2026-08-27,Patna,srv-elec-01,Electrical Repair & Wiring,8,7.87
2026-08-27,Patna,srv-garden-01,Gardening & Balcony Greenery,5,5.04
2026-08-27,Patna,srv-move-01,Moving & Heavy Lifting Assistance,3,2.79
2026-08-27,Patna,srv-paint-01,Wall Painting & Waterproofing,2,2.07
2026-08-27,Patna,srv-pest-01,Organic Pest Control,5,5.58
2026-08-27,Patna,srv-plumb-01,Plumbing Repair & Leakage Fix,6,6.18
2026-08-27,Patna,srv-soc-clean-01,Society Common Area Sanitization,2,2.04
2026-08-27,Patna,srv-soc-event-01,Community Event Sound & Electrical Setup,2,1.66
2026-08-27,Patna,srv-soc-tank-01,Water Sump & Overhead Tank Cleaning,2,1.63
2026-08-27,Pune,srv-ac-01,AC Deep Foam Jet Servicing,11,9.65
2026-08-27,Pune,srv-carp-01,Carpentry & Furniture Assembly,6,6.82
2026-08-27,Pune,srv-clean-01,Full Home Deep Cleaning,10,8.58
2026-08-27,Pune,srv-cook-01,Home Chef & Meal Preparation,8,7.13
2026-08-27,Pune,srv-elder-01,Elder Assistance & Companionship,6,5.6
2026-08-27,Pune,srv-elec-01,Electrical Repair & Wiring,10,10.66
2026-08-27,Pune,srv-garden-01,Gardening & Balcony Greenery,6,5.81
2026-08-27,Pune,srv-move-01,Moving & Heavy Lifting Assistance,3,3.28
2026-08-27,Pune,srv-paint-01,Wall Painting & Waterproofing,2,2.56
2026-08-27,Pune,srv-pest-01,Organic Pest Control,6,6.69
2026-08-27,Pune,srv-plumb-01,Plumbing Repair & Leakage Fix,7,7.79
2026-08-27,Pune,srv-soc-clean-01,Society Common Area Sanitization,3,2.49
2026-08-27,Pune,srv-soc-event-01,Community Event Sound & Electrical Setup,2,2.03
2026-08-27,Pune,srv-soc-tank-01,Water Sump & Overhead Tank Cleaning,2,2.03
2026-08-27,Surat,srv-ac-01,AC Deep Foam Jet Servicing,7,8.23
2026-08-27,Surat,srv-carp-01,Carpentry & Furniture Assembly,5,5.9
2026-08-27,Surat,srv-clean-01,Full Home Deep Cleaning,7,7.58
2026-08-27,Surat,srv-cook-01,Home Chef & Meal Preparation,7,6.03
2026-08-27,Surat,srv-elder-01,Elder Assistance & Companionship,5,4.58
2026-08-27,Surat,srv-elec-01,Electrical Repair & Wiring,7,7.82
2026-08-27,Surat,srv-garden-01,Gardening & Balcony Greenery,4,4.93
2026-08-27,Surat,srv-move-01,Moving & Heavy Lifting Assistance,3,2.8
2026-08-27,Surat,srv-paint-01,Wall Painting & Waterproofing,2,2.11
2026-08-27,Surat,srv-pest-01,Organic Pest Control,6,5.53
2026-08-27,Surat,srv-plumb-01,Plumbing Repair & Leakage Fix,7,7.5
2026-08-27,Surat,srv-soc-clean-01,Society Common Area Sanitization,2,2.09
2026-08-27,Surat,srv-soc-event-01,Community Event Sound & Electrical Setup,1,1.68
2026-08-27,Surat,srv-soc-tank-01,Water Sump & Overhead Tank Cleaning,2,1.68
2026-08-27,Vadodara,srv-ac-01,AC Deep Foam Jet Servicing,8,7.47
2026-08-27,Vadodara,srv-carp-01,Carpentry & Furniture Assembly,4,5.2
2026-08-27,Vadodara,srv-clean-01,Full Home Deep Cleaning,6,6.61
2026-08-27,Vadodara,srv-cook-01,Home Chef & Meal Preparation,6,5.59
2026-08-27,Vadodara,srv-elder-01,Elder Assistance & Companionship,4,4.31
2026-08-27,Vadodara,srv-elec-01,Electrical Repair & Wiring,7,7.04
2026-08-27,Vadodara,srv-garden-01,Gardening & Balcony Greenery,5,4.22
2026-08-27,Vadodara,srv-move-01,Moving & Heavy Lifting Assistance,2,2.68
2026-08-27,Vadodara,srv-paint-01,Wall Painting & Waterproofing,2,2.01
2026-08-27,Vadodara,srv-pest-01,Organic Pest Control,5,4.94
2026-08-27,Vadodara,srv-plumb-01,Plumbing Repair & Leakage Fix,5,6.17
2026-08-27,Vadodara,srv-soc-clean-01,Society Common Area Sanitization,2,2.19
2026-08-27,Vadodara,srv-soc-event-01,Community Event Sound & Electrical Setup,1,1.16
2026-08-27,Vadodara,srv-soc-tank-01,Water Sump & Overhead Tank Cleaning,1,1.56
2026-08-27,Visakhapatnam,srv-ac-01,AC Deep Foam Jet Servicing,8,7.47
2026-08-27,Visakhapatnam,srv-carp-01,Carpentry & Furniture Assembly,9,5.25
2026-08-27,Visakhapatnam,srv-clean-01,Full Home Deep Cleaning,6,7.19
2026-08-27,Visakhapatnam,srv-cook-01,Home Chef & Meal Preparation,6,5.65
2026-08-27,Visakhapatnam,srv-elder-01,Elder Assistance & Companionship,5,4.63
2026-08-27,Visakhapatnam,srv-elec-01,Electrical Repair & Wiring,8,7.31
2026-08-27,Visakhapatnam,srv-garden-01,Gardening & Balcony Greenery,4,4.69
2026-08-27,Visakhapatnam,srv-move-01,Moving & Heavy Lifting Assistance,3,2.43
2026-08-27,Visakhapatnam,srv-paint-01,Wall Painting & Waterproofing,2,2.09
2026-08-27,Visakhapatnam,srv-pest-01,Organic Pest Control,5,4.92
2026-08-27,Visakhapatnam,srv-plumb-01,Plumbing Repair & Leakage Fix,7,5.84
2026-08-27,Visakhapatnam,srv-soc-clean-01,Society Common Area Sanitization,2,1.99
2026-08-27,Visakhapatnam,srv-soc-event-01,Community Event Sound & Electrical Setup,1,1.12
2026-08-27,Visakhapatnam,srv-soc-tank-01,Water Sump & Overhead Tank Cleaning,3,1.49
2026-08-28,Ahmedabad,srv-ac-01,AC Deep Foam Jet Servicing,10,9.64
2026-08-28,Ahmedabad,srv-carp-01,Carpentry & Furniture Assembly,6,6.55
2026-08-28,Ahmedabad,srv-clean-01,Full Home Deep Cleaning,8,8.63
2026-08-28,Ahmedabad,srv-cook-01,Home Chef & Meal Preparation,7,7.64
2026-08-28,Ahmedabad,srv-elder-01,Elder Assistance & Companionship,6,5.68
2026-08-28,Ahmedabad,srv-elec-01,Electrical Repair & Wiring,9,9.85
2026-08-28,Ahmedabad,srv-garden-01,Gardening & Balcony Greenery,6,5.7
2026-08-28,Ahmedabad,srv-move-01,Moving & Heavy Lifting Assistance,4,4.52
2026-08-28,Ahmedabad,srv-paint-01,Wall Painting & Waterproofing,2,2.75
2026-08-28,Ahmedabad,srv-pest-01,Organic Pest Control,5,6.27
2026-08-28,Ahmedabad,srv-plumb-01,Plumbing Repair & Leakage Fix,8,7.79
2026-08-28,Ahmedabad,srv-soc-clean-01,Society Common Area Sanitization,3,2.75
2026-08-28,Ahmedabad,srv-soc-event-01,Community Event Sound & Electrical Setup,1,2.07
2026-08-28,Ahmedabad,srv-soc-tank-01,Water Sump & Overhead Tank Cleaning,2,2.14
2026-08-28,Bengaluru,srv-ac-01,AC Deep Foam Jet Servicing,12,12.96
2026-08-28,Bengaluru,srv-carp-01,Carpentry & Furniture Assembly,9,9.73
2026-08-28,Bengaluru,srv-clean-01,Full Home Deep Cleaning,11,12.63
2026-08-28,Bengaluru,srv-cook-01,Home Chef & Meal Preparation,9,10.18
2026-08-28,Bengaluru,srv-elder-01,Elder Assistance & Companionship,7,8.4
2026-08-28,Bengaluru,srv-elec-01,Electrical Repair & Wiring,13,12.18
2026-08-28,Bengaluru,srv-garden-01,Gardening & Balcony Greenery,6,8.47
2026-08-28,Bengaluru,srv-move-01,Moving & Heavy Lifting Assistance,5,5.16
2026-08-28,Bengaluru,srv-paint-01,Wall Painting & Waterproofing,4,3.76
2026-08-28,Bengaluru,srv-pest-01,Organic Pest Control,8,8.12
2026-08-28,Bengaluru,srv-plumb-01,Plumbing Repair & Leakage Fix,21,10.48
2026-08-28,Bengaluru,srv-soc-clean-01,Society Common Area Sanitization,4,3.69
2026-08-28,Bengaluru,srv-soc-event-01,Community Event Sound & Electrical Setup,2,2.78
2026-08-28,Bengaluru,srv-soc-tank-01,Water Sump & Overhead Tank Cleaning,3,2.76
2026-08-28,Bhopal,srv-ac-01,AC Deep Foam Jet Servicing,7,8.06
2026-08-28,Bhopal,srv-carp-01,Carpentry & Furniture Assembly,6,4.96
2026-08-28,Bhopal,srv-clean-01,Full Home Deep Cleaning,7,7.07
2026-08-28,Bhopal,srv-cook-01,Home Chef & Meal Preparation,5,5.84
2026-08-28,Bhopal,srv-elder-01,Elder Assistance & Companionship,5,4.39
2026-08-28,Bhopal,srv-elec-01,Electrical Repair & Wiring,7,7.41
2026-08-28,Bhopal,srv-garden-01,Gardening & Balcony Greenery,4,4.43
2026-08-28,Bhopal,srv-move-01,Moving & Heavy Lifting Assistance,3,3.02
2026-08-28,Bhopal,srv-paint-01,Wall Painting & Waterproofing,2,2.03
2026-08-28,Bhopal,srv-pest-01,Organic Pest Control,5,5.11
2026-08-28,Bhopal,srv-plumb-01,Plumbing Repair & Leakage Fix,5,5.97
2026-08-28,Bhopal,srv-soc-clean-01,Society Common Area Sanitization,2,2.16
2026-08-28,Bhopal,srv-soc-event-01,Community Event Sound & Electrical Setup,1,1.13
2026-08-28,Bhopal,srv-soc-tank-01,Water Sump & Overhead Tank Cleaning,1,1.5
2026-08-28,Chennai,srv-ac-01,AC Deep Foam Jet Servicing,9,10.81
2026-08-28,Chennai,srv-carp-01,Carpentry & Furniture Assembly,6,7.14
2026-08-28,Chennai,srv-clean-01,Full Home Deep Cleaning,9,10.07
2026-08-28,Chennai,srv-cook-01,Home Chef & Meal Preparation,9,7.78
2026-08-28,Chennai,srv-elder-01,Elder Assistance & Companionship,6,5.97
2026-08-28,Chennai,srv-elec-01,Electrical Repair & Wiring,11,10.36
2026-08-28,Chennai,srv-garden-01,Gardening & Balcony Greenery,5,5.91
2026-08-28,Chennai,srv-move-01,Moving & Heavy Lifting Assistance,5,4.83
2026-08-28,Chennai,srv-paint-01,Wall Painting & Waterproofing,3,3.14
2026-08-28,Chennai,srv-pest-01,Organic Pest Control,6,6.97
2026-08-28,Chennai,srv-plumb-01,Plumbing Repair & Leakage Fix,8,8.93
2026-08-28,Chennai,srv-soc-clean-01,Society Common Area Sanitization,3,2.84
2026-08-28,Chennai,srv-soc-event-01,Community Event Sound & Electrical Setup,2,2.08
2026-08-28,Chennai,srv-soc-tank-01,Water Sump & Overhead Tank Cleaning,2,2.08
2026-08-28,Coimbatore,srv-ac-01,AC Deep Foam Jet Servicing,8,7.49
2026-08-28,Coimbatore,srv-carp-01,Carpentry & Furniture Assembly,5,5.29
2026-08-28,Coimbatore,srv-clean-01,Full Home Deep Cleaning,7,6.84
2026-08-28,Coimbatore,srv-cook-01,Home Chef & Meal Preparation,6,5.29
2026-08-28,Coimbatore,srv-elder-01,Elder Assistance & Companionship,5,4.47
2026-08-28,Coimbatore,srv-elec-01,Electrical Repair & Wiring,8,7.56
2026-08-28,Coimbatore,srv-garden-01,Gardening & Balcony Greenery,5,4.8
2026-08-28,Coimbatore,srv-move-01,Moving & Heavy Lifting Assistance,3,3.31
2026-08-28,Coimbatore,srv-paint-01,Wall Painting & Waterproofing,2,2.11
2026-08-28,Coimbatore,srv-pest-01,Organic Pest Control,6,4.92
2026-08-28,Coimbatore,srv-plumb-01,Plumbing Repair & Leakage Fix,7,6.15
2026-08-28,Coimbatore,srv-soc-clean-01,Society Common Area Sanitization,2,2.04
2026-08-28,Coimbatore,srv-soc-event-01,Community Event Sound & Electrical Setup,1,1.46
2026-08-28,Coimbatore,srv-soc-tank-01,Water Sump & Overhead Tank Cleaning,1,1.54
2026-08-28,Delhi NCR,srv-ac-01,AC Deep Foam Jet Servicing,12,12.84
2026-08-28,Delhi NCR,srv-carp-01,Carpentry & Furniture Assembly,8,8.97
2026-08-28,Delhi NCR,srv-clean-01,Full Home Deep Cleaning,12,11.49
2026-08-28,Delhi NCR,srv-cook-01,Home Chef & Meal Preparation,10,10.13
2026-08-28,Delhi NCR,srv-elder-01,Elder Assistance & Companionship,8,7.29
2026-08-28,Delhi NCR,srv-elec-01,Electrical Repair & Wiring,12,13.31
2026-08-28,Delhi NCR,srv-garden-01,Gardening & Balcony Greenery,8,8.13
2026-08-28,Delhi NCR,srv-move-01,Moving & Heavy Lifting Assistance,6,6.12
2026-08-28,Delhi NCR,srv-paint-01,Wall Painting & Waterproofing,3,3.78
2026-08-28,Delhi NCR,srv-pest-01,Organic Pest Control,9,8.17
2026-08-28,Delhi NCR,srv-plumb-01,Plumbing Repair & Leakage Fix,20,9.95
2026-08-28,Delhi NCR,srv-soc-clean-01,Society Common Area Sanitization,4,3.61
2026-08-28,Delhi NCR,srv-soc-event-01,Community Event Sound & Electrical Setup,2,2.72
2026-08-28,Delhi NCR,srv-soc-tank-01,Water Sump & Overhead Tank Cleaning,2,2.79
2026-08-28,Gurugram,srv-ac-01,AC Deep Foam Jet Servicing,10,9.63
2026-08-28,Gurugram,srv-carp-01,Carpentry & Furniture Assembly,6,6.5
2026-08-28,Gurugram,srv-clean-01,Full Home Deep Cleaning,14,8.97
2026-08-28,Gurugram,srv-cook-01,Home Chef & Meal Preparation,8,7.0
2026-08-28,Gurugram,srv-elder-01,Elder Assistance & Companionship,5,5.57
2026-08-28,Gurugram,srv-elec-01,Electrical Repair & Wiring,8,9.67
2026-08-28,Gurugram,srv-garden-01,Gardening & Balcony Greenery,5,5.73
2026-08-28,Gurugram,srv-move-01,Moving & Heavy Lifting Assistance,5,4.73
2026-08-28,Gurugram,srv-paint-01,Wall Painting & Waterproofing,2,2.56
2026-08-28,Gurugram,srv-pest-01,Organic Pest Control,6,6.19
2026-08-28,Gurugram,srv-plumb-01,Plumbing Repair & Leakage Fix,7,7.37
2026-08-28,Gurugram,srv-soc-clean-01,Society Common Area Sanitization,2,2.48
2026-08-28,Gurugram,srv-soc-event-01,Community Event Sound & Electrical Setup,2,2.06
2026-08-28,Gurugram,srv-soc-tank-01,Water Sump & Overhead Tank Cleaning,2,2.05
2026-08-28,Hyderabad,srv-ac-01,AC Deep Foam Jet Servicing,9,11.48
2026-08-28,Hyderabad,srv-carp-01,Carpentry & Furniture Assembly,8,7.84
2026-08-28,Hyderabad,srv-clean-01,Full Home Deep Cleaning,9,9.71
2026-08-28,Hyderabad,srv-cook-01,Home Chef & Meal Preparation,7,8.07
2026-08-28,Hyderabad,srv-elder-01,Elder Assistance & Companionship,7,5.81
2026-08-28,Hyderabad,srv-elec-01,Electrical Repair & Wiring,12,10.39
2026-08-28,Hyderabad,srv-garden-01,Gardening & Balcony Greenery,6,6.32
2026-08-28,Hyderabad,srv-move-01,Moving & Heavy Lifting Assistance,4,4.85
2026-08-28,Hyderabad,srv-paint-01,Wall Painting & Waterproofing,3,3.03
2026-08-28,Hyderabad,srv-pest-01,Organic Pest Control,7,7.34
2026-08-28,Hyderabad,srv-plumb-01,Plumbing Repair & Leakage Fix,9,8.84
2026-08-28,Hyderabad,srv-soc-clean-01,Society Common Area Sanitization,3,3.22
2026-08-28,Hyderabad,srv-soc-event-01,Community Event Sound & Electrical Setup,2,2.1
2026-08-28,Hyderabad,srv-soc-tank-01,Water Sump & Overhead Tank Cleaning,2,2.07
2026-08-28,Indore,srv-ac-01,AC Deep Foam Jet Servicing,7,9.61
2026-08-28,Indore,srv-carp-01,Carpentry & Furniture Assembly,5,5.78
2026-08-28,Indore,srv-clean-01,Full Home Deep Cleaning,7,7.84
2026-08-28,Indore,srv-cook-01,Home Chef & Meal Preparation,6,6.33
2026-08-28,Indore,srv-elder-01,Elder Assistance & Companionship,4,4.81
2026-08-28,Indore,srv-elec-01,Electrical Repair & Wiring,10,8.64
2026-08-28,Indore,srv-garden-01,Gardening & Balcony Greenery,4,4.61
2026-08-28,Indore,srv-move-01,Moving & Heavy Lifting Assistance,3,3.29
2026-08-28,Indore,srv-paint-01,Wall Painting & Waterproofing,2,2.1
2026-08-28,Indore,srv-pest-01,Organic Pest Control,5,5.59
2026-08-28,Indore,srv-plumb-01,Plumbing Repair & Leakage Fix,7,6.78
2026-08-28,Indore,srv-soc-clean-01,Society Common Area Sanitization,2,2.1
2026-08-28,Indore,srv-soc-event-01,Community Event Sound & Electrical Setup,2,1.55
2026-08-28,Indore,srv-soc-tank-01,Water Sump & Overhead Tank Cleaning,2,1.7
2026-08-28,Jaipur,srv-ac-01,AC Deep Foam Jet Servicing,15,8.38
2026-08-28,Jaipur,srv-carp-01,Carpentry & Furniture Assembly,6,5.83
2026-08-28,Jaipur,srv-clean-01,Full Home Deep Cleaning,7,8.73
2026-08-28,Jaipur,srv-cook-01,Home Chef & Meal Preparation,6,6.09
2026-08-28,Jaipur,srv-elder-01,Elder Assistance & Companionship,4,4.94
2026-08-28,Jaipur,srv-elec-01,Electrical Repair & Wiring,7,8.65
2026-08-28,Jaipur,srv-garden-01,Gardening & Balcony Greenery,4,5.22
2026-08-28,Jaipur,srv-move-01,Moving & Heavy Lifting Assistance,4,3.98
2026-08-28,Jaipur,srv-paint-01,Wall Painting & Waterproofing,2,2.4
2026-08-28,Jaipur,srv-pest-01,Organic Pest Control,5,5.74
2026-08-28,Jaipur,srv-plumb-01,Plumbing Repair & Leakage Fix,6,7.33
2026-08-28,Jaipur,srv-soc-clean-01,Society Common Area Sanitization,2,2.44
2026-08-28,Jaipur,srv-soc-event-01,Community Event Sound & Electrical Setup,2,1.32
2026-08-28,Jaipur,srv-soc-tank-01,Water Sump & Overhead Tank Cleaning,2,1.98
2026-08-28,Kochi,srv-ac-01,AC Deep Foam Jet Servicing,8,7.9
2026-08-28,Kochi,srv-carp-01,Carpentry & Furniture Assembly,5,5.48
2026-08-28,Kochi,srv-clean-01,Full Home Deep Cleaning,7,7.68
2026-08-28,Kochi,srv-cook-01,Home Chef & Meal Preparation,6,6.22
2026-08-28,Kochi,srv-elder-01,Elder Assistance & Companionship,4,4.54
2026-08-28,Kochi,srv-elec-01,Electrical Repair & Wiring,8,7.7
2026-08-28,Kochi,srv-garden-01,Gardening & Balcony Greenery,4,4.56
2026-08-28,Kochi,srv-move-01,Moving & Heavy Lifting Assistance,4,3.26
2026-08-28,Kochi,srv-paint-01,Wall Painting & Waterproofing,2,2.2
2026-08-28,Kochi,srv-pest-01,Organic Pest Control,6,5.27
2026-08-28,Kochi,srv-plumb-01,Plumbing Repair & Leakage Fix,12,6.83
2026-08-28,Kochi,srv-soc-clean-01,Society Common Area Sanitization,2,2.06
2026-08-28,Kochi,srv-soc-event-01,Community Event Sound & Electrical Setup,1,1.41
2026-08-28,Kochi,srv-soc-tank-01,Water Sump & Overhead Tank Cleaning,1,1.73
2026-08-28,Kolkata,srv-ac-01,AC Deep Foam Jet Servicing,12,10.83
2026-08-28,Kolkata,srv-carp-01,Carpentry & Furniture Assembly,8,7.97
2026-08-28,Kolkata,srv-clean-01,Full Home Deep Cleaning,9,11.13
2026-08-28,Kolkata,srv-cook-01,Home Chef & Meal Preparation,8,8.42
2026-08-28,Kolkata,srv-elder-01,Elder Assistance & Companionship,6,6.47
2026-08-28,Kolkata,srv-elec-01,Electrical Repair & Wiring,11,10.64
2026-08-28,Kolkata,srv-garden-01,Gardening & Balcony Greenery,6,6.23
2026-08-28,Kolkata,srv-move-01,Moving & Heavy Lifting Assistance,4,5.18
2026-08-28,Kolkata,srv-paint-01,Wall Painting & Waterproofing,4,3.23
2026-08-28,Kolkata,srv-pest-01,Organic Pest Control,8,7.32
2026-08-28,Kolkata,srv-plumb-01,Plumbing Repair & Leakage Fix,9,8.33
2026-08-28,Kolkata,srv-soc-clean-01,Society Common Area Sanitization,3,3.1
2026-08-28,Kolkata,srv-soc-event-01,Community Event Sound & Electrical Setup,2,2.09
2026-08-28,Kolkata,srv-soc-tank-01,Water Sump & Overhead Tank Cleaning,2,2.11
2026-08-28,Lucknow,srv-ac-01,AC Deep Foam Jet Servicing,8,8.95
2026-08-28,Lucknow,srv-carp-01,Carpentry & Furniture Assembly,5,6.58
2026-08-28,Lucknow,srv-clean-01,Full Home Deep Cleaning,9,9.97
2026-08-28,Lucknow,srv-cook-01,Home Chef & Meal Preparation,8,6.92
2026-08-28,Lucknow,srv-elder-01,Elder Assistance & Companionship,5,5.65
2026-08-28,Lucknow,srv-elec-01,Electrical Repair & Wiring,18,10.14
2026-08-28,Lucknow,srv-garden-01,Gardening & Balcony Greenery,5,5.02
2026-08-28,Lucknow,srv-move-01,Moving & Heavy Lifting Assistance,4,4.06
2026-08-28,Lucknow,srv-paint-01,Wall Painting & Waterproofing,3,2.67
2026-08-28,Lucknow,srv-pest-01,Organic Pest Control,6,6.15
2026-08-28,Lucknow,srv-plumb-01,Plumbing Repair & Leakage Fix,8,7.83
2026-08-28,Lucknow,srv-soc-clean-01,Society Common Area Sanitization,2,2.26
2026-08-28,Lucknow,srv-soc-event-01,Community Event Sound & Electrical Setup,3,1.74
2026-08-28,Lucknow,srv-soc-tank-01,Water Sump & Overhead Tank Cleaning,2,2.12
2026-08-28,Mumbai,srv-ac-01,AC Deep Foam Jet Servicing,13,13.26
2026-08-28,Mumbai,srv-carp-01,Carpentry & Furniture Assembly,8,8.97
2026-08-28,Mumbai,srv-clean-01,Full Home Deep Cleaning,14,11.8
2026-08-28,Mumbai,srv-cook-01,Home Chef & Meal Preparation,11,9.65
2026-08-28,Mumbai,srv-elder-01,Elder Assistance & Companionship,7,8.21
2026-08-28,Mumbai,srv-elec-01,Electrical Repair & Wiring,12,13.1
2026-08-28,Mumbai,srv-garden-01,Gardening & Balcony Greenery,7,8.95
2026-08-28,Mumbai,srv-move-01,Moving & Heavy Lifting Assistance,7,5.81
2026-08-28,Mumbai,srv-paint-01,Wall Painting & Waterproofing,4,3.93
2026-08-28,Mumbai,srv-pest-01,Organic Pest Control,8,8.78
2026-08-28,Mumbai,srv-plumb-01,Plumbing Repair & Leakage Fix,18,11.4
2026-08-28,Mumbai,srv-soc-clean-01,Society Common Area Sanitization,4,3.54
2026-08-28,Mumbai,srv-soc-event-01,Community Event Sound & Electrical Setup,2,2.66
2026-08-28,Mumbai,srv-soc-tank-01,Water Sump & Overhead Tank Cleaning,2,2.66
2026-08-28,Nagpur,srv-ac-01,AC Deep Foam Jet Servicing,8,8.16
2026-08-28,Nagpur,srv-carp-01,Carpentry & Furniture Assembly,6,5.32
2026-08-28,Nagpur,srv-clean-01,Full Home Deep Cleaning,7,7.31
2026-08-28,Nagpur,srv-cook-01,Home Chef & Meal Preparation,5,5.86
2026-08-28,Nagpur,srv-elder-01,Elder Assistance & Companionship,4,4.5
2026-08-28,Nagpur,srv-elec-01,Electrical Repair & Wiring,7,8.26
2026-08-28,Nagpur,srv-garden-01,Gardening & Balcony Greenery,5,4.65
2026-08-28,Nagpur,srv-move-01,Moving & Heavy Lifting Assistance,3,3.55
2026-08-28,Nagpur,srv-paint-01,Wall Painting & Waterproofing,2,2.07
2026-08-28,Nagpur,srv-pest-01,Organic Pest Control,5,5.68
2026-08-28,Nagpur,srv-plumb-01,Plumbing Repair & Leakage Fix,7,6.13
2026-08-28,Nagpur,srv-soc-clean-01,Society Common Area Sanitization,2,2.08
2026-08-28,Nagpur,srv-soc-event-01,Community Event Sound & Electrical Setup,2,1.64
2026-08-28,Nagpur,srv-soc-tank-01,Water Sump & Overhead Tank Cleaning,3,1.66
2026-08-28,Patna,srv-ac-01,AC Deep Foam Jet Servicing,8,8.63
2026-08-28,Patna,srv-carp-01,Carpentry & Furniture Assembly,7,5.03
2026-08-28,Patna,srv-clean-01,Full Home Deep Cleaning,7,7.1
2026-08-28,Patna,srv-cook-01,Home Chef & Meal Preparation,6,5.83
2026-08-28,Patna,srv-elder-01,Elder Assistance & Companionship,4,4.54
2026-08-28,Patna,srv-elec-01,Electrical Repair & Wiring,9,7.92
2026-08-28,Patna,srv-garden-01,Gardening & Balcony Greenery,4,5.1
2026-08-28,Patna,srv-move-01,Moving & Heavy Lifting Assistance,3,3.85
2026-08-28,Patna,srv-paint-01,Wall Painting & Waterproofing,2,2.07
2026-08-28,Patna,srv-pest-01,Organic Pest Control,5,5.3
2026-08-28,Patna,srv-plumb-01,Plumbing Repair & Leakage Fix,6,6.09
2026-08-28,Patna,srv-soc-clean-01,Society Common Area Sanitization,2,2.03
2026-08-28,Patna,srv-soc-event-01,Community Event Sound & Electrical Setup,1,1.7
2026-08-28,Patna,srv-soc-tank-01,Water Sump & Overhead Tank Cleaning,1,1.63
2026-08-28,Pune,srv-ac-01,AC Deep Foam Jet Servicing,13,10.07
2026-08-28,Pune,srv-carp-01,Carpentry & Furniture Assembly,6,6.58
2026-08-28,Pune,srv-clean-01,Full Home Deep Cleaning,10,8.79
2026-08-28,Pune,srv-cook-01,Home Chef & Meal Preparation,7,7.14
2026-08-28,Pune,srv-elder-01,Elder Assistance & Companionship,6,5.55
2026-08-28,Pune,srv-elec-01,Electrical Repair & Wiring,10,10.21
2026-08-28,Pune,srv-garden-01,Gardening & Balcony Greenery,5,6.17
2026-08-28,Pune,srv-move-01,Moving & Heavy Lifting Assistance,5,4.61
2026-08-28,Pune,srv-paint-01,Wall Painting & Waterproofing,2,2.58
2026-08-28,Pune,srv-pest-01,Organic Pest Control,7,6.22
2026-08-28,Pune,srv-plumb-01,Plumbing Repair & Leakage Fix,9,7.85
2026-08-28,Pune,srv-soc-clean-01,Society Common Area Sanitization,2,2.79
2026-08-28,Pune,srv-soc-event-01,Community Event Sound & Electrical Setup,2,2.08
2026-08-28,Pune,srv-soc-tank-01,Water Sump & Overhead Tank Cleaning,2,2.04
2026-08-28,Surat,srv-ac-01,AC Deep Foam Jet Servicing,8,8.12
2026-08-28,Surat,srv-carp-01,Carpentry & Furniture Assembly,6,5.8
2026-08-28,Surat,srv-clean-01,Full Home Deep Cleaning,8,7.44
2026-08-28,Surat,srv-cook-01,Home Chef & Meal Preparation,7,6.04
2026-08-28,Surat,srv-elder-01,Elder Assistance & Companionship,4,4.73
2026-08-28,Surat,srv-elec-01,Electrical Repair & Wiring,8,8.15
2026-08-28,Surat,srv-garden-01,Gardening & Balcony Greenery,5,4.59
2026-08-28,Surat,srv-move-01,Moving & Heavy Lifting Assistance,4,3.85
2026-08-28,Surat,srv-paint-01,Wall Painting & Waterproofing,2,2.11
2026-08-28,Surat,srv-pest-01,Organic Pest Control,5,5.42
2026-08-28,Surat,srv-plumb-01,Plumbing Repair & Leakage Fix,12,7.09
2026-08-28,Surat,srv-soc-clean-01,Society Common Area Sanitization,3,2.1
2026-08-28,Surat,srv-soc-event-01,Community Event Sound & Electrical Setup,1,1.63
2026-08-28,Surat,srv-soc-tank-01,Water Sump & Overhead Tank Cleaning,2,1.72
2026-08-28,Vadodara,srv-ac-01,AC Deep Foam Jet Servicing,8,7.98
2026-08-28,Vadodara,srv-carp-01,Carpentry & Furniture Assembly,5,5.04
2026-08-28,Vadodara,srv-clean-01,Full Home Deep Cleaning,7,6.58
2026-08-28,Vadodara,srv-cook-01,Home Chef & Meal Preparation,5,5.67
2026-08-28,Vadodara,srv-elder-01,Elder Assistance & Companionship,5,4.5
2026-08-28,Vadodara,srv-elec-01,Electrical Repair & Wiring,7,6.98
2026-08-28,Vadodara,srv-garden-01,Gardening & Balcony Greenery,6,4.48
2026-08-28,Vadodara,srv-move-01,Moving & Heavy Lifting Assistance,3,3.45
2026-08-28,Vadodara,srv-paint-01,Wall Painting & Waterproofing,2,2.04
2026-08-28,Vadodara,srv-pest-01,Organic Pest Control,5,5.16
2026-08-28,Vadodara,srv-plumb-01,Plumbing Repair & Leakage Fix,6,5.75
2026-08-28,Vadodara,srv-soc-clean-01,Society Common Area Sanitization,2,2.17
2026-08-28,Vadodara,srv-soc-event-01,Community Event Sound & Electrical Setup,1,1.18
2026-08-28,Vadodara,srv-soc-tank-01,Water Sump & Overhead Tank Cleaning,1,1.51
2026-08-28,Visakhapatnam,srv-ac-01,AC Deep Foam Jet Servicing,6,7.7
2026-08-28,Visakhapatnam,srv-carp-01,Carpentry & Furniture Assembly,5,5.1
2026-08-28,Visakhapatnam,srv-clean-01,Full Home Deep Cleaning,7,6.86
2026-08-28,Visakhapatnam,srv-cook-01,Home Chef & Meal Preparation,5,5.77
2026-08-28,Visakhapatnam,srv-elder-01,Elder Assistance & Companionship,5,4.9
2026-08-28,Visakhapatnam,srv-elec-01,Electrical Repair & Wiring,8,7.69
2026-08-28,Visakhapatnam,srv-garden-01,Gardening & Balcony Greenery,4,4.53
2026-08-28,Visakhapatnam,srv-move-01,Moving & Heavy Lifting Assistance,3,3.41
2026-08-28,Visakhapatnam,srv-paint-01,Wall Painting & Waterproofing,2,2.23
2026-08-28,Visakhapatnam,srv-pest-01,Organic Pest Control,5,5.08
2026-08-28,Visakhapatnam,srv-plumb-01,Plumbing Repair & Leakage Fix,5,5.96
2026-08-28,Visakhapatnam,srv-soc-clean-01,Society Common Area Sanitization,2,2.05
2026-08-28,Visakhapatnam,srv-soc-event-01,Community Event Sound & Electrical Setup,1,1.18
2026-08-28,Visakhapatnam,srv-soc-tank-01,Water Sump & Overhead Tank Cleaning,2,1.66
2026-08-29,Ahmedabad,srv-ac-01,AC Deep Foam Jet Servicing,9,11.12
2026-08-29,Ahmedabad,srv-carp-01,Carpentry & Furniture Assembly,7,7.47
2026-08-29,Ahmedabad,srv-clean-01,Full Home Deep Cleaning,17,15.28
2026-08-29,Ahmedabad,srv-cook-01,Home Chef & Meal Preparation,8,7.71
2026-08-29,Ahmedabad,srv-elder-01,Elder Assistance & Companionship,5,5.59
2026-08-29,Ahmedabad,srv-elec-01,Electrical Repair & Wiring,8,9.52
2026-08-29,Ahmedabad,srv-garden-01,Gardening & Balcony Greenery,9,9.3
2026-08-29,Ahmedabad,srv-move-01,Moving & Heavy Lifting Assistance,8,8.82
2026-08-29,Ahmedabad,srv-paint-01,Wall Painting & Waterproofing,4,3.49
2026-08-29,Ahmedabad,srv-pest-01,Organic Pest Control,8,7.35
2026-08-29,Ahmedabad,srv-plumb-01,Plumbing Repair & Leakage Fix,9,8.82
2026-08-29,Ahmedabad,srv-soc-clean-01,Society Common Area Sanitization,3,3.15
2026-08-29,Ahmedabad,srv-soc-event-01,Community Event Sound & Electrical Setup,6,3.97
2026-08-29,Ahmedabad,srv-soc-tank-01,Water Sump & Overhead Tank Cleaning,2,2.33
2026-08-29,Bengaluru,srv-ac-01,AC Deep Foam Jet Servicing,13,13.9
2026-08-29,Bengaluru,srv-carp-01,Carpentry & Furniture Assembly,9,11.25
2026-08-29,Bengaluru,srv-clean-01,Full Home Deep Cleaning,19,21.19
2026-08-29,Bengaluru,srv-cook-01,Home Chef & Meal Preparation,9,10.26
2026-08-29,Bengaluru,srv-elder-01,Elder Assistance & Companionship,7,7.71
2026-08-29,Bengaluru,srv-elec-01,Electrical Repair & Wiring,10,12.21
2026-08-29,Bengaluru,srv-garden-01,Gardening & Balcony Greenery,11,11.85
2026-08-29,Bengaluru,srv-move-01,Moving & Heavy Lifting Assistance,13,10.05
2026-08-29,Bengaluru,srv-paint-01,Wall Painting & Waterproofing,5,5.51
2026-08-29,Bengaluru,srv-pest-01,Organic Pest Control,10,9.57
2026-08-29,Bengaluru,srv-plumb-01,Plumbing Repair & Leakage Fix,11,12.22
2026-08-29,Bengaluru,srv-soc-clean-01,Society Common Area Sanitization,4,4.85
2026-08-29,Bengaluru,srv-soc-event-01,Community Event Sound & Electrical Setup,5,5.72
2026-08-29,Bengaluru,srv-soc-tank-01,Water Sump & Overhead Tank Cleaning,3,3.13
2026-08-29,Bhopal,srv-ac-01,AC Deep Foam Jet Servicing,8,9.01
2026-08-29,Bhopal,srv-carp-01,Carpentry & Furniture Assembly,6,6.23
2026-08-29,Bhopal,srv-clean-01,Full Home Deep Cleaning,15,12.81
2026-08-29,Bhopal,srv-cook-01,Home Chef & Meal Preparation,5,6.12
2026-08-29,Bhopal,srv-elder-01,Elder Assistance & Companionship,4,4.03
2026-08-29,Bhopal,srv-elec-01,Electrical Repair & Wiring,6,6.57
2026-08-29,Bhopal,srv-garden-01,Gardening & Balcony Greenery,6,7.33
2026-08-29,Bhopal,srv-move-01,Moving & Heavy Lifting Assistance,8,6.82
2026-08-29,Bhopal,srv-paint-01,Wall Painting & Waterproofing,3,3.08
2026-08-29,Bhopal,srv-pest-01,Organic Pest Control,7,5.89
2026-08-29,Bhopal,srv-plumb-01,Plumbing Repair & Leakage Fix,7,6.75
2026-08-29,Bhopal,srv-soc-clean-01,Society Common Area Sanitization,3,2.8
2026-08-29,Bhopal,srv-soc-event-01,Community Event Sound & Electrical Setup,3,3.18
2026-08-29,Bhopal,srv-soc-tank-01,Water Sump & Overhead Tank Cleaning,2,1.85
2026-08-29,Chennai,srv-ac-01,AC Deep Foam Jet Servicing,10,11.68
2026-08-29,Chennai,srv-carp-01,Carpentry & Furniture Assembly,7,9.07
2026-08-29,Chennai,srv-clean-01,Full Home Deep Cleaning,18,16.74
2026-08-29,Chennai,srv-cook-01,Home Chef & Meal Preparation,9,7.86
2026-08-29,Chennai,srv-elder-01,Elder Assistance & Companionship,6,6.11
2026-08-29,Chennai,srv-elec-01,Electrical Repair & Wiring,10,9.1
2026-08-29,Chennai,srv-garden-01,Gardening & Balcony Greenery,10,9.35
2026-08-29,Chennai,srv-move-01,Moving & Heavy Lifting Assistance,10,9.93
2026-08-29,Chennai,srv-paint-01,Wall Painting & Waterproofing,4,4.03
2026-08-29,Chennai,srv-pest-01,Organic Pest Control,12,7.57
2026-08-29,Chennai,srv-plumb-01,Plumbing Repair & Leakage Fix,11,10.9
2026-08-29,Chennai,srv-soc-clean-01,Society Common Area Sanitization,5,3.21
2026-08-29,Chennai,srv-soc-event-01,Community Event Sound & Electrical Setup,5,4.45
2026-08-29,Chennai,srv-soc-tank-01,Water Sump & Overhead Tank Cleaning,3,2.24
2026-08-29,Coimbatore,srv-ac-01,AC Deep Foam Jet Servicing,8,9.19
2026-08-29,Coimbatore,srv-carp-01,Carpentry & Furniture Assembly,11,6.03
2026-08-29,Coimbatore,srv-clean-01,Full Home Deep Cleaning,14,14.13
2026-08-29,Coimbatore,srv-cook-01,Home Chef & Meal Preparation,5,6.35
2026-08-29,Coimbatore,srv-elder-01,Elder Assistance & Companionship,7,4.76
2026-08-29,Coimbatore,srv-elec-01,Electrical Repair & Wiring,7,7.38
2026-08-29,Coimbatore,srv-garden-01,Gardening & Balcony Greenery,8,7.84
2026-08-29,Coimbatore,srv-move-01,Moving & Heavy Lifting Assistance,7,7.17
2026-08-29,Coimbatore,srv-paint-01,Wall Painting & Waterproofing,3,3.31
2026-08-29,Coimbatore,srv-pest-01,Organic Pest Control,6,6.07
2026-08-29,Coimbatore,srv-plumb-01,Plumbing Repair & Leakage Fix,6,7.29
2026-08-29,Coimbatore,srv-soc-clean-01,Society Common Area Sanitization,2,2.71
2026-08-29,Coimbatore,srv-soc-event-01,Community Event Sound & Electrical Setup,4,3.49
2026-08-29,Coimbatore,srv-soc-tank-01,Water Sump & Overhead Tank Cleaning,2,1.92
2026-08-29,Delhi NCR,srv-ac-01,AC Deep Foam Jet Servicing,15,13.99
2026-08-29,Delhi NCR,srv-carp-01,Carpentry & Furniture Assembly,10,10.33
2026-08-29,Delhi NCR,srv-clean-01,Full Home Deep Cleaning,20,21.34
2026-08-29,Delhi NCR,srv-cook-01,Home Chef & Meal Preparation,12,9.99
2026-08-29,Delhi NCR,srv-elder-01,Elder Assistance & Companionship,7,7.39
2026-08-29,Delhi NCR,srv-elec-01,Electrical Repair & Wiring,10,11.51
2026-08-29,Delhi NCR,srv-garden-01,Gardening & Balcony Greenery,14,10.78
2026-08-29,Delhi NCR,srv-move-01,Moving & Heavy Lifting Assistance,13,9.26
2026-08-29,Delhi NCR,srv-paint-01,Wall Painting & Waterproofing,6,5.01
2026-08-29,Delhi NCR,srv-pest-01,Organic Pest Control,11,9.64
2026-08-29,Delhi NCR,srv-plumb-01,Plumbing Repair & Leakage Fix,12,12.15
2026-08-29,Delhi NCR,srv-soc-clean-01,Society Common Area Sanitization,5,4.57
2026-08-29,Delhi NCR,srv-soc-event-01,Community Event Sound & Electrical Setup,5,6.04
2026-08-29,Delhi NCR,srv-soc-tank-01,Water Sump & Overhead Tank Cleaning,3,2.93
2026-08-29,Gurugram,srv-ac-01,AC Deep Foam Jet Servicing,9,11.76
2026-08-29,Gurugram,srv-carp-01,Carpentry & Furniture Assembly,7,7.53
2026-08-29,Gurugram,srv-clean-01,Full Home Deep Cleaning,14,18.26
2026-08-29,Gurugram,srv-cook-01,Home Chef & Meal Preparation,7,7.31
2026-08-29,Gurugram,srv-elder-01,Elder Assistance & Companionship,6,5.42
2026-08-29,Gurugram,srv-elec-01,Electrical Repair & Wiring,9,9.5
2026-08-29,Gurugram,srv-garden-01,Gardening & Balcony Greenery,9,8.57
2026-08-29,Gurugram,srv-move-01,Moving & Heavy Lifting Assistance,10,9.32
2026-08-29,Gurugram,srv-paint-01,Wall Painting & Waterproofing,3,3.5
2026-08-29,Gurugram,srv-pest-01,Organic Pest Control,7,7.97
2026-08-29,Gurugram,srv-plumb-01,Plumbing Repair & Leakage Fix,7,8.87
2026-08-29,Gurugram,srv-soc-clean-01,Society Common Area Sanitization,3,3.1
2026-08-29,Gurugram,srv-soc-event-01,Community Event Sound & Electrical Setup,4,4.53
2026-08-29,Gurugram,srv-soc-tank-01,Water Sump & Overhead Tank Cleaning,2,2.25
2026-08-29,Hyderabad,srv-ac-01,AC Deep Foam Jet Servicing,11,12.83
2026-08-29,Hyderabad,srv-carp-01,Carpentry & Furniture Assembly,9,8.65
2026-08-29,Hyderabad,srv-clean-01,Full Home Deep Cleaning,20,18.65
2026-08-29,Hyderabad,srv-cook-01,Home Chef & Meal Preparation,8,8.31
2026-08-29,Hyderabad,srv-elder-01,Elder Assistance & Companionship,5,5.79
2026-08-29,Hyderabad,srv-elec-01,Electrical Repair & Wiring,10,9.62
2026-08-29,Hyderabad,srv-garden-01,Gardening & Balcony Greenery,12,10.14
2026-08-29,Hyderabad,srv-move-01,Moving & Heavy Lifting Assistance,12,9.55
2026-08-29,Hyderabad,srv-paint-01,Wall Painting & Waterproofing,4,4.04
2026-08-29,Hyderabad,srv-pest-01,Organic Pest Control,7,8.2
2026-08-29,Hyderabad,srv-plumb-01,Plumbing Repair & Leakage Fix,9,10.68
2026-08-29,Hyderabad,srv-soc-clean-01,Society Common Area Sanitization,3,3.67
2026-08-29,Hyderabad,srv-soc-event-01,Community Event Sound & Electrical Setup,4,4.55
2026-08-29,Hyderabad,srv-soc-tank-01,Water Sump & Overhead Tank Cleaning,3,2.6
2026-08-29,Indore,srv-ac-01,AC Deep Foam Jet Servicing,10,12.18
2026-08-29,Indore,srv-carp-01,Carpentry & Furniture Assembly,7,6.78
2026-08-29,Indore,srv-clean-01,Full Home Deep Cleaning,13,13.67
2026-08-29,Indore,srv-cook-01,Home Chef & Meal Preparation,7,6.6
2026-08-29,Indore,srv-elder-01,Elder Assistance & Companionship,4,4.48
2026-08-29,Indore,srv-elec-01,Electrical Repair & Wiring,7,7.76
2026-08-29,Indore,srv-garden-01,Gardening & Balcony Greenery,7,7.55
2026-08-29,Indore,srv-move-01,Moving & Heavy Lifting Assistance,8,8.0
2026-08-29,Indore,srv-paint-01,Wall Painting & Waterproofing,4,3.25
2026-08-29,Indore,srv-pest-01,Organic Pest Control,6,6.84
2026-08-29,Indore,srv-plumb-01,Plumbing Repair & Leakage Fix,8,7.44
2026-08-29,Indore,srv-soc-clean-01,Society Common Area Sanitization,2,2.76
2026-08-29,Indore,srv-soc-event-01,Community Event Sound & Electrical Setup,4,3.37
2026-08-29,Indore,srv-soc-tank-01,Water Sump & Overhead Tank Cleaning,2,1.98
2026-08-29,Jaipur,srv-ac-01,AC Deep Foam Jet Servicing,10,10.68
2026-08-29,Jaipur,srv-carp-01,Carpentry & Furniture Assembly,7,6.93
2026-08-29,Jaipur,srv-clean-01,Full Home Deep Cleaning,14,14.33
2026-08-29,Jaipur,srv-cook-01,Home Chef & Meal Preparation,7,6.4
2026-08-29,Jaipur,srv-elder-01,Elder Assistance & Companionship,5,4.67
2026-08-29,Jaipur,srv-elec-01,Electrical Repair & Wiring,9,7.59
2026-08-29,Jaipur,srv-garden-01,Gardening & Balcony Greenery,8,7.94
2026-08-29,Jaipur,srv-move-01,Moving & Heavy Lifting Assistance,9,9.4
2026-08-29,Jaipur,srv-paint-01,Wall Painting & Waterproofing,3,3.44
2026-08-29,Jaipur,srv-pest-01,Organic Pest Control,6,6.95
2026-08-29,Jaipur,srv-plumb-01,Plumbing Repair & Leakage Fix,8,8.49
2026-08-29,Jaipur,srv-soc-clean-01,Society Common Area Sanitization,3,2.91
2026-08-29,Jaipur,srv-soc-event-01,Community Event Sound & Electrical Setup,3,3.42
2026-08-29,Jaipur,srv-soc-tank-01,Water Sump & Overhead Tank Cleaning,2,2.11
2026-08-29,Kochi,srv-ac-01,AC Deep Foam Jet Servicing,10,8.96
2026-08-29,Kochi,srv-carp-01,Carpentry & Furniture Assembly,6,6.13
2026-08-29,Kochi,srv-clean-01,Full Home Deep Cleaning,13,14.11
2026-08-29,Kochi,srv-cook-01,Home Chef & Meal Preparation,6,6.36
2026-08-29,Kochi,srv-elder-01,Elder Assistance & Companionship,4,4.33
2026-08-29,Kochi,srv-elec-01,Electrical Repair & Wiring,8,7.45
2026-08-29,Kochi,srv-garden-01,Gardening & Balcony Greenery,8,7.3
2026-08-29,Kochi,srv-move-01,Moving & Heavy Lifting Assistance,8,7.25
2026-08-29,Kochi,srv-paint-01,Wall Painting & Waterproofing,3,3.22
2026-08-29,Kochi,srv-pest-01,Organic Pest Control,6,5.9
2026-08-29,Kochi,srv-plumb-01,Plumbing Repair & Leakage Fix,8,7.63
2026-08-29,Kochi,srv-soc-clean-01,Society Common Area Sanitization,3,2.46
2026-08-29,Kochi,srv-soc-event-01,Community Event Sound & Electrical Setup,3,3.41
2026-08-29,Kochi,srv-soc-tank-01,Water Sump & Overhead Tank Cleaning,2,1.94
2026-08-29,Kolkata,srv-ac-01,AC Deep Foam Jet Servicing,11,12.66
2026-08-29,Kolkata,srv-carp-01,Carpentry & Furniture Assembly,9,9.27
2026-08-29,Kolkata,srv-clean-01,Full Home Deep Cleaning,22,20.95
2026-08-29,Kolkata,srv-cook-01,Home Chef & Meal Preparation,10,8.61
2026-08-29,Kolkata,srv-elder-01,Elder Assistance & Companionship,6,6.56
2026-08-29,Kolkata,srv-elec-01,Electrical Repair & Wiring,9,13.19
2026-08-29,Kolkata,srv-garden-01,Gardening & Balcony Greenery,11,10.57
2026-08-29,Kolkata,srv-move-01,Moving & Heavy Lifting Assistance,12,10.4
2026-08-29,Kolkata,srv-paint-01,Wall Painting & Waterproofing,5,4.58
2026-08-29,Kolkata,srv-pest-01,Organic Pest Control,8,8.85
2026-08-29,Kolkata,srv-plumb-01,Plumbing Repair & Leakage Fix,12,10.37
2026-08-29,Kolkata,srv-soc-clean-01,Society Common Area Sanitization,4,3.85
2026-08-29,Kolkata,srv-soc-event-01,Community Event Sound & Electrical Setup,5,4.81
2026-08-29,Kolkata,srv-soc-tank-01,Water Sump & Overhead Tank Cleaning,3,2.48
2026-08-29,Lucknow,srv-ac-01,AC Deep Foam Jet Servicing,9,10.97
2026-08-29,Lucknow,srv-carp-01,Carpentry & Furniture Assembly,7,7.38
2026-08-29,Lucknow,srv-clean-01,Full Home Deep Cleaning,16,15.91
2026-08-29,Lucknow,srv-cook-01,Home Chef & Meal Preparation,7,7.16
2026-08-29,Lucknow,srv-elder-01,Elder Assistance & Companionship,4,5.41
2026-08-29,Lucknow,srv-elec-01,Electrical Repair & Wiring,7,8.85
2026-08-29,Lucknow,srv-garden-01,Gardening & Balcony Greenery,9,7.7
2026-08-29,Lucknow,srv-move-01,Moving & Heavy Lifting Assistance,8,8.83
2026-08-29,Lucknow,srv-paint-01,Wall Painting & Waterproofing,3,3.45
2026-08-29,Lucknow,srv-pest-01,Organic Pest Control,6,7.16
2026-08-29,Lucknow,srv-plumb-01,Plumbing Repair & Leakage Fix,8,8.57
2026-08-29,Lucknow,srv-soc-clean-01,Society Common Area Sanitization,3,2.94
2026-08-29,Lucknow,srv-soc-event-01,Community Event Sound & Electrical Setup,3,3.9
2026-08-29,Lucknow,srv-soc-tank-01,Water Sump & Overhead Tank Cleaning,2,2.53
2026-08-29,Mumbai,srv-ac-01,AC Deep Foam Jet Servicing,17,15.18
2026-08-29,Mumbai,srv-carp-01,Carpentry & Furniture Assembly,11,10.54
2026-08-29,Mumbai,srv-clean-01,Full Home Deep Cleaning,26,21.72
2026-08-29,Mumbai,srv-cook-01,Home Chef & Meal Preparation,10,10.05
2026-08-29,Mumbai,srv-elder-01,Elder Assistance & Companionship,7,7.52
2026-08-29,Mumbai,srv-elec-01,Electrical Repair & Wiring,12,12.52
2026-08-29,Mumbai,srv-garden-01,Gardening & Balcony Greenery,15,13.17
2026-08-29,Mumbai,srv-move-01,Moving & Heavy Lifting Assistance,15,9.8
2026-08-29,Mumbai,srv-paint-01,Wall Painting & Waterproofing,6,5.79
2026-08-29,Mumbai,srv-pest-01,Organic Pest Control,11,10.98
2026-08-29,Mumbai,srv-plumb-01,Plumbing Repair & Leakage Fix,14,14.23
2026-08-29,Mumbai,srv-soc-clean-01,Society Common Area Sanitization,4,4.73
2026-08-29,Mumbai,srv-soc-event-01,Community Event Sound & Electrical Setup,11,5.6
2026-08-29,Mumbai,srv-soc-tank-01,Water Sump & Overhead Tank Cleaning,3,3.07
2026-08-29,Nagpur,srv-ac-01,AC Deep Foam Jet Servicing,8,9.28
2026-08-29,Nagpur,srv-carp-01,Carpentry & Furniture Assembly,6,6.05
2026-08-29,Nagpur,srv-clean-01,Full Home Deep Cleaning,13,14.22
2026-08-29,Nagpur,srv-cook-01,Home Chef & Meal Preparation,6,6.38
2026-08-29,Nagpur,srv-elder-01,Elder Assistance & Companionship,4,4.28
2026-08-29,Nagpur,srv-elec-01,Electrical Repair & Wiring,7,7.07
2026-08-29,Nagpur,srv-garden-01,Gardening & Balcony Greenery,7,7.44
2026-08-29,Nagpur,srv-move-01,Moving & Heavy Lifting Assistance,7,8.53
2026-08-29,Nagpur,srv-paint-01,Wall Painting & Waterproofing,3,3.21
2026-08-29,Nagpur,srv-pest-01,Organic Pest Control,7,6.5
2026-08-29,Nagpur,srv-plumb-01,Plumbing Repair & Leakage Fix,6,7.47
2026-08-29,Nagpur,srv-soc-clean-01,Society Common Area Sanitization,3,2.74
2026-08-29,Nagpur,srv-soc-event-01,Community Event Sound & Electrical Setup,3,3.56
2026-08-29,Nagpur,srv-soc-tank-01,Water Sump & Overhead Tank Cleaning,2,2.01
2026-08-29,Patna,srv-ac-01,AC Deep Foam Jet Servicing,9,10.3
2026-08-29,Patna,srv-carp-01,Carpentry & Furniture Assembly,6,6.18
2026-08-29,Patna,srv-clean-01,Full Home Deep Cleaning,15,13.52
2026-08-29,Patna,srv-cook-01,Home Chef & Meal Preparation,6,6.28
2026-08-29,Patna,srv-elder-01,Elder Assistance & Companionship,5,4.33
2026-08-29,Patna,srv-elec-01,Electrical Repair & Wiring,8,7.18
2026-08-29,Patna,srv-garden-01,Gardening & Balcony Greenery,7,7.72
2026-08-29,Patna,srv-move-01,Moving & Heavy Lifting Assistance,8,8.5
2026-08-29,Patna,srv-paint-01,Wall Painting & Waterproofing,3,3.2
2026-08-29,Patna,srv-pest-01,Organic Pest Control,6,6.18
2026-08-29,Patna,srv-plumb-01,Plumbing Repair & Leakage Fix,8,7.13
2026-08-29,Patna,srv-soc-clean-01,Society Common Area Sanitization,3,2.34
2026-08-29,Patna,srv-soc-event-01,Community Event Sound & Electrical Setup,3,3.64
2026-08-29,Patna,srv-soc-tank-01,Water Sump & Overhead Tank Cleaning,2,1.91
2026-08-29,Pune,srv-ac-01,AC Deep Foam Jet Servicing,10,11.19
2026-08-29,Pune,srv-carp-01,Carpentry & Furniture Assembly,8,7.85
2026-08-29,Pune,srv-clean-01,Full Home Deep Cleaning,17,16.99
2026-08-29,Pune,srv-cook-01,Home Chef & Meal Preparation,7,7.47
2026-08-29,Pune,srv-elder-01,Elder Assistance & Companionship,6,5.31
2026-08-29,Pune,srv-elec-01,Electrical Repair & Wiring,8,8.82
2026-08-29,Pune,srv-garden-01,Gardening & Balcony Greenery,9,9.5
2026-08-29,Pune,srv-move-01,Moving & Heavy Lifting Assistance,8,9.58
2026-08-29,Pune,srv-paint-01,Wall Painting & Waterproofing,4,3.62
2026-08-29,Pune,srv-pest-01,Organic Pest Control,8,7.06
2026-08-29,Pune,srv-plumb-01,Plumbing Repair & Leakage Fix,8,9.77
2026-08-29,Pune,srv-soc-clean-01,Society Common Area Sanitization,4,3.36
2026-08-29,Pune,srv-soc-event-01,Community Event Sound & Electrical Setup,4,4.53
2026-08-29,Pune,srv-soc-tank-01,Water Sump & Overhead Tank Cleaning,2,2.3
2026-08-29,Surat,srv-ac-01,AC Deep Foam Jet Servicing,10,9.48
2026-08-29,Surat,srv-carp-01,Carpentry & Furniture Assembly,7,6.72
2026-08-29,Surat,srv-clean-01,Full Home Deep Cleaning,13,14.05
2026-08-29,Surat,srv-cook-01,Home Chef & Meal Preparation,6,6.48
2026-08-29,Surat,srv-elder-01,Elder Assistance & Companionship,4,4.31
2026-08-29,Surat,srv-elec-01,Electrical Repair & Wiring,7,7.04
2026-08-29,Surat,srv-garden-01,Gardening & Balcony Greenery,13,7.67
2026-08-29,Surat,srv-move-01,Moving & Heavy Lifting Assistance,7,8.14
2026-08-29,Surat,srv-paint-01,Wall Painting & Waterproofing,3,3.25
2026-08-29,Surat,srv-pest-01,Organic Pest Control,7,7.06
2026-08-29,Surat,srv-plumb-01,Plumbing Repair & Leakage Fix,8,8.97
2026-08-29,Surat,srv-soc-clean-01,Society Common Area Sanitization,2,2.91
2026-08-29,Surat,srv-soc-event-01,Community Event Sound & Electrical Setup,4,3.53
2026-08-29,Surat,srv-soc-tank-01,Water Sump & Overhead Tank Cleaning,2,2.03
2026-08-29,Vadodara,srv-ac-01,AC Deep Foam Jet Servicing,7,8.36
2026-08-29,Vadodara,srv-carp-01,Carpentry & Furniture Assembly,5,5.65
2026-08-29,Vadodara,srv-clean-01,Full Home Deep Cleaning,14,13.81
2026-08-29,Vadodara,srv-cook-01,Home Chef & Meal Preparation,6,5.7
2026-08-29,Vadodara,srv-elder-01,Elder Assistance & Companionship,4,4.26
2026-08-29,Vadodara,srv-elec-01,Electrical Repair & Wiring,6,6.29
2026-08-29,Vadodara,srv-garden-01,Gardening & Balcony Greenery,6,6.61
2026-08-29,Vadodara,srv-move-01,Moving & Heavy Lifting Assistance,7,7.85
2026-08-29,Vadodara,srv-paint-01,Wall Painting & Waterproofing,3,3.09
2026-08-29,Vadodara,srv-pest-01,Organic Pest Control,6,5.83
2026-08-29,Vadodara,srv-plumb-01,Plumbing Repair & Leakage Fix,7,7.03
2026-08-29,Vadodara,srv-soc-clean-01,Society Common Area Sanitization,2,2.77
2026-08-29,Vadodara,srv-soc-event-01,Community Event Sound & Electrical Setup,3,3.36
2026-08-29,Vadodara,srv-soc-tank-01,Water Sump & Overhead Tank Cleaning,2,1.89
2026-08-29,Visakhapatnam,srv-ac-01,AC Deep Foam Jet Servicing,7,8.37
2026-08-29,Visakhapatnam,srv-carp-01,Carpentry & Furniture Assembly,7,6.11
2026-08-29,Visakhapatnam,srv-clean-01,Full Home Deep Cleaning,24,14.51
2026-08-29,Visakhapatnam,srv-cook-01,Home Chef & Meal Preparation,6,6.22
2026-08-29,Visakhapatnam,srv-elder-01,Elder Assistance & Companionship,4,4.5
2026-08-29,Visakhapatnam,srv-elec-01,Electrical Repair & Wiring,6,6.71
2026-08-29,Visakhapatnam,srv-garden-01,Gardening & Balcony Greenery,6,7.34
2026-08-29,Visakhapatnam,srv-move-01,Moving & Heavy Lifting Assistance,6,7.17
2026-08-29,Visakhapatnam,srv-paint-01,Wall Painting & Waterproofing,3,3.33
2026-08-29,Visakhapatnam,srv-pest-01,Organic Pest Control,6,5.45
2026-08-29,Visakhapatnam,srv-plumb-01,Plumbing Repair & Leakage Fix,7,7.22
2026-08-29,Visakhapatnam,srv-soc-clean-01,Society Common Area Sanitization,3,2.37
2026-08-29,Visakhapatnam,srv-soc-event-01,Community Event Sound & Electrical Setup,3,3.32
2026-08-29,Visakhapatnam,srv-soc-tank-01,Water Sump & Overhead Tank Cleaning,2,1.98
2026-08-30,Ahmedabad,srv-ac-01,AC Deep Foam Jet Servicing,9,10.6
2026-08-30,Ahmedabad,srv-carp-01,Carpentry & Furniture Assembly,6,7.35
2026-08-30,Ahmedabad,srv-clean-01,Full Home Deep Cleaning,18,15.81
2026-08-30,Ahmedabad,srv-cook-01,Home Chef & Meal Preparation,8,7.96
2026-08-30,Ahmedabad,srv-elder-01,Elder Assistance & Companionship,5,5.64
2026-08-30,Ahmedabad,srv-elec-01,Electrical Repair & Wiring,8,8.88
2026-08-30,Ahmedabad,srv-garden-01,Gardening & Balcony Greenery,9,8.94
2026-08-30,Ahmedabad,srv-move-01,Moving & Heavy Lifting Assistance,8,8.32
2026-08-30,Ahmedabad,srv-paint-01,Wall Painting & Waterproofing,3,3.97
2026-08-30,Ahmedabad,srv-pest-01,Organic Pest Control,7,7.51
2026-08-30,Ahmedabad,srv-plumb-01,Plumbing Repair & Leakage Fix,8,9.17
2026-08-30,Ahmedabad,srv-soc-clean-01,Society Common Area Sanitization,2,2.46
2026-08-30,Ahmedabad,srv-soc-event-01,Community Event Sound & Electrical Setup,4,4.84
2026-08-30,Ahmedabad,srv-soc-tank-01,Water Sump & Overhead Tank Cleaning,2,2.99
2026-08-30,Bengaluru,srv-ac-01,AC Deep Foam Jet Servicing,12,14.3
2026-08-30,Bengaluru,srv-carp-01,Carpentry & Furniture Assembly,10,10.53
2026-08-30,Bengaluru,srv-clean-01,Full Home Deep Cleaning,21,22.39
2026-08-30,Bengaluru,srv-cook-01,Home Chef & Meal Preparation,10,9.83
2026-08-30,Bengaluru,srv-elder-01,Elder Assistance & Companionship,7,7.33
2026-08-30,Bengaluru,srv-elec-01,Electrical Repair & Wiring,11,11.72
2026-08-30,Bengaluru,srv-garden-01,Gardening & Balcony Greenery,11,10.51
2026-08-30,Bengaluru,srv-move-01,Moving & Heavy Lifting Assistance,14,9.92
2026-08-30,Bengaluru,srv-paint-01,Wall Painting & Waterproofing,5,5.98
2026-08-30,Bengaluru,srv-pest-01,Organic Pest Control,11,9.77
2026-08-30,Bengaluru,srv-plumb-01,Plumbing Repair & Leakage Fix,22,11.98
2026-08-30,Bengaluru,srv-soc-clean-01,Society Common Area Sanitization,3,3.93
2026-08-30,Bengaluru,srv-soc-event-01,Community Event Sound & Electrical Setup,5,5.63
2026-08-30,Bengaluru,srv-soc-tank-01,Water Sump & Overhead Tank Cleaning,3,3.36
2026-08-30,Bhopal,srv-ac-01,AC Deep Foam Jet Servicing,8,9.18
2026-08-30,Bhopal,srv-carp-01,Carpentry & Furniture Assembly,6,6.02
2026-08-30,Bhopal,srv-clean-01,Full Home Deep Cleaning,15,14.57
2026-08-30,Bhopal,srv-cook-01,Home Chef & Meal Preparation,5,5.96
2026-08-30,Bhopal,srv-elder-01,Elder Assistance & Companionship,4,4.27
2026-08-30,Bhopal,srv-elec-01,Electrical Repair & Wiring,7,6.85
2026-08-30,Bhopal,srv-garden-01,Gardening & Balcony Greenery,7,6.7
2026-08-30,Bhopal,srv-move-01,Moving & Heavy Lifting Assistance,6,6.88
2026-08-30,Bhopal,srv-paint-01,Wall Painting & Waterproofing,3,3.39
2026-08-30,Bhopal,srv-pest-01,Organic Pest Control,6,5.82
2026-08-30,Bhopal,srv-plumb-01,Plumbing Repair & Leakage Fix,7,6.7
2026-08-30,Bhopal,srv-soc-clean-01,Society Common Area Sanitization,2,2.02
2026-08-30,Bhopal,srv-soc-event-01,Community Event Sound & Electrical Setup,3,3.33
2026-08-30,Bhopal,srv-soc-tank-01,Water Sump & Overhead Tank Cleaning,2,1.95
2026-08-30,Chennai,srv-ac-01,AC Deep Foam Jet Servicing,12,11.29
2026-08-30,Chennai,srv-carp-01,Carpentry & Furniture Assembly,9,8.59
2026-08-30,Chennai,srv-clean-01,Full Home Deep Cleaning,20,20.14
2026-08-30,Chennai,srv-cook-01,Home Chef & Meal Preparation,8,7.97
2026-08-30,Chennai,srv-elder-01,Elder Assistance & Companionship,7,6.37
2026-08-30,Chennai,srv-elec-01,Electrical Repair & Wiring,11,9.48
2026-08-30,Chennai,srv-garden-01,Gardening & Balcony Greenery,11,9.26
2026-08-30,Chennai,srv-move-01,Moving & Heavy Lifting Assistance,10,10.28
2026-08-30,Chennai,srv-paint-01,Wall Painting & Waterproofing,5,4.74
2026-08-30,Chennai,srv-pest-01,Organic Pest Control,9,7.85
2026-08-30,Chennai,srv-plumb-01,Plumbing Repair & Leakage Fix,10,10.08
2026-08-30,Chennai,srv-soc-clean-01,Society Common Area Sanitization,2,2.88
2026-08-30,Chennai,srv-soc-event-01,Community Event Sound & Electrical Setup,4,4.92
2026-08-30,Chennai,srv-soc-tank-01,Water Sump & Overhead Tank Cleaning,3,2.24
2026-08-30,Coimbatore,srv-ac-01,AC Deep Foam Jet Servicing,7,8.62
2026-08-30,Coimbatore,srv-carp-01,Carpentry & Furniture Assembly,6,6.0
2026-08-30,Coimbatore,srv-clean-01,Full Home Deep Cleaning,15,14.07
2026-08-30,Coimbatore,srv-cook-01,Home Chef & Meal Preparation,6,6.07
2026-08-30,Coimbatore,srv-elder-01,Elder Assistance & Companionship,5,4.66
2026-08-30,Coimbatore,srv-elec-01,Electrical Repair & Wiring,7,6.9
2026-08-30,Coimbatore,srv-garden-01,Gardening & Balcony Greenery,8,7.79
2026-08-30,Coimbatore,srv-move-01,Moving & Heavy Lifting Assistance,8,6.71
2026-08-30,Coimbatore,srv-paint-01,Wall Painting & Waterproofing,3,3.39
2026-08-30,Coimbatore,srv-pest-01,Organic Pest Control,6,5.92
2026-08-30,Coimbatore,srv-plumb-01,Plumbing Repair & Leakage Fix,8,7.35
2026-08-30,Coimbatore,srv-soc-clean-01,Society Common Area Sanitization,2,2.01
2026-08-30,Coimbatore,srv-soc-event-01,Community Event Sound & Electrical Setup,4,3.3
2026-08-30,Coimbatore,srv-soc-tank-01,Water Sump & Overhead Tank Cleaning,2,1.89
2026-08-30,Delhi NCR,srv-ac-01,AC Deep Foam Jet Servicing,14,15.74
2026-08-30,Delhi NCR,srv-carp-01,Carpentry & Furniture Assembly,12,10.47
2026-08-30,Delhi NCR,srv-clean-01,Full Home Deep Cleaning,24,22.57
2026-08-30,Delhi NCR,srv-cook-01,Home Chef & Meal Preparation,10,11.11
2026-08-30,Delhi NCR,srv-elder-01,Elder Assistance & Companionship,6,7.43
2026-08-30,Delhi NCR,srv-elec-01,Electrical Repair & Wiring,12,12.32
2026-08-30,Delhi NCR,srv-garden-01,Gardening & Balcony Greenery,13,11.23
2026-08-30,Delhi NCR,srv-move-01,Moving & Heavy Lifting Assistance,11,9.23
2026-08-30,Delhi NCR,srv-paint-01,Wall Painting & Waterproofing,5,5.85
2026-08-30,Delhi NCR,srv-pest-01,Organic Pest Control,10,11.09
2026-08-30,Delhi NCR,srv-plumb-01,Plumbing Repair & Leakage Fix,12,11.57
2026-08-30,Delhi NCR,srv-soc-clean-01,Society Common Area Sanitization,4,3.37
2026-08-30,Delhi NCR,srv-soc-event-01,Community Event Sound & Electrical Setup,6,5.81
2026-08-30,Delhi NCR,srv-soc-tank-01,Water Sump & Overhead Tank Cleaning,4,3.19
2026-08-30,Gurugram,srv-ac-01,AC Deep Foam Jet Servicing,12,10.7
2026-08-30,Gurugram,srv-carp-01,Carpentry & Furniture Assembly,6,7.56
2026-08-30,Gurugram,srv-clean-01,Full Home Deep Cleaning,14,15.54
2026-08-30,Gurugram,srv-cook-01,Home Chef & Meal Preparation,7,7.03
2026-08-30,Gurugram,srv-elder-01,Elder Assistance & Companionship,5,5.48
2026-08-30,Gurugram,srv-elec-01,Electrical Repair & Wiring,8,8.5
2026-08-30,Gurugram,srv-garden-01,Gardening & Balcony Greenery,8,8.19
2026-08-30,Gurugram,srv-move-01,Moving & Heavy Lifting Assistance,10,8.72
2026-08-30,Gurugram,srv-paint-01,Wall Painting & Waterproofing,4,3.45
2026-08-30,Gurugram,srv-pest-01,Organic Pest Control,6,7.56
2026-08-30,Gurugram,srv-plumb-01,Plumbing Repair & Leakage Fix,10,9.29
2026-08-30,Gurugram,srv-soc-clean-01,Society Common Area Sanitization,3,2.23
2026-08-30,Gurugram,srv-soc-event-01,Community Event Sound & Electrical Setup,4,4.33
2026-08-30,Gurugram,srv-soc-tank-01,Water Sump & Overhead Tank Cleaning,2,2.13
2026-08-30,Hyderabad,srv-ac-01,AC Deep Foam Jet Servicing,13,12.19
2026-08-30,Hyderabad,srv-carp-01,Carpentry & Furniture Assembly,7,9.05
2026-08-30,Hyderabad,srv-clean-01,Full Home Deep Cleaning,21,18.04
2026-08-30,Hyderabad,srv-cook-01,Home Chef & Meal Preparation,8,8.33
2026-08-30,Hyderabad,srv-elder-01,Elder Assistance & Companionship,11,5.61
2026-08-30,Hyderabad,srv-elec-01,Electrical Repair & Wiring,10,9.51
2026-08-30,Hyderabad,srv-garden-01,Gardening & Balcony Greenery,10,9.53
2026-08-30,Hyderabad,srv-move-01,Moving & Heavy Lifting Assistance,9,10.63
2026-08-30,Hyderabad,srv-paint-01,Wall Painting & Waterproofing,4,4.17
2026-08-30,Hyderabad,srv-pest-01,Organic Pest Control,9,7.96
2026-08-30,Hyderabad,srv-plumb-01,Plumbing Repair & Leakage Fix,11,10.45
2026-08-30,Hyderabad,srv-soc-clean-01,Society Common Area Sanitization,2,3.08
2026-08-30,Hyderabad,srv-soc-event-01,Community Event Sound & Electrical Setup,4,4.36
2026-08-30,Hyderabad,srv-soc-tank-01,Water Sump & Overhead Tank Cleaning,2,2.2
2026-08-30,Indore,srv-ac-01,AC Deep Foam Jet Servicing,10,10.59
2026-08-30,Indore,srv-carp-01,Carpentry & Furniture Assembly,6,6.57
2026-08-30,Indore,srv-clean-01,Full Home Deep Cleaning,14,13.79
2026-08-30,Indore,srv-cook-01,Home Chef & Meal Preparation,7,6.59
2026-08-30,Indore,srv-elder-01,Elder Assistance & Companionship,4,4.6
2026-08-30,Indore,srv-elec-01,Electrical Repair & Wiring,7,7.78
2026-08-30,Indore,srv-garden-01,Gardening & Balcony Greenery,9,7.4
2026-08-30,Indore,srv-move-01,Moving & Heavy Lifting Assistance,7,7.05
2026-08-30,Indore,srv-paint-01,Wall Painting & Waterproofing,3,3.42
2026-08-30,Indore,srv-pest-01,Organic Pest Control,6,6.75
2026-08-30,Indore,srv-plumb-01,Plumbing Repair & Leakage Fix,9,8.06
2026-08-30,Indore,srv-soc-clean-01,Society Common Area Sanitization,2,2.03
2026-08-30,Indore,srv-soc-event-01,Community Event Sound & Electrical Setup,3,3.71
2026-08-30,Indore,srv-soc-tank-01,Water Sump & Overhead Tank Cleaning,2,2.02
2026-08-30,Jaipur,srv-ac-01,AC Deep Foam Jet Servicing,10,10.28
2026-08-30,Jaipur,srv-carp-01,Carpentry & Furniture Assembly,6,6.67
2026-08-30,Jaipur,srv-clean-01,Full Home Deep Cleaning,15,14.77
2026-08-30,Jaipur,srv-cook-01,Home Chef & Meal Preparation,6,6.53
2026-08-30,Jaipur,srv-elder-01,Elder Assistance & Companionship,5,4.74
2026-08-30,Jaipur,srv-elec-01,Electrical Repair & Wiring,8,7.93
2026-08-30,Jaipur,srv-garden-01,Gardening & Balcony Greenery,8,7.99
2026-08-30,Jaipur,srv-move-01,Moving & Heavy Lifting Assistance,9,7.8
2026-08-30,Jaipur,srv-paint-01,Wall Painting & Waterproofing,4,3.48
2026-08-30,Jaipur,srv-pest-01,Organic Pest Control,6,6.93
2026-08-30,Jaipur,srv-plumb-01,Plumbing Repair & Leakage Fix,8,8.58
2026-08-30,Jaipur,srv-soc-clean-01,Society Common Area Sanitization,2,2.24
2026-08-30,Jaipur,srv-soc-event-01,Community Event Sound & Electrical Setup,4,3.37
2026-08-30,Jaipur,srv-soc-tank-01,Water Sump & Overhead Tank Cleaning,2,2.08
2026-08-30,Kochi,srv-ac-01,AC Deep Foam Jet Servicing,8,8.23
2026-08-30,Kochi,srv-carp-01,Carpentry & Furniture Assembly,6,6.16
2026-08-30,Kochi,srv-clean-01,Full Home Deep Cleaning,12,13.82
2026-08-30,Kochi,srv-cook-01,Home Chef & Meal Preparation,7,6.47
2026-08-30,Kochi,srv-elder-01,Elder Assistance & Companionship,4,4.58
2026-08-30,Kochi,srv-elec-01,Electrical Repair & Wiring,7,8.31
2026-08-30,Kochi,srv-garden-01,Gardening & Balcony Greenery,8,7.43
2026-08-30,Kochi,srv-move-01,Moving & Heavy Lifting Assistance,7,7.15
2026-08-30,Kochi,srv-paint-01,Wall Painting & Waterproofing,3,3.14
2026-08-30,Kochi,srv-pest-01,Organic Pest Control,6,6.2
2026-08-30,Kochi,srv-plumb-01,Plumbing Repair & Leakage Fix,7,8.0
2026-08-30,Kochi,srv-soc-clean-01,Society Common Area Sanitization,2,2.03
2026-08-30,Kochi,srv-soc-event-01,Community Event Sound & Electrical Setup,4,3.4
2026-08-30,Kochi,srv-soc-tank-01,Water Sump & Overhead Tank Cleaning,2,2.01
2026-08-30,Kolkata,srv-ac-01,AC Deep Foam Jet Servicing,13,13.03
2026-08-30,Kolkata,srv-carp-01,Carpentry & Furniture Assembly,9,9.23
2026-08-30,Kolkata,srv-clean-01,Full Home Deep Cleaning,17,22.26
2026-08-30,Kolkata,srv-cook-01,Home Chef & Meal Preparation,9,8.99
2026-08-30,Kolkata,srv-elder-01,Elder Assistance & Companionship,5,6.61
2026-08-30,Kolkata,srv-elec-01,Electrical Repair & Wiring,12,10.9
2026-08-30,Kolkata,srv-garden-01,Gardening & Balcony Greenery,9,9.43
2026-08-30,Kolkata,srv-move-01,Moving & Heavy Lifting Assistance,9,10.31
2026-08-30,Kolkata,srv-paint-01,Wall Painting & Waterproofing,4,4.46
2026-08-30,Kolkata,srv-pest-01,Organic Pest Control,8,8.46
2026-08-30,Kolkata,srv-plumb-01,Plumbing Repair & Leakage Fix,10,11.84
2026-08-30,Kolkata,srv-soc-clean-01,Society Common Area Sanitization,3,3.04
2026-08-30,Kolkata,srv-soc-event-01,Community Event Sound & Electrical Setup,5,4.97
2026-08-30,Kolkata,srv-soc-tank-01,Water Sump & Overhead Tank Cleaning,3,2.71
2026-08-30,Lucknow,srv-ac-01,AC Deep Foam Jet Servicing,10,10.62
2026-08-30,Lucknow,srv-carp-01,Carpentry & Furniture Assembly,6,8.07
2026-08-30,Lucknow,srv-clean-01,Full Home Deep Cleaning,18,14.5
2026-08-30,Lucknow,srv-cook-01,Home Chef & Meal Preparation,7,7.12
2026-08-30,Lucknow,srv-elder-01,Elder Assistance & Companionship,5,4.99
2026-08-30,Lucknow,srv-elec-01,Electrical Repair & Wiring,8,8.18
2026-08-30,Lucknow,srv-garden-01,Gardening & Balcony Greenery,9,8.3
2026-08-30,Lucknow,srv-move-01,Moving & Heavy Lifting Assistance,8,7.38
2026-08-30,Lucknow,srv-paint-01,Wall Painting & Waterproofing,3,3.53
2026-08-30,Lucknow,srv-pest-01,Organic Pest Control,6,7.19
2026-08-30,Lucknow,srv-plumb-01,Plumbing Repair & Leakage Fix,9,9.77
2026-08-30,Lucknow,srv-soc-clean-01,Society Common Area Sanitization,2,2.16
2026-08-30,Lucknow,srv-soc-event-01,Community Event Sound & Electrical Setup,4,3.55
2026-08-30,Lucknow,srv-soc-tank-01,Water Sump & Overhead Tank Cleaning,2,2.25
2026-08-30,Mumbai,srv-ac-01,AC Deep Foam Jet Servicing,15,15.58
2026-08-30,Mumbai,srv-carp-01,Carpentry & Furniture Assembly,10,9.87
2026-08-30,Mumbai,srv-clean-01,Full Home Deep Cleaning,26,20.17
2026-08-30,Mumbai,srv-cook-01,Home Chef & Meal Preparation,10,10.28
2026-08-30,Mumbai,srv-elder-01,Elder Assistance & Companionship,8,7.59
2026-08-30,Mumbai,srv-elec-01,Electrical Repair & Wiring,14,12.01
2026-08-30,Mumbai,srv-garden-01,Gardening & Balcony Greenery,13,12.12
2026-08-30,Mumbai,srv-move-01,Moving & Heavy Lifting Assistance,14,9.01
2026-08-30,Mumbai,srv-paint-01,Wall Painting & Waterproofing,5,5.66
2026-08-30,Mumbai,srv-pest-01,Organic Pest Control,12,13.24
2026-08-30,Mumbai,srv-plumb-01,Plumbing Repair & Leakage Fix,11,12.66
2026-08-30,Mumbai,srv-soc-clean-01,Society Common Area Sanitization,4,3.59
2026-08-30,Mumbai,srv-soc-event-01,Community Event Sound & Electrical Setup,6,6.49
2026-08-30,Mumbai,srv-soc-tank-01,Water Sump & Overhead Tank Cleaning,3,3.08
2026-08-30,Nagpur,srv-ac-01,AC Deep Foam Jet Servicing,8,8.93
2026-08-30,Nagpur,srv-carp-01,Carpentry & Furniture Assembly,6,5.94
2026-08-30,Nagpur,srv-clean-01,Full Home Deep Cleaning,15,16.73
2026-08-30,Nagpur,srv-cook-01,Home Chef & Meal Preparation,6,5.99
2026-08-30,Nagpur,srv-elder-01,Elder Assistance & Companionship,4,4.36
2026-08-30,Nagpur,srv-elec-01,Electrical Repair & Wiring,8,6.91
2026-08-30,Nagpur,srv-garden-01,Gardening & Balcony Greenery,7,7.26
2026-08-30,Nagpur,srv-move-01,Moving & Heavy Lifting Assistance,8,7.3
2026-08-30,Nagpur,srv-paint-01,Wall Painting & Waterproofing,4,3.36
2026-08-30,Nagpur,srv-pest-01,Organic Pest Control,5,6.55
2026-08-30,Nagpur,srv-plumb-01,Plumbing Repair & Leakage Fix,7,7.46
2026-08-30,Nagpur,srv-soc-clean-01,Society Common Area Sanitization,2,2.05
2026-08-30,Nagpur,srv-soc-event-01,Community Event Sound & Electrical Setup,3,3.41
2026-08-30,Nagpur,srv-soc-tank-01,Water Sump & Overhead Tank Cleaning,2,2.01
2026-08-30,Patna,srv-ac-01,AC Deep Foam Jet Servicing,8,9.6
2026-08-30,Patna,srv-carp-01,Carpentry & Furniture Assembly,6,5.82
2026-08-30,Patna,srv-clean-01,Full Home Deep Cleaning,15,13.48
2026-08-30,Patna,srv-cook-01,Home Chef & Meal Preparation,5,6.4
2026-08-30,Patna,srv-elder-01,Elder Assistance & Companionship,4,4.6
2026-08-30,Patna,srv-elec-01,Electrical Repair & Wiring,7,7.81
2026-08-30,Patna,srv-garden-01,Gardening & Balcony Greenery,7,7.62
2026-08-30,Patna,srv-move-01,Moving & Heavy Lifting Assistance,7,7.04
2026-08-30,Patna,srv-paint-01,Wall Painting & Waterproofing,3,3.39
2026-08-30,Patna,srv-pest-01,Organic Pest Control,7,6.12
2026-08-30,Patna,srv-plumb-01,Plumbing Repair & Leakage Fix,7,7.31
2026-08-30,Patna,srv-soc-clean-01,Society Common Area Sanitization,2,2.02
2026-08-30,Patna,srv-soc-event-01,Community Event Sound & Electrical Setup,3,3.51
2026-08-30,Patna,srv-soc-tank-01,Water Sump & Overhead Tank Cleaning,2,2.0
2026-08-30,Pune,srv-ac-01,AC Deep Foam Jet Servicing,10,10.94
2026-08-30,Pune,srv-carp-01,Carpentry & Furniture Assembly,7,7.55
2026-08-30,Pune,srv-clean-01,Full Home Deep Cleaning,18,19.94
2026-08-30,Pune,srv-cook-01,Home Chef & Meal Preparation,8,8.01
2026-08-30,Pune,srv-elder-01,Elder Assistance & Companionship,5,5.46
2026-08-30,Pune,srv-elec-01,Electrical Repair & Wiring,8,8.96
2026-08-30,Pune,srv-garden-01,Gardening & Balcony Greenery,9,9.01
2026-08-30,Pune,srv-move-01,Moving & Heavy Lifting Assistance,11,8.25
2026-08-30,Pune,srv-paint-01,Wall Painting & Waterproofing,4,3.63
2026-08-30,Pune,srv-pest-01,Organic Pest Control,9,7.22
2026-08-30,Pune,srv-plumb-01,Plumbing Repair & Leakage Fix,9,9.55
2026-08-30,Pune,srv-soc-clean-01,Society Common Area Sanitization,2,2.98
2026-08-30,Pune,srv-soc-event-01,Community Event Sound & Electrical Setup,5,4.38
2026-08-30,Pune,srv-soc-tank-01,Water Sump & Overhead Tank Cleaning,2,2.16
2026-08-30,Surat,srv-ac-01,AC Deep Foam Jet Servicing,9,9.6
2026-08-30,Surat,srv-carp-01,Carpentry & Furniture Assembly,6,6.72
2026-08-30,Surat,srv-clean-01,Full Home Deep Cleaning,13,13.44
2026-08-30,Surat,srv-cook-01,Home Chef & Meal Preparation,7,6.63
2026-08-30,Surat,srv-elder-01,Elder Assistance & Companionship,5,4.43
2026-08-30,Surat,srv-elec-01,Electrical Repair & Wiring,8,7.19
2026-08-30,Surat,srv-garden-01,Gardening & Balcony Greenery,7,7.73
2026-08-30,Surat,srv-move-01,Moving & Heavy Lifting Assistance,9,7.27
2026-08-30,Surat,srv-paint-01,Wall Painting & Waterproofing,4,3.42
2026-08-30,Surat,srv-pest-01,Organic Pest Control,6,6.62
2026-08-30,Surat,srv-plumb-01,Plumbing Repair & Leakage Fix,8,9.11
2026-08-30,Surat,srv-soc-clean-01,Society Common Area Sanitization,2,2.08
2026-08-30,Surat,srv-soc-event-01,Community Event Sound & Electrical Setup,4,3.5
2026-08-30,Surat,srv-soc-tank-01,Water Sump & Overhead Tank Cleaning,2,2.06
2026-08-30,Vadodara,srv-ac-01,AC Deep Foam Jet Servicing,9,8.76
2026-08-30,Vadodara,srv-carp-01,Carpentry & Furniture Assembly,5,5.56
2026-08-30,Vadodara,srv-clean-01,Full Home Deep Cleaning,14,12.92
2026-08-30,Vadodara,srv-cook-01,Home Chef & Meal Preparation,6,5.87
2026-08-30,Vadodara,srv-elder-01,Elder Assistance & Companionship,5,4.32
2026-08-30,Vadodara,srv-elec-01,Electrical Repair & Wiring,7,6.18
2026-08-30,Vadodara,srv-garden-01,Gardening & Balcony Greenery,8,6.71
2026-08-30,Vadodara,srv-move-01,Moving & Heavy Lifting Assistance,8,7.48
2026-08-30,Vadodara,srv-paint-01,Wall Painting & Waterproofing,3,3.33
2026-08-30,Vadodara,srv-pest-01,Organic Pest Control,6,5.79
2026-08-30,Vadodara,srv-plumb-01,Plumbing Repair & Leakage Fix,6,7.12
2026-08-30,Vadodara,srv-soc-clean-01,Society Common Area Sanitization,2,2.05
2026-08-30,Vadodara,srv-soc-event-01,Community Event Sound & Electrical Setup,3,3.31
2026-08-30,Vadodara,srv-soc-tank-01,Water Sump & Overhead Tank Cleaning,2,2.0
2026-08-30,Visakhapatnam,srv-ac-01,AC Deep Foam Jet Servicing,9,8.12
2026-08-30,Visakhapatnam,srv-carp-01,Carpentry & Furniture Assembly,6,5.96
2026-08-30,Visakhapatnam,srv-clean-01,Full Home Deep Cleaning,14,13.7
2026-08-30,Visakhapatnam,srv-cook-01,Home Chef & Meal Preparation,6,5.9
2026-08-30,Visakhapatnam,srv-elder-01,Elder Assistance & Companionship,4,4.35
2026-08-30,Visakhapatnam,srv-elec-01,Electrical Repair & Wiring,8,6.87
2026-08-30,Visakhapatnam,srv-garden-01,Gardening & Balcony Greenery,8,7.02
2026-08-30,Visakhapatnam,srv-move-01,Moving & Heavy Lifting Assistance,7,6.4
2026-08-30,Visakhapatnam,srv-paint-01,Wall Painting & Waterproofing,3,3.32
2026-08-30,Visakhapatnam,srv-pest-01,Organic Pest Control,5,5.38
2026-08-30,Visakhapatnam,srv-plumb-01,Plumbing Repair & Leakage Fix,7,6.77
2026-08-30,Visakhapatnam,srv-soc-clean-01,Society Common Area Sanitization,2,1.99
2026-08-30,Visakhapatnam,srv-soc-event-01,Community Event Sound & Electrical Setup,3,3.31
2026-08-30,Visakhapatnam,srv-soc-tank-01,Water Sump & Overhead Tank Cleaning,2,1.97
2026-08-31,Ahmedabad,srv-ac-01,AC Deep Foam Jet Servicing,10,9.36
2026-08-31,Ahmedabad,srv-carp-01,Carpentry & Furniture Assembly,6,6.48
2026-08-31,Ahmedabad,srv-clean-01,Full Home Deep Cleaning,8,7.85
2026-08-31,Ahmedabad,srv-cook-01,Home Chef & Meal Preparation,7,7.3
2026-08-31,Ahmedabad,srv-elder-01,Elder Assistance & Companionship,6,5.82
2026-08-31,Ahmedabad,srv-elec-01,Electrical Repair & Wiring,9,9.49
2026-08-31,Ahmedabad,srv-garden-01,Gardening & Balcony Greenery,5,5.71
2026-08-31,Ahmedabad,srv-move-01,Moving & Heavy Lifting Assistance,4,4.46
2026-08-31,Ahmedabad,srv-paint-01,Wall Painting & Waterproofing,5,2.66
2026-08-31,Ahmedabad,srv-pest-01,Organic Pest Control,7,6.28
2026-08-31,Ahmedabad,srv-plumb-01,Plumbing Repair & Leakage Fix,8,8.45
2026-08-31,Ahmedabad,srv-soc-clean-01,Society Common Area Sanitization,2,2.73
2026-08-31,Ahmedabad,srv-soc-event-01,Community Event Sound & Electrical Setup,2,2.09
2026-08-31,Ahmedabad,srv-soc-tank-01,Water Sump & Overhead Tank Cleaning,2,2.13
2026-08-31,Bengaluru,srv-ac-01,AC Deep Foam Jet Servicing,11,14.24
2026-08-31,Bengaluru,srv-carp-01,Carpentry & Furniture Assembly,9,9.07
2026-08-31,Bengaluru,srv-clean-01,Full Home Deep Cleaning,13,14.22
2026-08-31,Bengaluru,srv-cook-01,Home Chef & Meal Preparation,10,10.88
2026-08-31,Bengaluru,srv-elder-01,Elder Assistance & Companionship,7,7.85
2026-08-31,Bengaluru,srv-elec-01,Electrical Repair & Wiring,12,14.16
2026-08-31,Bengaluru,srv-garden-01,Gardening & Balcony Greenery,7,7.89
2026-08-31,Bengaluru,srv-move-01,Moving & Heavy Lifting Assistance,6,5.56
2026-08-31,Bengaluru,srv-paint-01,Wall Painting & Waterproofing,3,4.05
2026-08-31,Bengaluru,srv-pest-01,Organic Pest Control,9,8.62
2026-08-31,Bengaluru,srv-plumb-01,Plumbing Repair & Leakage Fix,9,11.89
2026-08-31,Bengaluru,srv-soc-clean-01,Society Common Area Sanitization,3,3.68
2026-08-31,Bengaluru,srv-soc-event-01,Community Event Sound & Electrical Setup,2,2.23
2026-08-31,Bengaluru,srv-soc-tank-01,Water Sump & Overhead Tank Cleaning,2,2.74
2026-08-31,Bhopal,srv-ac-01,AC Deep Foam Jet Servicing,8,7.87
2026-08-31,Bhopal,srv-carp-01,Carpentry & Furniture Assembly,6,5.72
2026-08-31,Bhopal,srv-clean-01,Full Home Deep Cleaning,6,7.71
2026-08-31,Bhopal,srv-cook-01,Home Chef & Meal Preparation,6,6.81
2026-08-31,Bhopal,srv-elder-01,Elder Assistance & Companionship,4,4.77
2026-08-31,Bhopal,srv-elec-01,Electrical Repair & Wiring,7,7.32
2026-08-31,Bhopal,srv-garden-01,Gardening & Balcony Greenery,5,4.77
2026-08-31,Bhopal,srv-move-01,Moving & Heavy Lifting Assistance,3,3.6
2026-08-31,Bhopal,srv-paint-01,Wall Painting & Waterproofing,2,2.13
2026-08-31,Bhopal,srv-pest-01,Organic Pest Control,5,5.2
2026-08-31,Bhopal,srv-plumb-01,Plumbing Repair & Leakage Fix,7,6.28
2026-08-31,Bhopal,srv-soc-clean-01,Society Common Area Sanitization,2,2.14
2026-08-31,Bhopal,srv-soc-event-01,Community Event Sound & Electrical Setup,1,1.33
2026-08-31,Bhopal,srv-soc-tank-01,Water Sump & Overhead Tank Cleaning,1,1.54
2026-08-31,Chennai,srv-ac-01,AC Deep Foam Jet Servicing,10,10.45
2026-08-31,Chennai,srv-carp-01,Carpentry & Furniture Assembly,8,7.45
2026-08-31,Chennai,srv-clean-01,Full Home Deep Cleaning,9,10.28
2026-08-31,Chennai,srv-cook-01,Home Chef & Meal Preparation,9,8.49
2026-08-31,Chennai,srv-elder-01,Elder Assistance & Companionship,10,6.23
2026-08-31,Chennai,srv-elec-01,Electrical Repair & Wiring,9,9.63
2026-08-31,Chennai,srv-garden-01,Gardening & Balcony Greenery,8,6.01
2026-08-31,Chennai,srv-move-01,Moving & Heavy Lifting Assistance,5,4.9
2026-08-31,Chennai,srv-paint-01,Wall Painting & Waterproofing,3,3.03
2026-08-31,Chennai,srv-pest-01,Organic Pest Control,7,6.87
2026-08-31,Chennai,srv-plumb-01,Plumbing Repair & Leakage Fix,7,8.69
2026-08-31,Chennai,srv-soc-clean-01,Society Common Area Sanitization,2,2.89
2026-08-31,Chennai,srv-soc-event-01,Community Event Sound & Electrical Setup,2,2.07
2026-08-31,Chennai,srv-soc-tank-01,Water Sump & Overhead Tank Cleaning,2,2.08
2026-08-31,Coimbatore,srv-ac-01,AC Deep Foam Jet Servicing,8,8.09
2026-08-31,Coimbatore,srv-carp-01,Carpentry & Furniture Assembly,5,5.48
2026-08-31,Coimbatore,srv-clean-01,Full Home Deep Cleaning,7,7.37
2026-08-31,Coimbatore,srv-cook-01,Home Chef & Meal Preparation,5,6.09
2026-08-31,Coimbatore,srv-elder-01,Elder Assistance & Companionship,5,4.69
2026-08-31,Coimbatore,srv-elec-01,Electrical Repair & Wiring,8,7.64
2026-08-31,Coimbatore,srv-garden-01,Gardening & Balcony Greenery,5,5.04
2026-08-31,Coimbatore,srv-move-01,Moving & Heavy Lifting Assistance,3,3.51
2026-08-31,Coimbatore,srv-paint-01,Wall Painting & Waterproofing,2,2.06
2026-08-31,Coimbatore,srv-pest-01,Organic Pest Control,6,5.16
2026-08-31,Coimbatore,srv-plumb-01,Plumbing Repair & Leakage Fix,5,6.72
2026-08-31,Coimbatore,srv-soc-clean-01,Society Common Area Sanitization,2,2.02
2026-08-31,Coimbatore,srv-soc-event-01,Community Event Sound & Electrical Setup,2,1.43
2026-08-31,Coimbatore,srv-soc-tank-01,Water Sump & Overhead Tank Cleaning,2,1.5
2026-08-31,Delhi NCR,srv-ac-01,AC Deep Foam Jet Servicing,12,14.12
2026-08-31,Delhi NCR,srv-carp-01,Carpentry & Furniture Assembly,8,8.93
2026-08-31,Delhi NCR,srv-clean-01,Full Home Deep Cleaning,12,11.51
2026-08-31,Delhi NCR,srv-cook-01,Home Chef & Meal Preparation,10,10.0
2026-08-31,Delhi NCR,srv-elder-01,Elder Assistance & Companionship,8,7.74
2026-08-31,Delhi NCR,srv-elec-01,Electrical Repair & Wiring,12,13.64
2026-08-31,Delhi NCR,srv-garden-01,Gardening & Balcony Greenery,7,7.6
2026-08-31,Delhi NCR,srv-move-01,Moving & Heavy Lifting Assistance,7,5.69
2026-08-31,Delhi NCR,srv-paint-01,Wall Painting & Waterproofing,4,4.07
2026-08-31,Delhi NCR,srv-pest-01,Organic Pest Control,9,8.14
2026-08-31,Delhi NCR,srv-plumb-01,Plumbing Repair & Leakage Fix,10,10.92
2026-08-31,Delhi NCR,srv-soc-clean-01,Society Common Area Sanitization,3,3.72
2026-08-31,Delhi NCR,srv-soc-event-01,Community Event Sound & Electrical Setup,2,2.46
2026-08-31,Delhi NCR,srv-soc-tank-01,Water Sump & Overhead Tank Cleaning,3,2.5
2026-08-31,Gurugram,srv-ac-01,AC Deep Foam Jet Servicing,9,9.48
2026-08-31,Gurugram,srv-carp-01,Carpentry & Furniture Assembly,6,6.5
2026-08-31,Gurugram,srv-clean-01,Full Home Deep Cleaning,7,9.02
2026-08-31,Gurugram,srv-cook-01,Home Chef & Meal Preparation,7,7.01
2026-08-31,Gurugram,srv-elder-01,Elder Assistance & Companionship,5,5.48
2026-08-31,Gurugram,srv-elec-01,Electrical Repair & Wiring,9,9.45
2026-08-31,Gurugram,srv-garden-01,Gardening & Balcony Greenery,6,5.54
2026-08-31,Gurugram,srv-move-01,Moving & Heavy Lifting Assistance,4,4.4
2026-08-31,Gurugram,srv-paint-01,Wall Painting & Waterproofing,3,2.57
2026-08-31,Gurugram,srv-pest-01,Organic Pest Control,7,6.04
2026-08-31,Gurugram,srv-plumb-01,Plumbing Repair & Leakage Fix,8,7.57
2026-08-31,Gurugram,srv-soc-clean-01,Society Common Area Sanitization,2,2.67
2026-08-31,Gurugram,srv-soc-event-01,Community Event Sound & Electrical Setup,2,1.95
2026-08-31,Gurugram,srv-soc-tank-01,Water Sump & Overhead Tank Cleaning,2,2.0
2026-08-31,Hyderabad,srv-ac-01,AC Deep Foam Jet Servicing,11,12.21
2026-08-31,Hyderabad,srv-carp-01,Carpentry & Furniture Assembly,7,7.87
2026-08-31,Hyderabad,srv-clean-01,Full Home Deep Cleaning,10,10.22
2026-08-31,Hyderabad,srv-cook-01,Home Chef & Meal Preparation,8,7.74
2026-08-31,Hyderabad,srv-elder-01,Elder Assistance & Companionship,6,5.82
2026-08-31,Hyderabad,srv-elec-01,Electrical Repair & Wiring,10,10.03
2026-08-31,Hyderabad,srv-garden-01,Gardening & Balcony Greenery,7,6.16
2026-08-31,Hyderabad,srv-move-01,Moving & Heavy Lifting Assistance,5,4.44
2026-08-31,Hyderabad,srv-paint-01,Wall Painting & Waterproofing,3,2.97
2026-08-31,Hyderabad,srv-pest-01,Organic Pest Control,8,6.73
2026-08-31,Hyderabad,srv-plumb-01,Plumbing Repair & Leakage Fix,8,8.47
2026-08-31,Hyderabad,srv-soc-clean-01,Society Common Area Sanitization,3,2.94
2026-08-31,Hyderabad,srv-soc-event-01,Community Event Sound & Electrical Setup,2,2.02
2026-08-31,Hyderabad,srv-soc-tank-01,Water Sump & Overhead Tank Cleaning,2,2.07
2026-08-31,Indore,srv-ac-01,AC Deep Foam Jet Servicing,8,8.91
2026-08-31,Indore,srv-carp-01,Carpentry & Furniture Assembly,6,5.71
2026-08-31,Indore,srv-clean-01,Full Home Deep Cleaning,8,7.17
2026-08-31,Indore,srv-cook-01,Home Chef & Meal Preparation,7,6.61
2026-08-31,Indore,srv-elder-01,Elder Assistance & Companionship,4,4.77
2026-08-31,Indore,srv-elec-01,Electrical Repair & Wiring,8,8.61
2026-08-31,Indore,srv-garden-01,Gardening & Balcony Greenery,4,4.64
2026-08-31,Indore,srv-move-01,Moving & Heavy Lifting Assistance,3,3.84
2026-08-31,Indore,srv-paint-01,Wall Painting & Waterproofing,2,2.25
2026-08-31,Indore,srv-pest-01,Organic Pest Control,5,5.6
2026-08-31,Indore,srv-plumb-01,Plumbing Repair & Leakage Fix,6,7.06
2026-08-31,Indore,srv-soc-clean-01,Society Common Area Sanitization,2,2.09
2026-08-31,Indore,srv-soc-event-01,Community Event Sound & Electrical Setup,1,1.58
2026-08-31,Indore,srv-soc-tank-01,Water Sump & Overhead Tank Cleaning,2,1.82
2026-08-31,Jaipur,srv-ac-01,AC Deep Foam Jet Servicing,9,10.21
2026-08-31,Jaipur,srv-carp-01,Carpentry & Furniture Assembly,5,5.84
2026-08-31,Jaipur,srv-clean-01,Full Home Deep Cleaning,8,8.61
2026-08-31,Jaipur,srv-cook-01,Home Chef & Meal Preparation,7,6.26
2026-08-31,Jaipur,srv-elder-01,Elder Assistance & Companionship,5,4.89
2026-08-31,Jaipur,srv-elec-01,Electrical Repair & Wiring,7,9.13
2026-08-31,Jaipur,srv-garden-01,Gardening & Balcony Greenery,5,4.99
2026-08-31,Jaipur,srv-move-01,Moving & Heavy Lifting Assistance,4,4.24
2026-08-31,Jaipur,srv-paint-01,Wall Painting & Waterproofing,2,2.39
2026-08-31,Jaipur,srv-pest-01,Organic Pest Control,5,5.55
2026-08-31,Jaipur,srv-plumb-01,Plumbing Repair & Leakage Fix,6,7.63
2026-08-31,Jaipur,srv-soc-clean-01,Society Common Area Sanitization,3,2.24
2026-08-31,Jaipur,srv-soc-event-01,Community Event Sound & Electrical Setup,2,1.59
2026-08-31,Jaipur,srv-soc-tank-01,Water Sump & Overhead Tank Cleaning,2,1.98
2026-08-31,Kochi,srv-ac-01,AC Deep Foam Jet Servicing,8,7.9
2026-08-31,Kochi,srv-carp-01,Carpentry & Furniture Assembly,6,5.48
2026-08-31,Kochi,srv-clean-01,Full Home Deep Cleaning,7,7.0
2026-08-31,Kochi,srv-cook-01,Home Chef & Meal Preparation,9,6.47
2026-08-31,Kochi,srv-elder-01,Elder Assistance & Companionship,4,4.69
2026-08-31,Kochi,srv-elec-01,Electrical Repair & Wiring,8,9.0
2026-08-31,Kochi,srv-garden-01,Gardening & Balcony Greenery,5,4.87
2026-08-31,Kochi,srv-move-01,Moving & Heavy Lifting Assistance,4,3.43
2026-08-31,Kochi,srv-paint-01,Wall Painting & Waterproofing,2,2.29
2026-08-31,Kochi,srv-pest-01,Organic Pest Control,5,5.38
2026-08-31,Kochi,srv-plumb-01,Plumbing Repair & Leakage Fix,6,7.31
2026-08-31,Kochi,srv-soc-clean-01,Society Common Area Sanitization,2,2.08
2026-08-31,Kochi,srv-soc-event-01,Community Event Sound & Electrical Setup,1,1.59
2026-08-31,Kochi,srv-soc-tank-01,Water Sump & Overhead Tank Cleaning,1,1.68
2026-08-31,Kolkata,srv-ac-01,AC Deep Foam Jet Servicing,11,11.77
2026-08-31,Kolkata,srv-carp-01,Carpentry & Furniture Assembly,7,8.46
2026-08-31,Kolkata,srv-clean-01,Full Home Deep Cleaning,11,11.23
2026-08-31,Kolkata,srv-cook-01,Home Chef & Meal Preparation,8,9.27
2026-08-31,Kolkata,srv-elder-01,Elder Assistance & Companionship,7,6.46
2026-08-31,Kolkata,srv-elec-01,Electrical Repair & Wiring,11,11.97
2026-08-31,Kolkata,srv-garden-01,Gardening & Balcony Greenery,7,6.17
2026-08-31,Kolkata,srv-move-01,Moving & Heavy Lifting Assistance,5,5.12
2026-08-31,Kolkata,srv-paint-01,Wall Painting & Waterproofing,3,3.46
2026-08-31,Kolkata,srv-pest-01,Organic Pest Control,8,7.86
2026-08-31,Kolkata,srv-plumb-01,Plumbing Repair & Leakage Fix,9,9.02
2026-08-31,Kolkata,srv-soc-clean-01,Society Common Area Sanitization,3,3.09
2026-08-31,Kolkata,srv-soc-event-01,Community Event Sound & Electrical Setup,2,2.02
2026-08-31,Kolkata,srv-soc-tank-01,Water Sump & Overhead Tank Cleaning,2,2.24
2026-08-31,Lucknow,srv-ac-01,AC Deep Foam Jet Servicing,8,9.61
2026-08-31,Lucknow,srv-carp-01,Carpentry & Furniture Assembly,6,6.6
2026-08-31,Lucknow,srv-clean-01,Full Home Deep Cleaning,8,8.21
2026-08-31,Lucknow,srv-cook-01,Home Chef & Meal Preparation,6,7.18
2026-08-31,Lucknow,srv-elder-01,Elder Assistance & Companionship,4,5.62
2026-08-31,Lucknow,srv-elec-01,Electrical Repair & Wiring,9,10.34
2026-08-31,Lucknow,srv-garden-01,Gardening & Balcony Greenery,5,4.83
2026-08-31,Lucknow,srv-move-01,Moving & Heavy Lifting Assistance,4,4.18
2026-08-31,Lucknow,srv-paint-01,Wall Painting & Waterproofing,2,2.52
2026-08-31,Lucknow,srv-pest-01,Organic Pest Control,6,6.0
2026-08-31,Lucknow,srv-plumb-01,Plumbing Repair & Leakage Fix,8,7.83
2026-08-31,Lucknow,srv-soc-clean-01,Society Common Area Sanitization,3,2.35
2026-08-31,Lucknow,srv-soc-event-01,Community Event Sound & Electrical Setup,2,1.73
2026-08-31,Lucknow,srv-soc-tank-01,Water Sump & Overhead Tank Cleaning,2,2.07
2026-08-31,Mumbai,srv-ac-01,AC Deep Foam Jet Servicing,14,14.34
2026-08-31,Mumbai,srv-carp-01,Carpentry & Furniture Assembly,9,8.93
2026-08-31,Mumbai,srv-clean-01,Full Home Deep Cleaning,12,12.4
2026-08-31,Mumbai,srv-cook-01,Home Chef & Meal Preparation,10,10.14
2026-08-31,Mumbai,srv-elder-01,Elder Assistance & Companionship,7,7.99
2026-08-31,Mumbai,srv-elec-01,Electrical Repair & Wiring,12,13.24
2026-08-31,Mumbai,srv-garden-01,Gardening & Balcony Greenery,7,8.77
2026-08-31,Mumbai,srv-move-01,Moving & Heavy Lifting Assistance,6,7.18
2026-08-31,Mumbai,srv-paint-01,Wall Painting & Waterproofing,4,3.99
2026-08-31,Mumbai,srv-pest-01,Organic Pest Control,9,8.46
2026-08-31,Mumbai,srv-plumb-01,Plumbing Repair & Leakage Fix,10,12.6
2026-08-31,Mumbai,srv-soc-clean-01,Society Common Area Sanitization,5,3.55
2026-08-31,Mumbai,srv-soc-event-01,Community Event Sound & Electrical Setup,2,3.06
2026-08-31,Mumbai,srv-soc-tank-01,Water Sump & Overhead Tank Cleaning,3,2.46
2026-08-31,Nagpur,srv-ac-01,AC Deep Foam Jet Servicing,7,8.38
2026-08-31,Nagpur,srv-carp-01,Carpentry & Furniture Assembly,5,5.25
2026-08-31,Nagpur,srv-clean-01,Full Home Deep Cleaning,6,7.36
2026-08-31,Nagpur,srv-cook-01,Home Chef & Meal Preparation,6,5.97
2026-08-31,Nagpur,srv-elder-01,Elder Assistance & Companionship,5,4.67
2026-08-31,Nagpur,srv-elec-01,Electrical Repair & Wiring,9,7.81
2026-08-31,Nagpur,srv-garden-01,Gardening & Balcony Greenery,5,4.8
2026-08-31,Nagpur,srv-move-01,Moving & Heavy Lifting Assistance,4,3.81
2026-08-31,Nagpur,srv-paint-01,Wall Painting & Waterproofing,2,2.14
2026-08-31,Nagpur,srv-pest-01,Organic Pest Control,5,5.48
2026-08-31,Nagpur,srv-plumb-01,Plumbing Repair & Leakage Fix,6,6.73
2026-08-31,Nagpur,srv-soc-clean-01,Society Common Area Sanitization,2,2.11
2026-08-31,Nagpur,srv-soc-event-01,Community Event Sound & Electrical Setup,2,1.52
2026-08-31,Nagpur,srv-soc-tank-01,Water Sump & Overhead Tank Cleaning,2,1.74
2026-08-31,Patna,srv-ac-01,AC Deep Foam Jet Servicing,8,8.55
2026-08-31,Patna,srv-carp-01,Carpentry & Furniture Assembly,5,5.19
2026-08-31,Patna,srv-clean-01,Full Home Deep Cleaning,7,7.78
2026-08-31,Patna,srv-cook-01,Home Chef & Meal Preparation,5,5.69
2026-08-31,Patna,srv-elder-01,Elder Assistance & Companionship,4,4.72
2026-08-31,Patna,srv-elec-01,Electrical Repair & Wiring,8,8.25
2026-08-31,Patna,srv-garden-01,Gardening & Balcony Greenery,5,4.84
2026-08-31,Patna,srv-move-01,Moving & Heavy Lifting Assistance,3,3.96
2026-08-31,Patna,srv-paint-01,Wall Painting & Waterproofing,2,2.13
2026-08-31,Patna,srv-pest-01,Organic Pest Control,5,5.29
2026-08-31,Patna,srv-plumb-01,Plumbing Repair & Leakage Fix,6,6.47
2026-08-31,Patna,srv-soc-clean-01,Society Common Area Sanitization,2,2.07
2026-08-31,Patna,srv-soc-event-01,Community Event Sound & Electrical Setup,1,1.58
2026-08-31,Patna,srv-soc-tank-01,Water Sump & Overhead Tank Cleaning,2,1.66
2026-08-31,Pune,srv-ac-01,AC Deep Foam Jet Servicing,10,10.39
2026-08-31,Pune,srv-carp-01,Carpentry & Furniture Assembly,6,6.76
2026-08-31,Pune,srv-clean-01,Full Home Deep Cleaning,10,8.9
2026-08-31,Pune,srv-cook-01,Home Chef & Meal Preparation,9,7.59
2026-08-31,Pune,srv-elder-01,Elder Assistance & Companionship,6,5.68
2026-08-31,Pune,srv-elec-01,Electrical Repair & Wiring,9,9.9
2026-08-31,Pune,srv-garden-01,Gardening & Balcony Greenery,5,5.68
2026-08-31,Pune,srv-move-01,Moving & Heavy Lifting Assistance,5,4.72
2026-08-31,Pune,srv-paint-01,Wall Painting & Waterproofing,2,2.57
2026-08-31,Pune,srv-pest-01,Organic Pest Control,6,6.06
2026-08-31,Pune,srv-plumb-01,Plumbing Repair & Leakage Fix,7,8.41
2026-08-31,Pune,srv-soc-clean-01,Society Common Area Sanitization,2,2.55
2026-08-31,Pune,srv-soc-event-01,Community Event Sound & Electrical Setup,2,1.94
2026-08-31,Pune,srv-soc-tank-01,Water Sump & Overhead Tank Cleaning,2,2.02
2026-08-31,Surat,srv-ac-01,AC Deep Foam Jet Servicing,16,8.65
2026-08-31,Surat,srv-carp-01,Carpentry & Furniture Assembly,5,5.68
2026-08-31,Surat,srv-clean-01,Full Home Deep Cleaning,8,7.25
2026-08-31,Surat,srv-cook-01,Home Chef & Meal Preparation,5,6.28
2026-08-31,Surat,srv-elder-01,Elder Assistance & Companionship,5,4.66
2026-08-31,Surat,srv-elec-01,Electrical Repair & Wiring,7,8.19
2026-08-31,Surat,srv-garden-01,Gardening & Balcony Greenery,5,5.11
2026-08-31,Surat,srv-move-01,Moving & Heavy Lifting Assistance,3,3.61
2026-08-31,Surat,srv-paint-01,Wall Painting & Waterproofing,2,2.14
2026-08-31,Surat,srv-pest-01,Organic Pest Control,6,5.52
2026-08-31,Surat,srv-plumb-01,Plumbing Repair & Leakage Fix,8,7.7
2026-08-31,Surat,srv-soc-clean-01,Society Common Area Sanitization,2,2.11
2026-08-31,Surat,srv-soc-event-01,Community Event Sound & Electrical Setup,1,1.56
2026-08-31,Surat,srv-soc-tank-01,Water Sump & Overhead Tank Cleaning,2,1.75
2026-08-31,Vadodara,srv-ac-01,AC Deep Foam Jet Servicing,7,8.56
2026-08-31,Vadodara,srv-carp-01,Carpentry & Furniture Assembly,4,4.78
2026-08-31,Vadodara,srv-clean-01,Full Home Deep Cleaning,11,6.43
2026-08-31,Vadodara,srv-cook-01,Home Chef & Meal Preparation,6,5.68
2026-08-31,Vadodara,srv-elder-01,Elder Assistance & Companionship,5,4.64
2026-08-31,Vadodara,srv-elec-01,Electrical Repair & Wiring,8,7.31
2026-08-31,Vadodara,srv-garden-01,Gardening & Balcony Greenery,5,4.45
2026-08-31,Vadodara,srv-move-01,Moving & Heavy Lifting Assistance,3,3.96
2026-08-31,Vadodara,srv-paint-01,Wall Painting & Waterproofing,2,2.11
2026-08-31,Vadodara,srv-pest-01,Organic Pest Control,6,5.17
2026-08-31,Vadodara,srv-plumb-01,Plumbing Repair & Leakage Fix,5,6.59
2026-08-31,Vadodara,srv-soc-clean-01,Society Common Area Sanitization,2,2.13
2026-08-31,Vadodara,srv-soc-event-01,Community Event Sound & Electrical Setup,1,1.32
2026-08-31,Vadodara,srv-soc-tank-01,Water Sump & Overhead Tank Cleaning,1,1.61
2026-08-31,Visakhapatnam,srv-ac-01,AC Deep Foam Jet Servicing,7,7.65
2026-08-31,Visakhapatnam,srv-carp-01,Carpentry & Furniture Assembly,5,5.13
2026-08-31,Visakhapatnam,srv-clean-01,Full Home Deep Cleaning,7,6.81
2026-08-31,Visakhapatnam,srv-cook-01,Home Chef & Meal Preparation,6,5.78
2026-08-31,Visakhapatnam,srv-elder-01,Elder Assistance & Companionship,4,4.63
2026-08-31,Visakhapatnam,srv-elec-01,Electrical Repair & Wiring,7,8.35
2026-08-31,Visakhapatnam,srv-garden-01,Gardening & Balcony Greenery,5,4.71
2026-08-31,Visakhapatnam,srv-move-01,Moving & Heavy Lifting Assistance,3,3.37
2026-08-31,Visakhapatnam,srv-paint-01,Wall Painting & Waterproofing,2,2.17
2026-08-31,Visakhapatnam,srv-pest-01,Organic Pest Control,5,4.8
2026-08-31,Visakhapatnam,srv-plumb-01,Plumbing Repair & Leakage Fix,6,6.15
2026-08-31,Visakhapatnam,srv-soc-clean-01,Society Common Area Sanitization,2,2.08
2026-08-31,Visakhapatnam,srv-soc-event-01,Community Event Sound & Electrical Setup,1,1.26
2026-08-31,Visakhapatnam,srv-soc-tank-01,Water Sump & Overhead Tank Cleaning,2,1.75
2026-09-01,Ahmedabad,srv-ac-01,AC Deep Foam Jet Servicing,7,8.96
2026-09-01,Ahmedabad,srv-carp-01,Carpentry & Furniture Assembly,7,6.07
2026-09-01,Ahmedabad,srv-clean-01,Full Home Deep Cleaning,10,8.01
2026-09-01,Ahmedabad,srv-cook-01,Home Chef & Meal Preparation,7,7.01
2026-09-01,Ahmedabad,srv-elder-01,Elder Assistance & Companionship,5,5.89
2026-09-01,Ahmedabad,srv-elec-01,Electrical Repair & Wiring,9,11.78
2026-09-01,Ahmedabad,srv-garden-01,Gardening & Balcony Greenery,6,5.41
2026-09-01,Ahmedabad,srv-move-01,Moving & Heavy Lifting Assistance,4,4.23
2026-09-01,Ahmedabad,srv-paint-01,Wall Painting & Waterproofing,4,2.97
2026-09-01,Ahmedabad,srv-pest-01,Organic Pest Control,5,6.28
2026-09-01,Ahmedabad,srv-plumb-01,Plumbing Repair & Leakage Fix,13,7.55
2026-09-01,Ahmedabad,srv-soc-clean-01,Society Common Area Sanitization,2,2.55
2026-09-01,Ahmedabad,srv-soc-event-01,Community Event Sound & Electrical Setup,3,1.93
2026-09-01,Ahmedabad,srv-soc-tank-01,Water Sump & Overhead Tank Cleaning,2,2.33
2026-09-01,Bengaluru,srv-ac-01,AC Deep Foam Jet Servicing,9,11.26
2026-09-01,Bengaluru,srv-carp-01,Carpentry & Furniture Assembly,9,8.48
2026-09-01,Bengaluru,srv-clean-01,Full Home Deep Cleaning,12,10.7
2026-09-01,Bengaluru,srv-cook-01,Home Chef & Meal Preparation,10,9.52
2026-09-01,Bengaluru,srv-elder-01,Elder Assistance & Companionship,8,7.22
2026-09-01,Bengaluru,srv-elec-01,Electrical Repair & Wiring,14,11.8
2026-09-01,Bengaluru,srv-garden-01,Gardening & Balcony Greenery,8,7.78
2026-09-01,Bengaluru,srv-move-01,Moving & Heavy Lifting Assistance,6,5.52
2026-09-01,Bengaluru,srv-paint-01,Wall Painting & Waterproofing,4,3.5
2026-09-01,Bengaluru,srv-pest-01,Organic Pest Control,9,8.87
2026-09-01,Bengaluru,srv-plumb-01,Plumbing Repair & Leakage Fix,10,10.72
2026-09-01,Bengaluru,srv-soc-clean-01,Society Common Area Sanitization,4,3.42
2026-09-01,Bengaluru,srv-soc-event-01,Community Event Sound & Electrical Setup,4,2.19
2026-09-01,Bengaluru,srv-soc-tank-01,Water Sump & Overhead Tank Cleaning,4,2.76
2026-09-01,Bhopal,srv-ac-01,AC Deep Foam Jet Servicing,6,7.77
2026-09-01,Bhopal,srv-carp-01,Carpentry & Furniture Assembly,9,5.23
2026-09-01,Bhopal,srv-clean-01,Full Home Deep Cleaning,7,6.63
2026-09-01,Bhopal,srv-cook-01,Home Chef & Meal Preparation,6,5.29
2026-09-01,Bhopal,srv-elder-01,Elder Assistance & Companionship,5,4.25
2026-09-01,Bhopal,srv-elec-01,Electrical Repair & Wiring,7,7.05
2026-09-01,Bhopal,srv-garden-01,Gardening & Balcony Greenery,8,4.19
2026-09-01,Bhopal,srv-move-01,Moving & Heavy Lifting Assistance,3,3.21
2026-09-01,Bhopal,srv-paint-01,Wall Painting & Waterproofing,3,2.0
2026-09-01,Bhopal,srv-pest-01,Organic Pest Control,4,5.09
2026-09-01,Bhopal,srv-plumb-01,Plumbing Repair & Leakage Fix,6,5.75
2026-09-01,Bhopal,srv-soc-clean-01,Society Common Area Sanitization,2,2.09
2026-09-01,Bhopal,srv-soc-event-01,Community Event Sound & Electrical Setup,2,1.16
2026-09-01,Bhopal,srv-soc-tank-01,Water Sump & Overhead Tank Cleaning,2,1.89
2026-09-01,Chennai,srv-ac-01,AC Deep Foam Jet Servicing,8,9.74
2026-09-01,Chennai,srv-carp-01,Carpentry & Furniture Assembly,7,7.47
2026-09-01,Chennai,srv-clean-01,Full Home Deep Cleaning,10,9.61
2026-09-01,Chennai,srv-cook-01,Home Chef & Meal Preparation,8,7.74
2026-09-01,Chennai,srv-elder-01,Elder Assistance & Companionship,5,5.91
2026-09-01,Chennai,srv-elec-01,Electrical Repair & Wiring,9,11.02
2026-09-01,Chennai,srv-garden-01,Gardening & Balcony Greenery,5,5.8
2026-09-01,Chennai,srv-move-01,Moving & Heavy Lifting Assistance,4,4.87
2026-09-01,Chennai,srv-paint-01,Wall Painting & Waterproofing,4,3.22
2026-09-01,Chennai,srv-pest-01,Organic Pest Control,14,7.45
2026-09-01,Chennai,srv-plumb-01,Plumbing Repair & Leakage Fix,16,8.24
2026-09-01,Chennai,srv-soc-clean-01,Society Common Area Sanitization,3,3.28
2026-09-01,Chennai,srv-soc-event-01,Community Event Sound & Electrical Setup,3,2.1
2026-09-01,Chennai,srv-soc-tank-01,Water Sump & Overhead Tank Cleaning,2,2.72
2026-09-01,Coimbatore,srv-ac-01,AC Deep Foam Jet Servicing,6,7.95
2026-09-01,Coimbatore,srv-carp-01,Carpentry & Furniture Assembly,5,5.25
2026-09-01,Coimbatore,srv-clean-01,Full Home Deep Cleaning,8,6.48
2026-09-01,Coimbatore,srv-cook-01,Home Chef & Meal Preparation,6,5.77
2026-09-01,Coimbatore,srv-elder-01,Elder Assistance & Companionship,4,4.68
2026-09-01,Coimbatore,srv-elec-01,Electrical Repair & Wiring,7,7.48
2026-09-01,Coimbatore,srv-garden-01,Gardening & Balcony Greenery,4,4.6
2026-09-01,Coimbatore,srv-move-01,Moving & Heavy Lifting Assistance,4,3.35
2026-09-01,Coimbatore,srv-paint-01,Wall Painting & Waterproofing,3,1.96
2026-09-01,Coimbatore,srv-pest-01,Organic Pest Control,6,5.24
2026-09-01,Coimbatore,srv-plumb-01,Plumbing Repair & Leakage Fix,5,5.48
2026-09-01,Coimbatore,srv-soc-clean-01,Society Common Area Sanitization,2,2.04
2026-09-01,Coimbatore,srv-soc-event-01,Community Event Sound & Electrical Setup,2,1.54
2026-09-01,Coimbatore,srv-soc-tank-01,Water Sump & Overhead Tank Cleaning,2,2.07
2026-09-01,Delhi NCR,srv-ac-01,AC Deep Foam Jet Servicing,10,13.38
2026-09-01,Delhi NCR,srv-carp-01,Carpentry & Furniture Assembly,9,8.06
2026-09-01,Delhi NCR,srv-clean-01,Full Home Deep Cleaning,11,10.64
2026-09-01,Delhi NCR,srv-cook-01,Home Chef & Meal Preparation,11,10.13
2026-09-01,Delhi NCR,srv-elder-01,Elder Assistance & Companionship,8,9.77
2026-09-01,Delhi NCR,srv-elec-01,Electrical Repair & Wiring,12,12.63
2026-09-01,Delhi NCR,srv-garden-01,Gardening & Balcony Greenery,8,6.75
2026-09-01,Delhi NCR,srv-move-01,Moving & Heavy Lifting Assistance,6,5.67
2026-09-01,Delhi NCR,srv-paint-01,Wall Painting & Waterproofing,5,3.68
2026-09-01,Delhi NCR,srv-pest-01,Organic Pest Control,10,8.76
2026-09-01,Delhi NCR,srv-plumb-01,Plumbing Repair & Leakage Fix,11,10.34
2026-09-01,Delhi NCR,srv-soc-clean-01,Society Common Area Sanitization,3,3.35
2026-09-01,Delhi NCR,srv-soc-event-01,Community Event Sound & Electrical Setup,3,2.02
2026-09-01,Delhi NCR,srv-soc-tank-01,Water Sump & Overhead Tank Cleaning,4,3.11
2026-09-01,Gurugram,srv-ac-01,AC Deep Foam Jet Servicing,7,8.96
2026-09-01,Gurugram,srv-carp-01,Carpentry & Furniture Assembly,6,6.03
2026-09-01,Gurugram,srv-clean-01,Full Home Deep Cleaning,9,7.84
2026-09-01,Gurugram,srv-cook-01,Home Chef & Meal Preparation,8,6.51
2026-09-01,Gurugram,srv-elder-01,Elder Assistance & Companionship,5,5.28
2026-09-01,Gurugram,srv-elec-01,Electrical Repair & Wiring,10,8.82
2026-09-01,Gurugram,srv-garden-01,Gardening & Balcony Greenery,6,5.07
2026-09-01,Gurugram,srv-move-01,Moving & Heavy Lifting Assistance,5,4.3
2026-09-01,Gurugram,srv-paint-01,Wall Painting & Waterproofing,4,2.44
2026-09-01,Gurugram,srv-pest-01,Organic Pest Control,6,5.95
2026-09-01,Gurugram,srv-plumb-01,Plumbing Repair & Leakage Fix,8,8.02
2026-09-01,Gurugram,srv-soc-clean-01,Society Common Area Sanitization,2,2.39
2026-09-01,Gurugram,srv-soc-event-01,Community Event Sound & Electrical Setup,2,1.87
2026-09-01,Gurugram,srv-soc-tank-01,Water Sump & Overhead Tank Cleaning,2,2.28
2026-09-01,Hyderabad,srv-ac-01,AC Deep Foam Jet Servicing,9,12.68
2026-09-01,Hyderabad,srv-carp-01,Carpentry & Furniture Assembly,6,7.37
2026-09-01,Hyderabad,srv-clean-01,Full Home Deep Cleaning,10,9.5
2026-09-01,Hyderabad,srv-cook-01,Home Chef & Meal Preparation,9,7.68
2026-09-01,Hyderabad,srv-elder-01,Elder Assistance & Companionship,6,6.23
2026-09-01,Hyderabad,srv-elec-01,Electrical Repair & Wiring,11,10.6
2026-09-01,Hyderabad,srv-garden-01,Gardening & Balcony Greenery,7,6.06
2026-09-01,Hyderabad,srv-move-01,Moving & Heavy Lifting Assistance,5,5.03
2026-09-01,Hyderabad,srv-paint-01,Wall Painting & Waterproofing,4,2.97
2026-09-01,Hyderabad,srv-pest-01,Organic Pest Control,6,7.56
2026-09-01,Hyderabad,srv-plumb-01,Plumbing Repair & Leakage Fix,9,8.28
2026-09-01,Hyderabad,srv-soc-clean-01,Society Common Area Sanitization,3,3.06
2026-09-01,Hyderabad,srv-soc-event-01,Community Event Sound & Electrical Setup,6,2.34
2026-09-01,Hyderabad,srv-soc-tank-01,Water Sump & Overhead Tank Cleaning,3,2.42
2026-09-01,Indore,srv-ac-01,AC Deep Foam Jet Servicing,7,9.65
2026-09-01,Indore,srv-carp-01,Carpentry & Furniture Assembly,6,5.71
2026-09-01,Indore,srv-clean-01,Full Home Deep Cleaning,7,7.61
2026-09-01,Indore,srv-cook-01,Home Chef & Meal Preparation,6,6.5
2026-09-01,Indore,srv-elder-01,Elder Assistance & Companionship,4,4.57
2026-09-01,Indore,srv-elec-01,Electrical Repair & Wiring,8,10.37
2026-09-01,Indore,srv-garden-01,Gardening & Balcony Greenery,8,4.38
2026-09-01,Indore,srv-move-01,Moving & Heavy Lifting Assistance,3,4.07
2026-09-01,Indore,srv-paint-01,Wall Painting & Waterproofing,3,2.18
2026-09-01,Indore,srv-pest-01,Organic Pest Control,8,5.47
2026-09-01,Indore,srv-plumb-01,Plumbing Repair & Leakage Fix,6,6.79
2026-09-01,Indore,srv-soc-clean-01,Society Common Area Sanitization,2,2.13
2026-09-01,Indore,srv-soc-event-01,Community Event Sound & Electrical Setup,2,1.52
2026-09-01,Indore,srv-soc-tank-01,Water Sump & Overhead Tank Cleaning,2,2.13
2026-09-01,Jaipur,srv-ac-01,AC Deep Foam Jet Servicing,7,8.42
2026-09-01,Jaipur,srv-carp-01,Carpentry & Furniture Assembly,6,5.44
2026-09-01,Jaipur,srv-clean-01,Full Home Deep Cleaning,7,7.41
2026-09-01,Jaipur,srv-cook-01,Home Chef & Meal Preparation,7,6.25
2026-09-01,Jaipur,srv-elder-01,Elder Assistance & Companionship,5,4.78
2026-09-01,Jaipur,srv-elec-01,Electrical Repair & Wiring,10,8.68
2026-09-01,Jaipur,srv-garden-01,Gardening & Balcony Greenery,5,4.79
2026-09-01,Jaipur,srv-move-01,Moving & Heavy Lifting Assistance,3,4.24
2026-09-01,Jaipur,srv-paint-01,Wall Painting & Waterproofing,3,2.37
2026-09-01,Jaipur,srv-pest-01,Organic Pest Control,5,5.5
2026-09-01,Jaipur,srv-plumb-01,Plumbing Repair & Leakage Fix,9,6.97
2026-09-01,Jaipur,srv-soc-clean-01,Society Common Area Sanitization,2,2.39
2026-09-01,Jaipur,srv-soc-event-01,Community Event Sound & Electrical Setup,2,1.56
2026-09-01,Jaipur,srv-soc-tank-01,Water Sump & Overhead Tank Cleaning,2,2.22
2026-09-01,Kochi,srv-ac-01,AC Deep Foam Jet Servicing,6,7.73
2026-09-01,Kochi,srv-carp-01,Carpentry & Furniture Assembly,11,5.34
2026-09-01,Kochi,srv-clean-01,Full Home Deep Cleaning,7,6.44
2026-09-01,Kochi,srv-cook-01,Home Chef & Meal Preparation,5,6.22
2026-09-01,Kochi,srv-elder-01,Elder Assistance & Companionship,5,4.35
2026-09-01,Kochi,srv-elec-01,Electrical Repair & Wiring,9,9.22
2026-09-01,Kochi,srv-garden-01,Gardening & Balcony Greenery,4,4.47
2026-09-01,Kochi,srv-move-01,Moving & Heavy Lifting Assistance,4,4.03
2026-09-01,Kochi,srv-paint-01,Wall Painting & Waterproofing,3,2.16
2026-09-01,Kochi,srv-pest-01,Organic Pest Control,5,5.21
2026-09-01,Kochi,srv-plumb-01,Plumbing Repair & Leakage Fix,6,6.2
2026-09-01,Kochi,srv-soc-clean-01,Society Common Area Sanitization,2,2.09
2026-09-01,Kochi,srv-soc-event-01,Community Event Sound & Electrical Setup,3,1.44
2026-09-01,Kochi,srv-soc-tank-01,Water Sump & Overhead Tank Cleaning,2,2.02
2026-09-01,Kolkata,srv-ac-01,AC Deep Foam Jet Servicing,9,11.54
2026-09-01,Kolkata,srv-carp-01,Carpentry & Furniture Assembly,7,7.39
2026-09-01,Kolkata,srv-clean-01,Full Home Deep Cleaning,10,10.7
2026-09-01,Kolkata,srv-cook-01,Home Chef & Meal Preparation,8,8.53
2026-09-01,Kolkata,srv-elder-01,Elder Assistance & Companionship,7,6.44
2026-09-01,Kolkata,srv-elec-01,Electrical Repair & Wiring,10,12.54
2026-09-01,Kolkata,srv-garden-01,Gardening & Balcony Greenery,6,5.92
2026-09-01,Kolkata,srv-move-01,Moving & Heavy Lifting Assistance,6,5.34
2026-09-01,Kolkata,srv-paint-01,Wall Painting & Waterproofing,4,3.3
2026-09-01,Kolkata,srv-pest-01,Organic Pest Control,7,7.97
2026-09-01,Kolkata,srv-plumb-01,Plumbing Repair & Leakage Fix,10,9.13
2026-09-01,Kolkata,srv-soc-clean-01,Society Common Area Sanitization,3,3.08
2026-09-01,Kolkata,srv-soc-event-01,Community Event Sound & Electrical Setup,3,2.03
2026-09-01,Kolkata,srv-soc-tank-01,Water Sump & Overhead Tank Cleaning,3,2.69
2026-09-01,Lucknow,srv-ac-01,AC Deep Foam Jet Servicing,7,9.37
2026-09-01,Lucknow,srv-carp-01,Carpentry & Furniture Assembly,5,6.3
2026-09-01,Lucknow,srv-clean-01,Full Home Deep Cleaning,9,7.72
2026-09-01,Lucknow,srv-cook-01,Home Chef & Meal Preparation,7,6.82
2026-09-01,Lucknow,srv-elder-01,Elder Assistance & Companionship,5,5.15
2026-09-01,Lucknow,srv-elec-01,Electrical Repair & Wiring,9,9.29
2026-09-01,Lucknow,srv-garden-01,Gardening & Balcony Greenery,6,4.89
2026-09-01,Lucknow,srv-move-01,Moving & Heavy Lifting Assistance,4,4.33
2026-09-01,Lucknow,srv-paint-01,Wall Painting & Waterproofing,3,2.44
2026-09-01,Lucknow,srv-pest-01,Organic Pest Control,6,5.95
2026-09-01,Lucknow,srv-plumb-01,Plumbing Repair & Leakage Fix,7,7.6
2026-09-01,Lucknow,srv-soc-clean-01,Society Common Area Sanitization,2,2.36
2026-09-01,Lucknow,srv-soc-event-01,Community Event Sound & Electrical Setup,2,1.84
2026-09-01,Lucknow,srv-soc-tank-01,Water Sump & Overhead Tank Cleaning,2,2.46
2026-09-01,Mumbai,srv-ac-01,AC Deep Foam Jet Servicing,11,14.46
2026-09-01,Mumbai,srv-carp-01,Carpentry & Furniture Assembly,10,8.42
2026-09-01,Mumbai,srv-clean-01,Full Home Deep Cleaning,11,10.78
2026-09-01,Mumbai,srv-cook-01,Home Chef & Meal Preparation,10,9.29
2026-09-01,Mumbai,srv-elder-01,Elder Assistance & Companionship,8,8.06
2026-09-01,Mumbai,srv-elec-01,Electrical Repair & Wiring,13,14.04
2026-09-01,Mumbai,srv-garden-01,Gardening & Balcony Greenery,7,6.67
2026-09-01,Mumbai,srv-move-01,Moving & Heavy Lifting Assistance,7,6.36
2026-09-01,Mumbai,srv-paint-01,Wall Painting & Waterproofing,4,3.77
2026-09-01,Mumbai,srv-pest-01,Organic Pest Control,8,8.65
2026-09-01,Mumbai,srv-plumb-01,Plumbing Repair & Leakage Fix,12,11.23
2026-09-01,Mumbai,srv-soc-clean-01,Society Common Area Sanitization,4,4.11
2026-09-01,Mumbai,srv-soc-event-01,Community Event Sound & Electrical Setup,3,3.1
2026-09-01,Mumbai,srv-soc-tank-01,Water Sump & Overhead Tank Cleaning,4,3.39
2026-09-01,Nagpur,srv-ac-01,AC Deep Foam Jet Servicing,6,8.49
2026-09-01,Nagpur,srv-carp-01,Carpentry & Furniture Assembly,6,5.16
2026-09-01,Nagpur,srv-clean-01,Full Home Deep Cleaning,7,7.17
2026-09-01,Nagpur,srv-cook-01,Home Chef & Meal Preparation,6,5.53
2026-09-01,Nagpur,srv-elder-01,Elder Assistance & Companionship,5,4.28
2026-09-01,Nagpur,srv-elec-01,Electrical Repair & Wiring,8,8.12
2026-09-01,Nagpur,srv-garden-01,Gardening & Balcony Greenery,5,4.41
2026-09-01,Nagpur,srv-move-01,Moving & Heavy Lifting Assistance,4,3.79
2026-09-01,Nagpur,srv-paint-01,Wall Painting & Waterproofing,3,2.1
2026-09-01,Nagpur,srv-pest-01,Organic Pest Control,5,5.45
2026-09-01,Nagpur,srv-plumb-01,Plumbing Repair & Leakage Fix,6,6.18
2026-09-01,Nagpur,srv-soc-clean-01,Society Common Area Sanitization,2,2.11
2026-09-01,Nagpur,srv-soc-event-01,Community Event Sound & Electrical Setup,2,1.61
2026-09-01,Nagpur,srv-soc-tank-01,Water Sump & Overhead Tank Cleaning,2,2.15
2026-09-01,Patna,srv-ac-01,AC Deep Foam Jet Servicing,8,8.09
2026-09-01,Patna,srv-carp-01,Carpentry & Furniture Assembly,5,5.05
2026-09-01,Patna,srv-clean-01,Full Home Deep Cleaning,6,6.71
2026-09-01,Patna,srv-cook-01,Home Chef & Meal Preparation,6,5.14
2026-09-01,Patna,srv-elder-01,Elder Assistance & Companionship,5,4.5
2026-09-01,Patna,srv-elec-01,Electrical Repair & Wiring,8,7.71
2026-09-01,Patna,srv-garden-01,Gardening & Balcony Greenery,4,4.5
2026-09-01,Patna,srv-move-01,Moving & Heavy Lifting Assistance,3,3.74
2026-09-01,Patna,srv-paint-01,Wall Painting & Waterproofing,3,2.1
2026-09-01,Patna,srv-pest-01,Organic Pest Control,6,5.06
2026-09-01,Patna,srv-plumb-01,Plumbing Repair & Leakage Fix,7,5.85
2026-09-01,Patna,srv-soc-clean-01,Society Common Area Sanitization,2,2.07
2026-09-01,Patna,srv-soc-event-01,Community Event Sound & Electrical Setup,2,1.44
2026-09-01,Patna,srv-soc-tank-01,Water Sump & Overhead Tank Cleaning,2,2.08
2026-09-01,Pune,srv-ac-01,AC Deep Foam Jet Servicing,8,9.61
2026-09-01,Pune,srv-carp-01,Carpentry & Furniture Assembly,7,6.32
2026-09-01,Pune,srv-clean-01,Full Home Deep Cleaning,10,9.2
2026-09-01,Pune,srv-cook-01,Home Chef & Meal Preparation,7,6.96
2026-09-01,Pune,srv-elder-01,Elder Assistance & Companionship,6,5.61
2026-09-01,Pune,srv-elec-01,Electrical Repair & Wiring,10,9.74
2026-09-01,Pune,srv-garden-01,Gardening & Balcony Greenery,5,5.83
2026-09-01,Pune,srv-move-01,Moving & Heavy Lifting Assistance,4,4.51
2026-09-01,Pune,srv-paint-01,Wall Painting & Waterproofing,4,2.42
2026-09-01,Pune,srv-pest-01,Organic Pest Control,6,6.33
2026-09-01,Pune,srv-plumb-01,Plumbing Repair & Leakage Fix,8,7.54
2026-09-01,Pune,srv-soc-clean-01,Society Common Area Sanitization,2,2.63
2026-09-01,Pune,srv-soc-event-01,Community Event Sound & Electrical Setup,3,1.93
2026-09-01,Pune,srv-soc-tank-01,Water Sump & Overhead Tank Cleaning,3,2.39
2026-09-01,Surat,srv-ac-01,AC Deep Foam Jet Servicing,6,7.94
2026-09-01,Surat,srv-carp-01,Carpentry & Furniture Assembly,6,6.27
2026-09-01,Surat,srv-clean-01,Full Home Deep Cleaning,8,6.98
2026-09-01,Surat,srv-cook-01,Home Chef & Meal Preparation,6,6.26
2026-09-01,Surat,srv-elder-01,Elder Assistance & Companionship,4,4.93
2026-09-01,Surat,srv-elec-01,Electrical Repair & Wiring,8,7.88
2026-09-01,Surat,srv-garden-01,Gardening & Balcony Greenery,5,4.87
2026-09-01,Surat,srv-move-01,Moving & Heavy Lifting Assistance,4,3.75
2026-09-01,Surat,srv-paint-01,Wall Painting & Waterproofing,3,2.08
2026-09-01,Surat,srv-pest-01,Organic Pest Control,5,5.68
2026-09-01,Surat,srv-plumb-01,Plumbing Repair & Leakage Fix,6,6.55
2026-09-01,Surat,srv-soc-clean-01,Society Common Area Sanitization,2,2.09
2026-09-01,Surat,srv-soc-event-01,Community Event Sound & Electrical Setup,2,1.54
2026-09-01,Surat,srv-soc-tank-01,Water Sump & Overhead Tank Cleaning,2,2.12
2026-09-01,Vadodara,srv-ac-01,AC Deep Foam Jet Servicing,6,7.67
2026-09-01,Vadodara,srv-carp-01,Carpentry & Furniture Assembly,10,4.91
2026-09-01,Vadodara,srv-clean-01,Full Home Deep Cleaning,8,7.26
2026-09-01,Vadodara,srv-cook-01,Home Chef & Meal Preparation,6,5.87
2026-09-01,Vadodara,srv-elder-01,Elder Assistance & Companionship,5,4.63
2026-09-01,Vadodara,srv-elec-01,Electrical Repair & Wiring,7,7.65
2026-09-01,Vadodara,srv-garden-01,Gardening & Balcony Greenery,4,4.85
2026-09-01,Vadodara,srv-move-01,Moving & Heavy Lifting Assistance,3,3.41
2026-09-01,Vadodara,srv-paint-01,Wall Painting & Waterproofing,4,2.03
2026-09-01,Vadodara,srv-pest-01,Organic Pest Control,4,5.29
2026-09-01,Vadodara,srv-plumb-01,Plumbing Repair & Leakage Fix,6,6.38
2026-09-01,Vadodara,srv-soc-clean-01,Society Common Area Sanitization,2,2.13
2026-09-01,Vadodara,srv-soc-event-01,Community Event Sound & Electrical Setup,2,1.1
2026-09-01,Vadodara,srv-soc-tank-01,Water Sump & Overhead Tank Cleaning,2,1.96
2026-09-01,Visakhapatnam,srv-ac-01,AC Deep Foam Jet Servicing,6,7.54
2026-09-01,Visakhapatnam,srv-carp-01,Carpentry & Furniture Assembly,6,5.3
2026-09-01,Visakhapatnam,srv-clean-01,Full Home Deep Cleaning,6,7.2
2026-09-01,Visakhapatnam,srv-cook-01,Home Chef & Meal Preparation,6,5.52
2026-09-01,Visakhapatnam,srv-elder-01,Elder Assistance & Companionship,5,4.43
2026-09-01,Visakhapatnam,srv-elec-01,Electrical Repair & Wiring,7,8.14
2026-09-01,Visakhapatnam,srv-garden-01,Gardening & Balcony Greenery,9,4.57
2026-09-01,Visakhapatnam,srv-move-01,Moving & Heavy Lifting Assistance,4,3.36
2026-09-01,Visakhapatnam,srv-paint-01,Wall Painting & Waterproofing,3,2.14
2026-09-01,Visakhapatnam,srv-pest-01,Organic Pest Control,5,4.84
2026-09-01,Visakhapatnam,srv-plumb-01,Plumbing Repair & Leakage Fix,6,6.01
2026-09-01,Visakhapatnam,srv-soc-clean-01,Society Common Area Sanitization,2,2.07
2026-09-01,Visakhapatnam,srv-soc-event-01,Community Event Sound & Electrical Setup,2,1.05
2026-09-01,Visakhapatnam,srv-soc-tank-01,Water Sump & Overhead Tank Cleaning,2,2.06
2026-09-02,Ahmedabad,srv-ac-01,AC Deep Foam Jet Servicing,8,9.29
2026-09-02,Ahmedabad,srv-carp-01,Carpentry & Furniture Assembly,7,6.06
2026-09-02,Ahmedabad,srv-clean-01,Full Home Deep Cleaning,8,7.9
2026-09-02,Ahmedabad,srv-cook-01,Home Chef & Meal Preparation,8,7.28
2026-09-02,Ahmedabad,srv-elder-01,Elder Assistance & Companionship,6,5.84
2026-09-02,Ahmedabad,srv-elec-01,Electrical Repair & Wiring,8,12.02
2026-09-02,Ahmedabad,srv-garden-01,Gardening & Balcony Greenery,5,5.53
2026-09-02,Ahmedabad,srv-move-01,Moving & Heavy Lifting Assistance,5,4.15
2026-09-02,Ahmedabad,srv-paint-01,Wall Painting & Waterproofing,3,3.1
2026-09-02,Ahmedabad,srv-pest-01,Organic Pest Control,5,5.99
2026-09-02,Ahmedabad,srv-plumb-01,Plumbing Repair & Leakage Fix,8,7.41
2026-09-02,Ahmedabad,srv-soc-clean-01,Society Common Area Sanitization,2,2.5
2026-09-02,Ahmedabad,srv-soc-event-01,Community Event Sound & Electrical Setup,3,2.17
2026-09-02,Ahmedabad,srv-soc-tank-01,Water Sump & Overhead Tank Cleaning,2,2.33
2026-09-02,Bengaluru,srv-ac-01,AC Deep Foam Jet Servicing,9,11.26
2026-09-02,Bengaluru,srv-carp-01,Carpentry & Furniture Assembly,9,8.35
2026-09-02,Bengaluru,srv-clean-01,Full Home Deep Cleaning,10,10.88
2026-09-02,Bengaluru,srv-cook-01,Home Chef & Meal Preparation,9,9.84
2026-09-02,Bengaluru,srv-elder-01,Elder Assistance & Companionship,8,7.26
2026-09-02,Bengaluru,srv-elec-01,Electrical Repair & Wiring,12,13.51
2026-09-02,Bengaluru,srv-garden-01,Gardening & Balcony Greenery,6,8.59
2026-09-02,Bengaluru,srv-move-01,Moving & Heavy Lifting Assistance,6,6.36
2026-09-02,Bengaluru,srv-paint-01,Wall Painting & Waterproofing,5,3.77
2026-09-02,Bengaluru,srv-pest-01,Organic Pest Control,9,8.51
2026-09-02,Bengaluru,srv-plumb-01,Plumbing Repair & Leakage Fix,11,11.23
2026-09-02,Bengaluru,srv-soc-clean-01,Society Common Area Sanitization,3,3.7
2026-09-02,Bengaluru,srv-soc-event-01,Community Event Sound & Electrical Setup,4,2.57
2026-09-02,Bengaluru,srv-soc-tank-01,Water Sump & Overhead Tank Cleaning,3,2.94
2026-09-02,Bhopal,srv-ac-01,AC Deep Foam Jet Servicing,6,7.58
2026-09-02,Bhopal,srv-carp-01,Carpentry & Furniture Assembly,5,5.1
2026-09-02,Bhopal,srv-clean-01,Full Home Deep Cleaning,8,6.31
2026-09-02,Bhopal,srv-cook-01,Home Chef & Meal Preparation,5,5.33
2026-09-02,Bhopal,srv-elder-01,Elder Assistance & Companionship,5,4.28
2026-09-02,Bhopal,srv-elec-01,Electrical Repair & Wiring,7,6.98
2026-09-02,Bhopal,srv-garden-01,Gardening & Balcony Greenery,4,4.16
2026-09-02,Bhopal,srv-move-01,Moving & Heavy Lifting Assistance,3,3.17
2026-09-02,Bhopal,srv-paint-01,Wall Painting & Waterproofing,3,2.12
2026-09-02,Bhopal,srv-pest-01,Organic Pest Control,6,4.75
2026-09-02,Bhopal,srv-plumb-01,Plumbing Repair & Leakage Fix,5,5.86
2026-09-02,Bhopal,srv-soc-clean-01,Society Common Area Sanitization,2,2.08
2026-09-02,Bhopal,srv-soc-event-01,Community Event Sound & Electrical Setup,2,1.14
2026-09-02,Bhopal,srv-soc-tank-01,Water Sump & Overhead Tank Cleaning,2,2.0
2026-09-02,Chennai,srv-ac-01,AC Deep Foam Jet Servicing,8,9.49
2026-09-02,Chennai,srv-carp-01,Carpentry & Furniture Assembly,8,7.29
2026-09-02,Chennai,srv-clean-01,Full Home Deep Cleaning,10,10.19
2026-09-02,Chennai,srv-cook-01,Home Chef & Meal Preparation,8,8.17
2026-09-02,Chennai,srv-elder-01,Elder Assistance & Companionship,5,6.23
2026-09-02,Chennai,srv-elec-01,Electrical Repair & Wiring,11,10.01
2026-09-02,Chennai,srv-garden-01,Gardening & Balcony Greenery,6,5.57
2026-09-02,Chennai,srv-move-01,Moving & Heavy Lifting Assistance,5,4.54
2026-09-02,Chennai,srv-paint-01,Wall Painting & Waterproofing,4,3.94
2026-09-02,Chennai,srv-pest-01,Organic Pest Control,8,7.65
2026-09-02,Chennai,srv-plumb-01,Plumbing Repair & Leakage Fix,9,8.39
2026-09-02,Chennai,srv-soc-clean-01,Society Common Area Sanitization,3,2.94
2026-09-02,Chennai,srv-soc-event-01,Community Event Sound & Electrical Setup,3,2.16
2026-09-02,Chennai,srv-soc-tank-01,Water Sump & Overhead Tank Cleaning,3,2.6
2026-09-02,Coimbatore,srv-ac-01,AC Deep Foam Jet Servicing,6,8.68
2026-09-02,Coimbatore,srv-carp-01,Carpentry & Furniture Assembly,5,5.43
2026-09-02,Coimbatore,srv-clean-01,Full Home Deep Cleaning,8,7.17
2026-09-02,Coimbatore,srv-cook-01,Home Chef & Meal Preparation,6,5.96
2026-09-02,Coimbatore,srv-elder-01,Elder Assistance & Companionship,4,4.65
2026-09-02,Coimbatore,srv-elec-01,Electrical Repair & Wiring,7,7.37
2026-09-02,Coimbatore,srv-garden-01,Gardening & Balcony Greenery,4,4.68
2026-09-02,Coimbatore,srv-move-01,Moving & Heavy Lifting Assistance,4,3.47
2026-09-02,Coimbatore,srv-paint-01,Wall Painting & Waterproofing,3,2.08
2026-09-02,Coimbatore,srv-pest-01,Organic Pest Control,5,5.25
2026-09-02,Coimbatore,srv-plumb-01,Plumbing Repair & Leakage Fix,7,5.9
2026-09-02,Coimbatore,srv-soc-clean-01,Society Common Area Sanitization,2,2.06
2026-09-02,Coimbatore,srv-soc-event-01,Community Event Sound & Electrical Setup,2,1.58
2026-09-02,Coimbatore,srv-soc-tank-01,Water Sump & Overhead Tank Cleaning,3,2.03
2026-09-02,Delhi NCR,srv-ac-01,AC Deep Foam Jet Servicing,9,13.49
2026-09-02,Delhi NCR,srv-carp-01,Carpentry & Furniture Assembly,9,7.72
2026-09-02,Delhi NCR,srv-clean-01,Full Home Deep Cleaning,12,11.59
2026-09-02,Delhi NCR,srv-cook-01,Home Chef & Meal Preparation,9,8.89
2026-09-02,Delhi NCR,srv-elder-01,Elder Assistance & Companionship,8,7.26
2026-09-02,Delhi NCR,srv-elec-01,Electrical Repair & Wiring,12,12.75
2026-09-02,Delhi NCR,srv-garden-01,Gardening & Balcony Greenery,9,6.97
2026-09-02,Delhi NCR,srv-move-01,Moving & Heavy Lifting Assistance,6,6.03
2026-09-02,Delhi NCR,srv-paint-01,Wall Painting & Waterproofing,5,3.94
2026-09-02,Delhi NCR,srv-pest-01,Organic Pest Control,9,8.42
2026-09-02,Delhi NCR,srv-plumb-01,Plumbing Repair & Leakage Fix,12,10.89
2026-09-02,Delhi NCR,srv-soc-clean-01,Society Common Area Sanitization,3,3.37
2026-09-02,Delhi NCR,srv-soc-event-01,Community Event Sound & Electrical Setup,4,2.21
2026-09-02,Delhi NCR,srv-soc-tank-01,Water Sump & Overhead Tank Cleaning,3,2.91
2026-09-02,Gurugram,srv-ac-01,AC Deep Foam Jet Servicing,7,8.47
2026-09-02,Gurugram,srv-carp-01,Carpentry & Furniture Assembly,5,6.02
2026-09-02,Gurugram,srv-clean-01,Full Home Deep Cleaning,7,7.69
2026-09-02,Gurugram,srv-cook-01,Home Chef & Meal Preparation,6,6.76
2026-09-02,Gurugram,srv-elder-01,Elder Assistance & Companionship,5,5.38
2026-09-02,Gurugram,srv-elec-01,Electrical Repair & Wiring,10,9.22
2026-09-02,Gurugram,srv-garden-01,Gardening & Balcony Greenery,6,5.1
2026-09-02,Gurugram,srv-move-01,Moving & Heavy Lifting Assistance,5,4.38
2026-09-02,Gurugram,srv-paint-01,Wall Painting & Waterproofing,3,2.39
2026-09-02,Gurugram,srv-pest-01,Organic Pest Control,5,6.03
2026-09-02,Gurugram,srv-plumb-01,Plumbing Repair & Leakage Fix,7,7.1
2026-09-02,Gurugram,srv-soc-clean-01,Society Common Area Sanitization,3,2.37
2026-09-02,Gurugram,srv-soc-event-01,Community Event Sound & Electrical Setup,3,1.88
2026-09-02,Gurugram,srv-soc-tank-01,Water Sump & Overhead Tank Cleaning,2,2.26
2026-09-02,Hyderabad,srv-ac-01,AC Deep Foam Jet Servicing,8,11.22
2026-09-02,Hyderabad,srv-carp-01,Carpentry & Furniture Assembly,7,7.08
2026-09-02,Hyderabad,srv-clean-01,Full Home Deep Cleaning,11,9.31
2026-09-02,Hyderabad,srv-cook-01,Home Chef & Meal Preparation,8,8.38
2026-09-02,Hyderabad,srv-elder-01,Elder Assistance & Companionship,6,6.35
2026-09-02,Hyderabad,srv-elec-01,Electrical Repair & Wiring,9,11.23
2026-09-02,Hyderabad,srv-garden-01,Gardening & Balcony Greenery,6,6.15
2026-09-02,Hyderabad,srv-move-01,Moving & Heavy Lifting Assistance,4,4.73
2026-09-02,Hyderabad,srv-paint-01,Wall Painting & Waterproofing,4,3.01
2026-09-02,Hyderabad,srv-pest-01,Organic Pest Control,7,7.85
2026-09-02,Hyderabad,srv-plumb-01,Plumbing Repair & Leakage Fix,9,8.38
2026-09-02,Hyderabad,srv-soc-clean-01,Society Common Area Sanitization,3,3.03
2026-09-02,Hyderabad,srv-soc-event-01,Community Event Sound & Electrical Setup,3,2.37
2026-09-02,Hyderabad,srv-soc-tank-01,Water Sump & Overhead Tank Cleaning,4,2.76
2026-09-02,Indore,srv-ac-01,AC Deep Foam Jet Servicing,7,9.14
2026-09-02,Indore,srv-carp-01,Carpentry & Furniture Assembly,5,5.55
2026-09-02,Indore,srv-clean-01,Full Home Deep Cleaning,7,7.21
2026-09-02,Indore,srv-cook-01,Home Chef & Meal Preparation,6,6.41
2026-09-02,Indore,srv-elder-01,Elder Assistance & Companionship,5,4.53
2026-09-02,Indore,srv-elec-01,Electrical Repair & Wiring,9,9.99
2026-09-02,Indore,srv-garden-01,Gardening & Balcony Greenery,5,4.74
2026-09-02,Indore,srv-move-01,Moving & Heavy Lifting Assistance,3,3.14
2026-09-02,Indore,srv-paint-01,Wall Painting & Waterproofing,3,2.19
2026-09-02,Indore,srv-pest-01,Organic Pest Control,5,5.74
2026-09-02,Indore,srv-plumb-01,Plumbing Repair & Leakage Fix,6,6.92
2026-09-02,Indore,srv-soc-clean-01,Society Common Area Sanitization,2,2.11
2026-09-02,Indore,srv-soc-event-01,Community Event Sound & Electrical Setup,2,1.63
2026-09-02,Indore,srv-soc-tank-01,Water Sump & Overhead Tank Cleaning,3,2.2
2026-09-02,Jaipur,srv-ac-01,AC Deep Foam Jet Servicing,7,7.98
2026-09-02,Jaipur,srv-carp-01,Carpentry & Furniture Assembly,6,5.52
2026-09-02,Jaipur,srv-clean-01,Full Home Deep Cleaning,9,8.15
2026-09-02,Jaipur,srv-cook-01,Home Chef & Meal Preparation,7,6.32
2026-09-02,Jaipur,srv-elder-01,Elder Assistance & Companionship,5,4.89
2026-09-02,Jaipur,srv-elec-01,Electrical Repair & Wiring,8,8.82
2026-09-02,Jaipur,srv-garden-01,Gardening & Balcony Greenery,5,4.92
2026-09-02,Jaipur,srv-move-01,Moving & Heavy Lifting Assistance,4,3.88
2026-09-02,Jaipur,srv-paint-01,Wall Painting & Waterproofing,3,2.39
2026-09-02,Jaipur,srv-pest-01,Organic Pest Control,5,5.49
2026-09-02,Jaipur,srv-plumb-01,Plumbing Repair & Leakage Fix,7,6.94
2026-09-02,Jaipur,srv-soc-clean-01,Society Common Area Sanitization,2,2.34
2026-09-02,Jaipur,srv-soc-event-01,Community Event Sound & Electrical Setup,2,1.65
2026-09-02,Jaipur,srv-soc-tank-01,Water Sump & Overhead Tank Cleaning,2,2.2
2026-09-02,Kochi,srv-ac-01,AC Deep Foam Jet Servicing,7,8.38
2026-09-02,Kochi,srv-carp-01,Carpentry & Furniture Assembly,5,5.39
2026-09-02,Kochi,srv-clean-01,Full Home Deep Cleaning,8,6.65
2026-09-02,Kochi,srv-cook-01,Home Chef & Meal Preparation,6,6.23
2026-09-02,Kochi,srv-elder-01,Elder Assistance & Companionship,4,4.48
2026-09-02,Kochi,srv-elec-01,Electrical Repair & Wiring,8,9.08
2026-09-02,Kochi,srv-garden-01,Gardening & Balcony Greenery,5,4.37
2026-09-02,Kochi,srv-move-01,Moving & Heavy Lifting Assistance,4,3.65
2026-09-02,Kochi,srv-paint-01,Wall Painting & Waterproofing,3,2.35
2026-09-02,Kochi,srv-pest-01,Organic Pest Control,5,5.15
2026-09-02,Kochi,srv-plumb-01,Plumbing Repair & Leakage Fix,6,6.41
2026-09-02,Kochi,srv-soc-clean-01,Society Common Area Sanitization,2,2.07
2026-09-02,Kochi,srv-soc-event-01,Community Event Sound & Electrical Setup,4,1.43
2026-09-02,Kochi,srv-soc-tank-01,Water Sump & Overhead Tank Cleaning,2,2.11
2026-09-02,Kolkata,srv-ac-01,AC Deep Foam Jet Servicing,8,10.95
2026-09-02,Kolkata,srv-carp-01,Carpentry & Furniture Assembly,8,7.27
2026-09-02,Kolkata,srv-clean-01,Full Home Deep Cleaning,10,11.0
2026-09-02,Kolkata,srv-cook-01,Home Chef & Meal Preparation,9,8.66
2026-09-02,Kolkata,srv-elder-01,Elder Assistance & Companionship,7,6.4
2026-09-02,Kolkata,srv-elec-01,Electrical Repair & Wiring,10,11.5
2026-09-02,Kolkata,srv-garden-01,Gardening & Balcony Greenery,8,5.74
2026-09-02,Kolkata,srv-move-01,Moving & Heavy Lifting Assistance,6,5.54
2026-09-02,Kolkata,srv-paint-01,Wall Painting & Waterproofing,4,3.45
2026-09-02,Kolkata,srv-pest-01,Organic Pest Control,8,7.86
2026-09-02,Kolkata,srv-plumb-01,Plumbing Repair & Leakage Fix,10,8.62
2026-09-02,Kolkata,srv-soc-clean-01,Society Common Area Sanitization,3,3.06
2026-09-02,Kolkata,srv-soc-event-01,Community Event Sound & Electrical Setup,3,2.29
2026-09-02,Kolkata,srv-soc-tank-01,Water Sump & Overhead Tank Cleaning,3,2.85
2026-09-02,Lucknow,srv-ac-01,AC Deep Foam Jet Servicing,8,8.31
2026-09-02,Lucknow,srv-carp-01,Carpentry & Furniture Assembly,8,6.04
2026-09-02,Lucknow,srv-clean-01,Full Home Deep Cleaning,9,8.11
2026-09-02,Lucknow,srv-cook-01,Home Chef & Meal Preparation,7,6.76
2026-09-02,Lucknow,srv-elder-01,Elder Assistance & Companionship,4,5.31
2026-09-02,Lucknow,srv-elec-01,Electrical Repair & Wiring,8,9.87
2026-09-02,Lucknow,srv-garden-01,Gardening & Balcony Greenery,4,5.0
2026-09-02,Lucknow,srv-move-01,Moving & Heavy Lifting Assistance,4,4.15
2026-09-02,Lucknow,srv-paint-01,Wall Painting & Waterproofing,3,2.54
2026-09-02,Lucknow,srv-pest-01,Organic Pest Control,7,6.1
2026-09-02,Lucknow,srv-plumb-01,Plumbing Repair & Leakage Fix,7,7.81
2026-09-02,Lucknow,srv-soc-clean-01,Society Common Area Sanitization,3,2.3
2026-09-02,Lucknow,srv-soc-event-01,Community Event Sound & Electrical Setup,3,1.82
2026-09-02,Lucknow,srv-soc-tank-01,Water Sump & Overhead Tank Cleaning,2,2.49
2026-09-02,Mumbai,srv-ac-01,AC Deep Foam Jet Servicing,11,14.03
2026-09-02,Mumbai,srv-carp-01,Carpentry & Furniture Assembly,9,8.22
2026-09-02,Mumbai,srv-clean-01,Full Home Deep Cleaning,12,14.14
2026-09-02,Mumbai,srv-cook-01,Home Chef & Meal Preparation,9,9.65
2026-09-02,Mumbai,srv-elder-01,Elder Assistance & Companionship,7,7.47
2026-09-02,Mumbai,srv-elec-01,Electrical Repair & Wiring,13,16.43
2026-09-02,Mumbai,srv-garden-01,Gardening & Balcony Greenery,8,6.48
2026-09-02,Mumbai,srv-move-01,Moving & Heavy Lifting Assistance,6,6.25
2026-09-02,Mumbai,srv-paint-01,Wall Painting & Waterproofing,5,3.53
2026-09-02,Mumbai,srv-pest-01,Organic Pest Control,8,8.57
2026-09-02,Mumbai,srv-plumb-01,Plumbing Repair & Leakage Fix,12,12.32
2026-09-02,Mumbai,srv-soc-clean-01,Society Common Area Sanitization,4,3.89
2026-09-02,Mumbai,srv-soc-event-01,Community Event Sound & Electrical Setup,5,2.95
2026-09-02,Mumbai,srv-soc-tank-01,Water Sump & Overhead Tank Cleaning,3,3.77
2026-09-02,Nagpur,srv-ac-01,AC Deep Foam Jet Servicing,6,9.7
2026-09-02,Nagpur,srv-carp-01,Carpentry & Furniture Assembly,9,5.3
2026-09-02,Nagpur,srv-clean-01,Full Home Deep Cleaning,8,6.7
2026-09-02,Nagpur,srv-cook-01,Home Chef & Meal Preparation,6,5.95
2026-09-02,Nagpur,srv-elder-01,Elder Assistance & Companionship,5,4.47
2026-09-02,Nagpur,srv-elec-01,Electrical Repair & Wiring,8,8.2
2026-09-02,Nagpur,srv-garden-01,Gardening & Balcony Greenery,5,4.42
2026-09-02,Nagpur,srv-move-01,Moving & Heavy Lifting Assistance,4,3.93
2026-09-02,Nagpur,srv-paint-01,Wall Painting & Waterproofing,5,2.16
2026-09-02,Nagpur,srv-pest-01,Organic Pest Control,6,5.23
2026-09-02,Nagpur,srv-plumb-01,Plumbing Repair & Leakage Fix,8,6.14
2026-09-02,Nagpur,srv-soc-clean-01,Society Common Area Sanitization,2,2.1
2026-09-02,Nagpur,srv-soc-event-01,Community Event Sound & Electrical Setup,2,1.6
2026-09-02,Nagpur,srv-soc-tank-01,Water Sump & Overhead Tank Cleaning,2,2.06
2026-09-02,Patna,srv-ac-01,AC Deep Foam Jet Servicing,7,8.18
2026-09-02,Patna,srv-carp-01,Carpentry & Furniture Assembly,5,5.21
2026-09-02,Patna,srv-clean-01,Full Home Deep Cleaning,7,6.62
2026-09-02,Patna,srv-cook-01,Home Chef & Meal Preparation,6,5.98
2026-09-02,Patna,srv-elder-01,Elder Assistance & Companionship,4,4.53
2026-09-02,Patna,srv-elec-01,Electrical Repair & Wiring,8,7.52
2026-09-02,Patna,srv-garden-01,Gardening & Balcony Greenery,5,4.68
2026-09-02,Patna,srv-move-01,Moving & Heavy Lifting Assistance,4,3.41
2026-09-02,Patna,srv-paint-01,Wall Painting & Waterproofing,3,2.15
2026-09-02,Patna,srv-pest-01,Organic Pest Control,5,5.86
2026-09-02,Patna,srv-plumb-01,Plumbing Repair & Leakage Fix,6,5.95
2026-09-02,Patna,srv-soc-clean-01,Society Common Area Sanitization,2,2.06
2026-09-02,Patna,srv-soc-event-01,Community Event Sound & Electrical Setup,2,1.58
2026-09-02,Patna,srv-soc-tank-01,Water Sump & Overhead Tank Cleaning,2,2.03
2026-09-02,Pune,srv-ac-01,AC Deep Foam Jet Servicing,9,9.74
2026-09-02,Pune,srv-carp-01,Carpentry & Furniture Assembly,6,6.42
2026-09-02,Pune,srv-clean-01,Full Home Deep Cleaning,9,8.39
2026-09-02,Pune,srv-cook-01,Home Chef & Meal Preparation,6,7.22
2026-09-02,Pune,srv-elder-01,Elder Assistance & Companionship,5,6.13
2026-09-02,Pune,srv-elec-01,Electrical Repair & Wiring,11,9.97
2026-09-02,Pune,srv-garden-01,Gardening & Balcony Greenery,6,5.66
2026-09-02,Pune,srv-move-01,Moving & Heavy Lifting Assistance,4,4.44
2026-09-02,Pune,srv-paint-01,Wall Painting & Waterproofing,4,2.63
2026-09-02,Pune,srv-pest-01,Organic Pest Control,6,6.41
2026-09-02,Pune,srv-plumb-01,Plumbing Repair & Leakage Fix,7,7.63
2026-09-02,Pune,srv-soc-clean-01,Society Common Area Sanitization,3,2.6
2026-09-02,Pune,srv-soc-event-01,Community Event Sound & Electrical Setup,2,2.1
2026-09-02,Pune,srv-soc-tank-01,Water Sump & Overhead Tank Cleaning,2,2.51
2026-09-02,Surat,srv-ac-01,AC Deep Foam Jet Servicing,6,7.9
2026-09-02,Surat,srv-carp-01,Carpentry & Furniture Assembly,5,5.64
2026-09-02,Surat,srv-clean-01,Full Home Deep Cleaning,6,7.19
2026-09-02,Surat,srv-cook-01,Home Chef & Meal Preparation,5,6.2
2026-09-02,Surat,srv-elder-01,Elder Assistance & Companionship,4,4.69
2026-09-02,Surat,srv-elec-01,Electrical Repair & Wiring,8,7.84
2026-09-02,Surat,srv-garden-01,Gardening & Balcony Greenery,5,4.9
2026-09-02,Surat,srv-move-01,Moving & Heavy Lifting Assistance,8,3.94
2026-09-02,Surat,srv-paint-01,Wall Painting & Waterproofing,3,2.14
2026-09-02,Surat,srv-pest-01,Organic Pest Control,6,5.64
2026-09-02,Surat,srv-plumb-01,Plumbing Repair & Leakage Fix,6,6.9
2026-09-02,Surat,srv-soc-clean-01,Society Common Area Sanitization,2,2.08
2026-09-02,Surat,srv-soc-event-01,Community Event Sound & Electrical Setup,2,1.57
2026-09-02,Surat,srv-soc-tank-01,Water Sump & Overhead Tank Cleaning,2,2.11
2026-09-02,Vadodara,srv-ac-01,AC Deep Foam Jet Servicing,6,7.82
2026-09-02,Vadodara,srv-carp-01,Carpentry & Furniture Assembly,6,4.62
2026-09-02,Vadodara,srv-clean-01,Full Home Deep Cleaning,7,9.36
2026-09-02,Vadodara,srv-cook-01,Home Chef & Meal Preparation,6,5.63
2026-09-02,Vadodara,srv-elder-01,Elder Assistance & Companionship,5,4.34
2026-09-02,Vadodara,srv-elec-01,Electrical Repair & Wiring,7,7.21
2026-09-02,Vadodara,srv-garden-01,Gardening & Balcony Greenery,4,4.15
2026-09-02,Vadodara,srv-move-01,Moving & Heavy Lifting Assistance,3,3.28
2026-09-02,Vadodara,srv-paint-01,Wall Painting & Waterproofing,3,2.1
2026-09-02,Vadodara,srv-pest-01,Organic Pest Control,5,5.29
2026-09-02,Vadodara,srv-plumb-01,Plumbing Repair & Leakage Fix,5,6.04
2026-09-02,Vadodara,srv-soc-clean-01,Society Common Area Sanitization,2,2.04
2026-09-02,Vadodara,srv-soc-event-01,Community Event Sound & Electrical Setup,2,1.12
2026-09-02,Vadodara,srv-soc-tank-01,Water Sump & Overhead Tank Cleaning,2,1.92
2026-09-02,Visakhapatnam,srv-ac-01,AC Deep Foam Jet Servicing,6,7.62
2026-09-02,Visakhapatnam,srv-carp-01,Carpentry & Furniture Assembly,6,5.24
2026-09-02,Visakhapatnam,srv-clean-01,Full Home Deep Cleaning,6,7.04
2026-09-02,Visakhapatnam,srv-cook-01,Home Chef & Meal Preparation,6,5.56
2026-09-02,Visakhapatnam,srv-elder-01,Elder Assistance & Companionship,5,4.54
2026-09-02,Visakhapatnam,srv-elec-01,Electrical Repair & Wiring,8,7.64
2026-09-02,Visakhapatnam,srv-garden-01,Gardening & Balcony Greenery,7,4.27
2026-09-02,Visakhapatnam,srv-move-01,Moving & Heavy Lifting Assistance,4,3.25
2026-09-02,Visakhapatnam,srv-paint-01,Wall Painting & Waterproofing,2,2.26
2026-09-02,Visakhapatnam,srv-pest-01,Organic Pest Control,5,4.71
2026-09-02,Visakhapatnam,srv-plumb-01,Plumbing Repair & Leakage Fix,6,5.81
2026-09-02,Visakhapatnam,srv-soc-clean-01,Society Common Area Sanitization,2,2.06
2026-09-02,Visakhapatnam,srv-soc-event-01,Community Event Sound & Electrical Setup,2,1.11
2026-09-02,Visakhapatnam,srv-soc-tank-01,Water Sump & Overhead Tank Cleaning,2,2.12
